path,size,sha256
.editorconfig,252,f78cc5a2ef8ba61ad956d0f5db453748a981270f6a1b9f4a5a00df8690e7946d
.env.example,1235,493b20aae1c40b27c7e6b1763e17c27c904228d073b594a655866c509bd71a8f
.htaccess,286,807474a173b6f3c1e4db9fa4677ad5cfa70bb2c2db9ff4515d82b896c846f4f5
app/Console/Commands/WorkCoreSchemaPreflightCommand.php,2381,7c5341953abc6f197f6d976346591338ab3310969b2d529cdc96d406940afd7a
app/Domains/WorkCore/Config/trade_compliance.php,4916,c9b54d53024a32b109f7eb1439e8ad756cac5ff38cd7d22dbca448d27ef00398
app/Domains/WorkCore/Config/vertical_codebooks.php,5279,18bb331ee2bbe50c5563c3974893192129f6aa86a7e7c5149c4587e1428ee928
app/Domains/WorkCore/Config/vertical_operations.php,17475,3e67980e715fc904100328bc7725899992a6e97bf30a57901a670c7c49cf1091
app/Domains/WorkCore/Config/vertical_setup.php,4618,f9283dbae8b86e44cc9f5368ba0cf7304f786775a574597c148d951724a1319d
app/Domains/WorkCore/Config/workcore.php,104657,9d425e37280e3c7a577e83143d0c420f6b6ffb32670f5aea71b3e9d0690fbd73
app/Domains/WorkCore/Config/workcore_ai.php,7103,6e5adf87f8ff621f177a2e905c79e3548f9240163e05891c1236dae78a6c3131
app/Domains/WorkCore/Contracts/CalendarGateway.php,153,69fa843cf394df19b49f2e377552e2ec4d27e2d0ee791180f41d66a82f9dee8a
app/Domains/WorkCore/Contracts/DocumentSigningGateway.php,168,d850ec782ea7b77da50f54f789a48d8e8f6ace8cc930d51e74f77648bcca12df
app/Domains/WorkCore/Contracts/FileStorageGateway.php,194,28f45692ccef3c1c8936e0998b275280729dacc1185fc4b2bafc78bf213bba44
app/Domains/WorkCore/Contracts/GeocodingGateway.php,153,f7ab6ac0922ee0e20a13f0f0c6dea7f5a2518ee79aaaaea13916ea27f5ec3822
app/Domains/WorkCore/Contracts/MalwareScannerGateway.php,158,4f0a6902080327079355a381ba5071ecb1c1174fa898bf08eaab4c5674a1869a
app/Domains/WorkCore/Contracts/MessagingGateway.php,150,64cd961b8d504f0ca72403e60a9d8a1d7e600a4fa405b7dac1667d6c5f7a4431
app/Domains/WorkCore/Contracts/PaymentGateway.php,150,4c1f4da51dee2d90c6e35e220ec067104785c01e0eb42ee4105f5fa3924be854
app/Domains/WorkCore/Contracts/WorkCoreActor.php,333,6b1c0c931dc585d5706166f960f832e1799b1616ac3e8dd8e4f529af62c064af
app/Domains/WorkCore/Database/Migrations/2026_07_23_120001_create_tz_companies_table.php,1223,38762080de965a0ca563788eeb730faaf43eba4f55cda9def36ca2d38b57e1d8
app/Domains/WorkCore/Database/Migrations/2026_07_23_120002_create_tz_company_roles_table.php,832,16882b90ee68dae9176b2ac1828d749e9bb75775682d6ec9a20d8920846b021f
app/Domains/WorkCore/Database/Migrations/2026_07_23_120003_create_tz_company_memberships_table.php,1116,c636061e0db6467b0a52be2e140b3c7005369c551ee4d9d515b6c4019f539da6
app/Domains/WorkCore/Database/Migrations/2026_07_23_120004_create_tz_company_permissions_tables.php,1563,b69afabd9a9a9d7e59a4e8236273c6b5ab8fcdf1b505580e449909bbf652d126
app/Domains/WorkCore/Database/Migrations/2026_07_23_120005_create_tz_crm_tables.php,3575,095fd65439eade087cd48b7141391dd6c458f3ab9e18d8e64d2e6d2d361388fa
app/Domains/WorkCore/Database/Migrations/2026_07_23_120006_create_tz_company_invitations_table.php,1433,e55b1e0929abc134c82b3737672663a7ae4bf5f6e668b0df54fd5ad1c6392a68
app/Domains/WorkCore/Database/Migrations/2026_07_23_120007_create_tz_action_governance_tables.php,3406,095f341fc4a54889942b4acfb792d850086aea7c18ee28215f122074fde1f61b
app/Domains/WorkCore/Database/Migrations/2026_07_23_120008_create_tz_outbox_messages_table.php,1481,efb9a0a1a631446e7c0769ca0f0b14551a12735a4c6edde269b1c8358beb5b59
app/Domains/WorkCore/Database/Migrations/2026_07_23_120009_complete_tz_crm_foundation.php,5591,730626cee397c1e6bb1431a29f9754ffe3cf7ad0da400bd889a13b70f93737d9
app/Domains/WorkCore/Database/Migrations/2026_07_23_120010_create_tz_premises_table.php,1922,4030ef99a05de44a48a67d55edfeb5f0e015e7679f118e7f40cc11614a668cc2
app/Domains/WorkCore/Database/Migrations/2026_07_23_120011_create_tz_service_catalogue_tables.php,3762,2df5344a86e5f7c7d586fbfc4a0f68428b3f4ac3028561b6c1ece08f0b89c23c
app/Domains/WorkCore/Database/Migrations/2026_07_23_120012_create_tz_work_order_tables.php,6834,d90b0d8712ce8f40654e9a52f245a22c0316b6399cfd3889e587232e50013024
app/Domains/WorkCore/Database/Migrations/2026_07_23_120013_create_tz_appointment_tables.php,4166,504ba9a98564c4a33543a6662eabdb03845e51ffa85dceb7bb19555c51e61786
app/Domains/WorkCore/Database/Migrations/2026_07_23_120014_create_tz_dispatch_tables.php,4300,3b593cbe96554bc9f2eda653db5f8117f5d567d507ef6b55651e83ba10eb2061
app/Domains/WorkCore/Database/Migrations/2026_07_23_120015_create_tz_worker_tables.php,4339,fa35695103dcba81e284c8476060c06f096e2121de782e6bd2336934d81eb80d
app/Domains/WorkCore/Database/Migrations/2026_07_23_120016_create_tz_availability_and_roster_tables.php,6911,748798e7682a70e470207750d2845b993f81809fe8efb34b2ba87da8fa6b656f
app/Domains/WorkCore/Database/Migrations/2026_07_23_120017_create_tz_asset_and_equipment_tables.php,9031,94710f1c3017e330112bc06ad4796ddad4b7efaea8fa3adaac8bdc72e73e99a5
app/Domains/WorkCore/Database/Migrations/2026_07_23_120018_create_tz_inventory_and_material_tables.php,9554,db79ed980b7018aa724769d26508956d801a5513eca03d75cd4e4db9f505ba70
app/Domains/WorkCore/Database/Migrations/2026_07_23_120019_create_tz_forms_and_checklists_tables.php,9695,104d63d4152a271c55735620895be159a0b8bd8d312e0eb7130ae1d6bb141ff5
app/Domains/WorkCore/Database/Migrations/2026_07_23_120020_create_tz_attendance_and_leave_tables.php,10918,9292f9a918300bb256330ffca24bc452910ae14c9c24f1ab0f7c43f281b43d7d
app/Domains/WorkCore/Database/Migrations/2026_07_23_120021_create_tz_support_ticket_tables.php,6998,60542de755e9b5999b194be9787f22242e25ca8bc2364ba80da76f1808011afd
app/Domains/WorkCore/Database/Migrations/2026_07_23_120022_create_tz_knowledge_base_tables.php,6432,fd74c7a918c036d4d7901afbe4d3d1eceb0229265d589fc9a591707923056486
app/Domains/WorkCore/Database/Migrations/2026_07_23_120023_create_tz_reviews_and_rebooking_tables.php,5025,8b28f8bf2be6f639e02a5d3ec34b18f916e2088203e6c238fc69548559df8b77
app/Domains/WorkCore/Database/Migrations/2026_07_23_120024_merge_titan_assets_into_workcore.php,33575,2fbab809007a13bcb2dcf3526177dd0164c1e8770917d46300d0d0df2fbbad32
app/Domains/WorkCore/Database/Migrations/2026_07_23_120025_integrate_assets_with_scheduling.php,1342,75e49e777103eacaaa80d0ff60540c531e2091ed9809034f0d48937ff1ee1675
app/Domains/WorkCore/Database/Migrations/2026_07_23_120026_harden_asset_runtime_wiring.php,4509,9cf3e88c3b5519b4ef08769b2d802cb2a7d526c59372dfd6c807bfa87ac331a2
app/Domains/WorkCore/Database/Migrations/2026_07_23_120027_expand_premises_supply_fleet_and_repairs.php,45648,1884247e7c8bbe69842aa67331783c58ce544bfaa23827020ad2a619ce85b072
app/Domains/WorkCore/Database/Migrations/2026_07_23_120028_create_tz_vault_tables.php,7719,af8b41bffdf8a7cb1b53b231d01081c6db5826cb875620619f9a36748024e095
app/Domains/WorkCore/Database/Migrations/2026_07_23_120029_create_tz_vertical_system_tables.php,5997,8dfd652c519b78fdb6a08bdf76bb2143d3751b6c494f6830cd18dd942a64dad3
app/Domains/WorkCore/Database/Migrations/2026_07_23_120030_create_tz_vertical_setup_tables.php,4333,496d1aab8c2503e32d556fef6e686d788f88d1e849657be85642b71d4d940afe
app/Domains/WorkCore/Database/Migrations/2026_07_23_120031_create_tz_vertical_operations_tables.php,6538,9c731d822ea361ad2b7fe203aad3df91d181ff995e9615752966585b3fa1b812
app/Domains/WorkCore/Database/Migrations/2026_07_23_120032_create_tz_trade_field_compliance_tables.php,11524,823c8402bcbb05df840cba95ff4ec47967953a15a0b8e729bd1dfb6bfb25770a
app/Domains/WorkCore/Database/Migrations/2026_07_23_120033_create_tz_compliance_and_safety_tables.php,8006,020c617105b3aeb4f283d46b511242102304c7bc09e2e55e89859f31c94b74d7
app/Domains/WorkCore/Database/Migrations/2026_07_23_120034_merge_titan_feedback_into_workcore.php,32919,158501bb1e8ca9ba52a3fbe02f46e5a34faab7535499f23ee82b3b86c06b0ac4
app/Domains/WorkCore/Database/Migrations/2026_07_23_120035_create_tz_recurring_service_tables.php,8403,658dd571a841a1ee5ff85fc66d8195f01bb44232476119d32f4ea549e02d0117
app/Domains/WorkCore/Database/Migrations/2026_07_23_120036_wire_feedback_across_workcore.php,6062,34006bc6aca0bcd4f5062c5457f3988048a0bb7e0360c65d699e50b196d6807b
app/Domains/WorkCore/Database/Migrations/2026_07_23_120037_create_tz_territory_tables.php,6587,88f82490de0bb7ca57f0812cc2bd94e2b861985bb1cac5bd339a3816e39b5279
app/Domains/WorkCore/Database/Migrations/2026_07_23_120038_create_tz_qr_tables.php,3994,4447ec45ca155a542c91041fd14e20cb73f634b021c189a1e763f2b786adf492
app/Domains/WorkCore/Database/Migrations/2026_07_23_120039_create_tm_financial_settings_table.php,1855,04259b036f75f7f53683c4643c7586327bf58030cfc5ed9b7859839fcf93a95d
app/Domains/WorkCore/Database/Migrations/2026_07_23_120040_create_tm_tax_registrations_table.php,1688,4c1280674df18fd589105e0ec732130e0cb7fc373c9e6535fdfe5008cfa1e335
app/Domains/WorkCore/Database/Migrations/2026_07_23_120041_create_tm_number_sequences_table.php,1561,6920e0a5d1c85db3b5689f8e2b4eaa6cf59138ddf8337f76f5f4007a5f24838d
app/Domains/WorkCore/Database/Migrations/2026_07_23_120042_create_tm_idempotency_keys_table.php,1576,9c61523b6e87a014d41a5a7af6e5dc9410e227d2d11ebd3b9c3fa5de93b05134
app/Domains/WorkCore/Database/Migrations/2026_07_23_120043_create_tm_document_snapshots_table.php,1532,229947b8b37a24351dadc0a2a25f0c7be88d86aed3bf699c0b46a3b1d86cac06
app/Domains/WorkCore/Database/Migrations/2026_07_23_120044_create_tm_commercial_documents_tables.php,14376,bc0c036fe16edab0ce854808fcfced6767861cd98b85d0e022685ff1e818a272
app/Domains/WorkCore/Database/Migrations/2026_07_23_120045_create_tm_payments_expenses_and_payables_tables.php,11474,f5580556d962c52fde4ac9e68e86d10c49a6fc39dfdb12f4928edf93fbf61b9b
app/Domains/WorkCore/Database/Migrations/2026_07_23_120046_create_tm_ledger_tax_and_period_tables.php,5289,47f2cc934baa1be4acd8f4e515f0d636e5af66b7297b2b594722a6e128dab235
app/Domains/WorkCore/Database/Migrations/2026_07_23_120047_create_tm_reconciliation_forecasting_and_export_tables.php,6471,c7a160c86dd93476de22d7f3451195040dd4d8b30b523c35cc2cad5310090aff
app/Domains/WorkCore/Database/Migrations/2026_07_23_120048_create_tm_autonomous_money_management_tables.php,9624,93d9d228d865ccc052b8d8587176bf3df6a299da4a7333f54d15154c1845df30
app/Domains/WorkCore/Database/Migrations/2026_07_23_120049_create_tm_runtime_audit_and_inbox_tables.php,2036,b2729d9998d0f8f1bd5f066a67ca0ecf3c8a460a872152c0896ad6ed590ea144
app/Domains/WorkCore/Database/Migrations/2026_07_23_120050_create_tm_collections_and_payment_runtime_tables.php,4564,c7b7ec831f1ef5b07209c05f32bb8cc01b5aa96547610f70a8a2ae6bb42d6878
app/Domains/WorkCore/Database/Migrations/2026_07_23_120051_create_tm_integration_runtime_tables.php,3681,e80911d70b5d9fc62a53ae5911ec00ad6984953c20550a9926e454a71cc6cfb3
app/Domains/WorkCore/Database/Migrations/2026_07_23_120052_create_tm_missing_money_domains_tables.php,20962,671bdac64fd5ce929ab88274ea8022aaca67b937fe19efe8ef29765db5fac8e0
app/Domains/WorkCore/Database/Migrations/2026_07_23_120053_create_tz_capability_expansion_tables.php,4412,6ea46a2120b24286172942f9de08d08c2cac082046fdafac6f0d9f84c123ee0a
app/Domains/WorkCore/Database/Migrations/2026_07_23_120054_create_tz_sales_pipeline_tables.php,8183,5a60e9228447fc6e08a79885e606efc7e60e2d65c1a2b24b7e33ce4dbc6652eb
app/Domains/WorkCore/Database/Migrations/2026_07_23_120055_create_tz_workforce_team_domains.php,41374,1675fdee13048adee9b3b915b2a46a3ea800c495af30189f493fbb96a3e4ec8f
app/Domains/WorkCore/Database/Migrations/2026_07_23_120056_create_tz_adaptive_feature_tables.php,4337,6aacdd0a604c7a8da0cd42dac2236914a660756c1e9fbfb64cb28e1acba5b62f
app/Domains/WorkCore/Database/Migrations/2026_07_23_120057_create_tz_intelligence_core_tables.php,5641,c7903a13735c2f28d27ddf3a00283f7bf5b7d5847d63031ba6f6e4621729d2d9
app/Domains/WorkCore/Database/Migrations/2026_07_23_120058_create_tz_ai_knowledge_tables.php,3558,d61a6cf715fd8c5071716984cdbf7aab5d2198d8bfb60c1a674a1dcbdf5b341a
app/Domains/WorkCore/Database/Migrations/2026_07_23_120059_create_tz_service_variants_and_faqs_tables.php,2643,a047cb6ffe9c0f37eabd7cd780d015bad92f41ee0916a0504c037326ce361921
app/Domains/WorkCore/Database/Migrations/2026_07_23_120060_create_pm_properties_table.php,2494,0f373ae572867115224a9ad87ef9afd249d39ea97079ce24de660e10b0998457
app/Domains/WorkCore/Database/Migrations/2026_07_23_120061_create_pm_property_units_table.php,1206,da78eaebbcfc575a3d12bd13a8d20bd60eb4220d88804cd54a163ffa0521fbce
app/Domains/WorkCore/Database/Migrations/2026_07_23_120062_create_pm_property_contacts_table.php,1209,3e81577b8ecc263c1ddfe5db686673f55322519a575db5a734c1eeac97cc6280
app/Domains/WorkCore/Database/Migrations/2026_07_23_120063_create_pm_property_jobs_table.php,1372,1263481a8d58543e6ee9f0da1e81c27751524925ac41ac2ed70b78fb3ed16d0d
app/Domains/WorkCore/Database/Migrations/2026_07_23_120064_create_pm_property_keys_table.php,984,a15aec9df9ec49c5ded8b92062b12e613a4ac93d39b41ecab451a3a4c52664d8
app/Domains/WorkCore/Database/Migrations/2026_07_23_120065_create_pm_property_photos_table.php,885,0fdc5f0fb4339f340f30ff3e6125547f19389f6f4f6ebb9dd048a3606ef7317b
app/Domains/WorkCore/Database/Migrations/2026_07_23_120066_create_pm_property_checklists_table.php,1008,b8565fe710552268594dfa11679197546242eee3d911fe12aebad355fd529ce7
app/Domains/WorkCore/Database/Migrations/2026_07_23_120067_create_pm_settings_table.php,709,534833bc9818e55536fa1b1be8612b6fce514a4778694cc3a9ee3a618a42f2b3
app/Domains/WorkCore/Database/Migrations/2026_07_23_120068_create_pm_property_tags_table.php,749,0328b00caa6d82a6266f5606d72685f9cc681430535c140541e11d23d92710ad
app/Domains/WorkCore/Database/Migrations/2026_07_23_120069_create_pm_property_rooms_table.php,832,8ebc7960595cbcd4c48a218d8f853c93330803f8a4b77b7fc160a3f46b4d5268
app/Domains/WorkCore/Database/Migrations/2026_07_23_120070_create_pm_property_hazards_table.php,856,dee7a78890351d20b323f6791542d952188335549b42d9cfe8035a98a2900d05
app/Domains/WorkCore/Database/Migrations/2026_07_23_120071_create_pm_property_service_windows_table.php,941,c0b87eb099e9205b9ecb9d85d7f050f1f691d9efa6741097cea7b09d3f34b2d9
app/Domains/WorkCore/Database/Migrations/2026_07_23_120072_create_pm_property_assets_table.php,940,f2619a874654926b2646ec1c8f18a14f9b68e1055dbbc04a0e8cb9498a0eda4f
app/Domains/WorkCore/Database/Migrations/2026_07_23_120073_create_pm_property_service_plans_table.php,1273,076ba4f67ab3f2c07ca3a31ad33e9f4e2bf81362334f5f4c788f9be413300eec
app/Domains/WorkCore/Database/Migrations/2026_07_23_120074_create_pm_property_visits_table.php,1256,92462158e124b635f59d08ed619b837709e60fdf0682adcc9a349f2e34d6158d
app/Domains/WorkCore/Database/Migrations/2026_07_23_120075_create_pm_property_inspections_table.php,1300,4c72a692935db52ea56fd2605cd2afdcaf1777dff13ab24c4c95c59841b7ce55
app/Domains/WorkCore/Database/Migrations/2026_07_23_120076_create_pm_property_documents_table.php,1165,c4a9ffeda78090953f01533e81322f4354c1fda730c494c7a29dc2ecd0fe25ed
app/Domains/WorkCore/Database/Migrations/2026_07_23_120077_create_pm_property_approvals_table.php,1260,646ca3899b17de518d9ec9ba7a357e7635b7087afd429740cee3aeba674869b2
app/Domains/WorkCore/Database/Migrations/2026_07_23_120078_create_pm_meter_readings_table.php,1503,be26ef775c8e76072e742b0e4b2e9229d4a2bebb243be88e351d3391dea06e4d
app/Domains/WorkCore/Database/Migrations/2026_07_23_120079_add_job_link_to_photos_and_documents.php,1620,44d5a90636a4cec91f15f3d4185e5be7f95fb5a13522b53be9ce1234b7c0ec37
app/Domains/WorkCore/Database/Migrations/2026_07_23_120080_add_cleaning_fields_to_pm_properties.php,4267,6cf7708f6e9d057993a205a5c2b8669baa65735c4221426d4f6f99fe09d5865b
app/Domains/WorkCore/Database/Migrations/2026_07_23_120081_add_uploaded_at_to_pm_property_photos.php,1366,3fd4cb5f63101c1a3a11b1fb439cde90ef8c51e8b09ebb5b3a2056da53ddbe10
app/Domains/WorkCore/Database/Migrations/2026_07_23_120082_add_profile_layer_to_pm_properties.php,1893,f9b3df3bd8902b28cc71f2d59df3d7dd43537d857510c7173a58fbe2c84085f7
app/Domains/WorkCore/Database/Migrations/2026_07_23_120083_create_pm_premise_spaces_table.php,5398,e993737d287ddbaecd3545aefc7a926b133b757d3e810f73d2b8add25011f6d5
app/Domains/WorkCore/Database/Migrations/2026_07_23_120084_create_pm_premise_parties_and_occupancies.php,6691,d9b5f302a3da9ef17c3fd8bcffd6221344e49563e8b4c5ee2fd93c17afcf1017
app/Domains/WorkCore/Database/Migrations/2026_07_23_120085_create_pm_premise_agreements.php,13132,01cefd2c71b6479e80ccf16b14f36cbdc374500ad1fca8d7f7b8b76c0134a4d8
app/Domains/WorkCore/Database/Migrations/2026_07_23_120086_create_pm_access_condition_incident_tables.php,11974,03ca01349b87de674d171390aa661c56286bab4ce1f4179aac2b49a35cf13a08
app/Domains/WorkCore/Database/Migrations/2026_07_23_120087_create_pm_premise_workflows.php,2775,3e00a4fa81ff005c74acabe650e24fd763dd550efd8c2484c8b793460858933b
app/Domains/WorkCore/Database/Migrations/2026_07_23_120088_create_pm_portal_and_vacancy_tables.php,6992,7ec2df5bf2b4a8bf9d8e0f388e5b23e0952122ddaa703c86dfe7f9d905bf78ed
app/Domains/WorkCore/Database/Migrations/2026_07_23_120089_create_pm_applications_communications_requests.php,15585,98a9c2b4fe28f31e72761b9c359d8153348dd5e2f8601c33babd9c6b89f4a966
app/Domains/WorkCore/Database/Migrations/2026_07_23_120090_create_pm_access_card_requests_and_work_permits.php,7992,34841b30fb4fcedcf3a5e3c56a08080e6a7fec8144f915bc3000ca642729ba08
app/Domains/WorkCore/Database/Migrations/2026_07_23_120091_create_pm_portfolios_ownership_management_approvals.php,11786,0330207d2817466bc3504c06b7d95734260363dd0f2c7f60929b40b0816aaf46
app/Domains/WorkCore/Database/Migrations/2026_07_23_120092_premises_deduplication_links.php,4244,fde50a13636b95c433d8e1344bce5bd5dde754db712ed465f8b8771b54d009fc
app/Domains/WorkCore/Database/Migrations/2026_07_23_120093_premises_forms_and_assets_deduplication_links.php,2921,544d1e8f6f0a682676cc74244947c40e0acaf1274b845979b0db44471acef0b2
app/Domains/WorkCore/Database/Migrations/2026_07_23_120094_add_public_ids_to_managed_premises.php,1797,51be439ecc205e25aa683b7bae61d5745070fb2de25211bff797a63163f666f2
app/Domains/WorkCore/Database/Migrations/2026_07_23_120095_create_pm_accommodation_operations_tables.php,18559,713eb3d9782a8a61b6be18f78a4199f1fead87074b4526a6083f477a75d9e03e
app/Domains/WorkCore/Database/Migrations/2026_07_23_120096_create_tz_ndis_operations_tables.php,24705,a6bbd1a05e8c8c058bb1a5025cbd5e16a222d4979237314ac313f8be3ab65c50
app/Domains/WorkCore/Database/Migrations/2026_07_23_120097_create_tz_wizard_runtime_tables.php,3952,6eec04bab4e2adeaccfab3f723665c7da84e11696dbe897b79d05cb947477bc9
app/Domains/WorkCore/Database/Migrations/2026_07_23_120098_create_tz_native_ai_kernel_tables.php,11982,7eb8a364f34da7ba4d84e5d23768c82842fad24e7f0a58c71e92055e79b0b74a
app/Domains/WorkCore/Database/Migrations/2026_07_23_120099_create_tz_ai_orchestration_tables.php,7919,b5266a238322ab7115e1e0281b68e3566bfc8cc525e8f6885f981d6de79b0dee
app/Domains/WorkCore/Database/Migrations/2026_07_23_120100_create_pm_compliance_register_tables.php,8435,6b3436825094bb4587e5488e56e69ec9ff3c44153071149ff4f55e8b7ed75a78
app/Domains/WorkCore/Database/Seeders/WorkCoreDatabaseSeeder.php,450,2922869f612470ba3062e0e57f6c83e510212fb2060feeb02db43c5490ba8159
app/Domains/WorkCore/Manifests/BusinessNetwork.json,4822,8c267ddaf79ac08831dbbe731c9cbeafe4af9b3e907a6b8a75e1b6b056db9bbb
app/Domains/WorkCore/Manifests/Commercial.json,10656,9be92b02ed5a9acc59ae198df0d85c3def9ab056a561866496e3021a07df2ba5
app/Domains/WorkCore/Manifests/PropertyOperations.json,16100,e5f7e03416d8de48d4fdb6df835cafb697ee9529c5fa0a306c7d8c9ecba6f4e9
app/Domains/WorkCore/Manifests/WorkOperations.json,4237,a0e1b3202feb1b251b0c05442558a69d6639f5e151cae2cc998d9b81c72eae4f
app/Domains/WorkCore/Manifests/WorkforceAssurance.json,6721,33a6b43252be107889da8817ded8d26308f046c984aff688838ff36da19dd716
app/Domains/WorkCore/Manifests/workcore-five-domain-manifest.json,646,3045d31e5c95e432ec0a931e2ce3978d8edbd707e0043a5f07fd8f93057ac6ca
app/Domains/WorkCore/Providers/BusinessNetworkServiceProvider.php,540,223113077d92939422b4e0567a5ccaf04765e2a345069c3f660c0c707912ef03
app/Domains/WorkCore/Providers/CommercialServiceProvider.php,456,74d08996cc6d0d35d458ab95e7f722662a6e0e17c0457679c7fa9e533cb75f38
app/Domains/WorkCore/Providers/PropertyOperationsServiceProvider.php,455,3e8c5d6261d039ab0115dfd3d7b3393e988e8ebb3c34c98b862ec1f51b0dbfdf
app/Domains/WorkCore/Providers/WorkOperationsServiceProvider.php,503,7b7a55f89ff0daf92f199b2b3da2342f07eae8a5ca8926acc74439194480d22b
app/Domains/WorkCore/Providers/WorkforceAssuranceServiceProvider.php,514,0665dfb2d8ae2c7b83e49340794c39a8b0cb3c3e43936a51efbfc8ab058376d1
app/Domains/WorkCore/Resources/views/rosters/index.blade.php,31100,c7a2ee2c47a11209a873c0867c3ebf58170b3072567667481f9d1612cbc4d007
app/Domains/WorkCore/Routes/web.php,242,b5598103a64ac5f0a51317d999fc4f5b596dc1a24f6e8511b0cf20e3c7b744cd
app/Domains/WorkCore/Shared/Support/TenantContext.php,491,01401807f63508d7686defd971230594a6472277c130276e67ed9e5d0d39450a
app/Domains/WorkCore/System/AI/Contracts/AiToolExecutorContract.php,355,6d82c658621fa545d7fc5b68b3184d9e1d2aa155016e293afafc0ef4c91cebcc
app/Domains/WorkCore/System/AI/Contracts/ToolCatalogueContract.php,661,974f7a5bab5acab8b99b0ad1441c1626177af0281dc8096e3227db2e4b7c4bd6
app/Domains/WorkCore/System/AI/DTO/AiToolExecutionContext.php,865,8703798104e95de272412adc59754d71f8b4589833ada2a8ef6a97c95052a267
app/Domains/WorkCore/System/AI/DTO/AiToolResult.php,934,c07f4ee4cf9eff4fb823743413ff12548f6672f4558b8f12989ab1e11f617e8b
app/Domains/WorkCore/System/AI/Tools/AiToolDefinition.php,3361,afccfb91ba156278cadf3371fb525d2d1d5f476e8a1fbf8ac59b574cc07b10c3
app/Domains/WorkCore/System/AI/Tools/AiToolRegistry.php,1177,176a638c0d7ed46d627cbe983586d523fdb6409b4946dce36fe17acb8f75eb9b
app/Domains/WorkCore/System/AI/Tools/AiToolRouter.php,1829,334c0b2f6a2459c5db965613374ecf3ce66daf323952ac76c694c62c8fd080c9
app/Domains/WorkCore/System/AI/Tools/DomainToolRegistryContract.php,209,895b504b5345cf817f77a1069c7e04968539db37555ca9710d4ffde3bae0175f
app/Domains/WorkCore/System/AI/Tools/JsonSchemaValidator.php,4233,de25c11052878143b364a567b55f6c3044d0ddca1e80253f1120bfacb3dd23f1
app/Domains/WorkCore/System/AI/Tools/NativeToolCatalogue.php,4437,69cc5affa0612fcaab750ad5866cdb87c651804d55761339ca2ef130dcf5fe82
app/Domains/WorkCore/System/AI/Tools/ToolDefinitionFactory.php,3259,6a8742e260dc0a8588f291065a8f8b9006abdd256bce613500085111e27d9f2b
app/Domains/WorkCore/System/AI/Tools/WorkCoreActionToolExecutor.php,2357,c67fa8466d647b9dc2f0b32cacb1b2adbcfb31050080025a9e9d4b8220c65ca4
app/Domains/WorkCore/System/AI/Tools/WorkCoreReadToolExecutor.php,4717,f1a910ebfa3f9c3dcb114ee95e92df8bea345e68e71a37aecd2908c2d275b628
app/Domains/WorkCore/System/Actions/ActionDefinition.php,863,d8aba52d9ae971f881099336a4d9a7cdbfd26574fc1e7b0823e19b608100b4f5
app/Domains/WorkCore/System/Actions/ActionHandlerResult.php,430,0aa6a25efd948d89fdc7a8d3d84e6a4b08b6a0e54e72eed1a05f727cd7184412
app/Domains/WorkCore/System/Actions/ActionRequest.php,900,a5668c35eb62efc42838126a845e2554cd70b41238a629a9139d07112d7cc667
app/Domains/WorkCore/System/Actions/ActionResult.php,825,888dde7fe4264a33d28480551215e2a2a11f3bcefbf315c812b9c45795f4531b
app/Domains/WorkCore/System/Actions/BusinessActionDispatcher.php,5518,c9d73731b17f044bb74ac501bde82f2154c30c6401f241545dce16dd8e274086
app/Domains/WorkCore/System/Actions/BusinessActionRegistry.php,954,8cea966fb456f8897aa438426e87888a6b5bc76e06674552a61ff3489901ca66
app/Domains/WorkCore/System/Actions/Contracts/ActionAuditRecorderContract.php,595,1bfb9c73bf2585be0c06a9f16074bc24bef6a2b4262f1491a4a165d07d5a54b1
app/Domains/WorkCore/System/Actions/Contracts/ActionIdempotencyStoreContract.php,527,7a54f3997a1da42b8e526ac41e1deb74b5b614fe6bb42c679dffa165ea54e9d9
app/Domains/WorkCore/System/Actions/Contracts/BusinessActionHandlerContract.php,325,3cff950097d2ac1605bce9d294fb5c04d6ed2682cc0eabbc6c33f0bd97b20c78
app/Domains/WorkCore/System/Actions/Contracts/ConfirmationVerifierContract.php,336,04bd74f2aed18ea02d1f1af0fd5daa875e038caf5ba169016f3a80d3fe5eb9b2
app/Domains/WorkCore/System/Actions/Contracts/DomainEventRecorderContract.php,420,ff2a6dd3ba7fe1fcb55c5db1c23e2ae5d6a9009f7fcc10cbeb275d72ce95a0a1
app/Domains/WorkCore/System/Actions/Contracts/EntitlementResolverContract.php,204,4f85f481d8a786fd40d5d7a248475dead8f2889110f32758e459d2115cad1ba3
app/Domains/WorkCore/System/Actions/Exceptions/ActionConflictException.php,325,368e2ea67e09535e76ffe79d709123d29e7ef1bb79c044917534d206d88a9825
app/Domains/WorkCore/System/Actions/Exceptions/ActionDispatchException.php,398,52964a7aa587f1b5c92f6e5e8fcd688f8f8e54eccaff442a4e2a547c1492d349
app/Domains/WorkCore/System/Actions/Infrastructure/DatabaseActionAuditRecorder.php,2512,c4c42fa96730b465b96f008fc8aa68b1cee1869a0dc73d2293842d1b9bc2b09d
app/Domains/WorkCore/System/Actions/Infrastructure/DatabaseActionIdempotencyStore.php,3789,c2f95816c8ec0c2463c0e992e584dbadd5a2c1e15500e752fdca0a59382cca30
app/Domains/WorkCore/System/Actions/Infrastructure/DatabaseDomainEventRecorder.php,3319,b121a0021c6248e76d75d9b9b313f9f1fdc8d72ccd544bec3776d336a48c9b8b
app/Domains/WorkCore/System/Actions/PendingDomainEvent.php,312,6509f0bce2d14b4cfeda3651f692bbf10a61f20ce639a5d0ad59dc605119d463
app/Domains/WorkCore/System/Actions/Policies/ExplicitConfirmationVerifier.php,691,a0fe7cb63f65b2ad6e8decc50678fefb220fd814b3c465e80d7e9ab4837c6213
app/Domains/WorkCore/System/Actions/Policies/RegisteredCapabilityEntitlementResolver.php,568,61bda562fc22341ae87e5997a613cefb2987e5cf11ab2d855376fe46fcbee10b
app/Domains/WorkCore/System/Actions/Policies/VerticalAwareEntitlementResolver.php,1454,3ae7b7b1198e5c6318170bc9a40e23d7175c479b3c27c80b5c57377c4659ec94
app/Domains/WorkCore/System/Api/ApiResponseFactory.php,2120,e97a633791bddf02b38c9bd36ec7d4703db01595cbbde82bfc146711235e76ec
app/Domains/WorkCore/System/Api/Middleware/WorkCoreApiExceptionMiddleware.php,2464,33d66c2313d361356f494091abb4260155556ebf3be9461bb13e8b72a1e8928e
app/Domains/WorkCore/System/Api/Resources/AppointmentResource.php,2942,d98fdc808bfe900ca84b32ca1ae9c539ebd83138c74d159bfcd30416e19fc2a9
app/Domains/WorkCore/System/Api/Resources/AssetResource.php,802,177dfd12e254043ce110cecda55b1acfe5cf6efcdb11f0fafc47ff597c821efa
app/Domains/WorkCore/System/Api/Resources/AttendanceResource.php,382,3555181190ce00a30cfe2b8d923fded79e00c8ed4dbd6f5a0f17a60eb6c6604b
app/Domains/WorkCore/System/Api/Resources/AvailabilityRuleResource.php,440,6074ec7df58a119b0cdbcfc8af55968d22bb83be95d3f64b3b57f36f2c468481
app/Domains/WorkCore/System/Api/Resources/ComplianceObligationResource.php,529,95135057e1ae1cf5c27527f255322bc48eb2d30a8292dcd7635e9021718d09b8
app/Domains/WorkCore/System/Api/Resources/ContactResource.php,614,2fcfd9b410961e46dbf319869d41cd21656ed1f8181ca7d1c4550eaa797045ee
app/Domains/WorkCore/System/Api/Resources/CrmActivityResource.php,1133,d1056b5978780847e9af4430af81b6b78f0113986c168069a738cc0defb62d34
app/Domains/WorkCore/System/Api/Resources/CustomerResource.php,772,008951c655cf2fdf0ffa2dffca0f9b8c02eb26911fee3dabf3a079a8e4e15335
app/Domains/WorkCore/System/Api/Resources/DispatchAssignmentResource.php,2822,8c1c15fd750d95ea423bc5ffbd93c649b21a90f5199da8da5c75ac4045dbe803
app/Domains/WorkCore/System/Api/Resources/FeedbackResource.php,712,e864ad9ca84990d5e26f5845e7ed7d2d538b253aa487e4c57c9008acbc4bc84d
app/Domains/WorkCore/System/Api/Resources/FormSubmissionResource.php,447,1bfd05fd01677e78d1fb55c77f33efab1ec048351a46d13c27bc3b9dfe2ca897
app/Domains/WorkCore/System/Api/Resources/FormTemplateResource.php,443,ebe41b8a1e3dca557ffe400976a8025229fec9febbaec15914c8a5e32aaa6921
app/Domains/WorkCore/System/Api/Resources/InventoryItemResource.php,615,b1d2805679e36d971af6f5fc2b4e24bf5fc7c23b159720b47386bc5ae831d990
app/Domains/WorkCore/System/Api/Resources/KnowledgeArticleResource.php,511,3c220cc21b07598cbae590c261cf73ab1e1a27968dd26f7071dfc3c1c3e80cb5
app/Domains/WorkCore/System/Api/Resources/LeadResource.php,1352,1757ac576f0b3f9ea2d953ae82437d596d9caed25d13bf6c7c55958415d8e57c
app/Domains/WorkCore/System/Api/Resources/LeaveRequestResource.php,411,1e6f75fad0dd735cca8eacdaeb34250e5fd0e962724e9bd97c4df8a24eb0d1e4
app/Domains/WorkCore/System/Api/Resources/OpportunityResource.php,2166,30bf1477e7730436060948ce769c51d06218c12727ce8eb3790b199227fbefb2
app/Domains/WorkCore/System/Api/Resources/PremisesResource.php,987,85885277707130e0ed5e7e38ef51204bd410e265db7f18a4ecfc66983e3aadff
app/Domains/WorkCore/System/Api/Resources/RosterResource.php,421,343de046d3bb83c0c10cb145c1b440368bebf684b579d84da1ceb7222f3eaf3f
app/Domains/WorkCore/System/Api/Resources/SalesPipelineResource.php,1772,b5a645e8d2ddd0989c29e83e83d693bcd095deba92961f3f1de23eb6feb767d5
app/Domains/WorkCore/System/Api/Resources/ServiceAgreementResource.php,536,9c52dac1348c38380878e152395491c0aa27be5b387d7b2e8545b52824888072
app/Domains/WorkCore/System/Api/Resources/ServiceResource.php,1028,7f0236ffd0ae8e6b6b03526f44ac9cf5b4d4dfe5b21348db19595aab363db663
app/Domains/WorkCore/System/Api/Resources/SupportTicketResource.php,795,279509303a9db6d97a28f097df2ad0929b55f1959e2807fee472fb1862ee0f11
app/Domains/WorkCore/System/Api/Resources/TerritoryAssignmentResource.php,582,81c12299728f5976aa9ecfff5b474ba95952f384efa3371fc5494fd425dcebd4
app/Domains/WorkCore/System/Api/Resources/TerritoryNodeResource.php,395,9deba0985e7141a915f337bce5c23e6afa3cc35eacc9e49fc8330188e58a6ffb
app/Domains/WorkCore/System/Api/Resources/TerritoryResource.php,1364,63bb0392b8f66be312d6a51dc054b69fc4b9314759364d4ba17c973985c47963
app/Domains/WorkCore/System/Api/Resources/WorkOrderResource.php,4614,21339dd98ed1f1d186bf43d7ff6ff0293a8c55b1fe929f7d65ce2abbe012f281
app/Domains/WorkCore/System/Api/Resources/WorkerResource.php,433,8eeae6528be8890113d61e22d31cfb4417ec225aa5d2e2f962ba294386de9847
app/Domains/WorkCore/System/Authorization/CompanyRecordAuthorizer.php,2439,ecbce622c9fcc716016fbc42043f12ed0b5c5c43e457a2f5e2befd6f33c10a06
app/Domains/WorkCore/System/Authorization/WorkCoreAccessLevel.php,432,aee5ef727b1fba07227a819dcbab57eb46e87f7b656bae2f67572b16bf263e0f
app/Domains/WorkCore/System/Capabilities/CapabilityDefinition.php,958,b93d99999c4c48b7a975aecc9220ddacdbc25f5dea2b4ae4b9d55dbf5bda5d48
app/Domains/WorkCore/System/Capabilities/CapabilityRegistry.php,966,f50107014b133b6c7c8f981f0bd73332b3ef2ad083e1ad85a955c2009811d9be
app/Domains/WorkCore/System/Capabilities/Middleware/RequireWorkCoreCapability.php,1287,4ed5959ca0d524e8e67ab45aff1f7e6e2497d4383edcad82f2f8075e4bbf777e
app/Domains/WorkCore/System/Company/Actions/AcceptCompanyInvitation.php,1575,65ba8e44cfd5ce6bd0d823d23f5bd9c299b6d5fdf8452ca6eb773cd290b07bde
app/Domains/WorkCore/System/Company/Actions/CreateCompany.php,3845,2a80a5d0a9b349ac933c61030602b31a0ae2c332f0f63ac384d351e1ddb829ee
app/Domains/WorkCore/System/Company/Actions/InviteCompanyMember.php,1326,4d75b450afc551a00628cb3bc1635f907cc6dda0d8745278293e81dc967e02e2
app/Domains/WorkCore/System/Company/Actions/SuspendCompany.php,323,89c3142256a82ea721295b7718368411d62766e96d83cdfb89bfb59393a2375f
app/Domains/WorkCore/System/Company/Actions/TransferCompanyOwnership.php,1582,3a02ceb28e1daac6991bf9c1290b69e841c7fd9a7984d8ebd5db02c1bc8d3391
app/Domains/WorkCore/System/Company/DTOs/CreateCompanyData.php,487,b3bb669b5d48dad38edb430362861dd26f5ac49169971273956efa2854cae06e
app/Domains/WorkCore/System/Console/Commands/InspectWorkCoreDonorsCommand.php,1235,c0aac1fadbb76279b92f66330e72593c88e97b0b29ae3a87919860a7bfe639df
app/Domains/WorkCore/System/Console/Commands/PublishWorkCoreOutboxCommand.php,900,32850741802918b35895fda2e56e0b9a077bc4e4fa9f545fec48b51d321e2b2a
app/Domains/WorkCore/System/Console/Commands/WorkCoreDiagnoseCommand.php,3329,f38b76af135299e3045bc1543fb90080ba87b19d97b561382f938585def90cd7
app/Domains/WorkCore/System/Context/CompanyOperatingContext.php,314,3b3a6b5a9681525e4f252e22127394f8945fdee9e77a10d1f25d51eaa4567509
app/Domains/WorkCore/System/Context/CompanyOperatingContextResolver.php,1201,dbb4a57ddfba3d18f737309095725639c993befdb867f53bcc6cbbefc82a313d
app/Domains/WorkCore/System/Context/ContextIdNormalizer.php,912,fc9e9b56c06c4a0de8e769bf838deb57013ffb423373d3182c9af8fd54ddf557
app/Domains/WorkCore/System/Context/OperationContext.php,1794,aa65a82bd4400acad2c6f1d48ab021b5c3bf0a405d0eb7d28350c8742fb861db
app/Domains/WorkCore/System/Context/OperationContextSnapshot.php,2101,ccbb5c38df2b505f04073397878d595b1d4cfa5abc4ecb1288d4b28340abe15e
app/Domains/WorkCore/System/Context/TenantContextSnapshot.php,958,09c0477a52c7825e25429ea86438ac04c723c8b1007ae84e0af40bf0d5d0ab46
app/Domains/WorkCore/System/Contracts/OperationContextContract.php,814,007bf510ccd4aab5569f893675b96889efa6756fb483a2b96c9c6bf5188124a5
app/Domains/WorkCore/System/Contracts/PermissionResolverContract.php,393,f62c8c49c67411f98511fbec0d2c95e460808feffe872e8f4809d4065a2adbac
app/Domains/WorkCore/System/Contracts/Records/Adapters/AbstractDatabaseRecordAccess.php,2122,3d32f511ff89375eb27a9e12c9eb2136ff68425037354edceb904e15b32182a1
app/Domains/WorkCore/System/Contracts/Records/Adapters/AppointmentAccessAdapter.php,809,4c1cfb1288639b5c76ba7209b5b7b07e2d82ed0a438781ce9d80468695b7f392
app/Domains/WorkCore/System/Contracts/Records/Adapters/AssetAccessAdapter.php,1507,aa9c254733677c03a044a57d6e8a38bce675fade4968f441bf1c4dd64bf20642
app/Domains/WorkCore/System/Contracts/Records/Adapters/AttendanceAccessAdapter.php,742,003b085df7797a3fb600c337814d426eccc020ade65775fc0a06eafca6e53635
app/Domains/WorkCore/System/Contracts/Records/Adapters/AvailabilityAccessAdapter.php,682,a441c65da296e49903d658d3ad5f975dc6fb848922ad36b6c875feca1046c595
app/Domains/WorkCore/System/Contracts/Records/Adapters/CompanyAccessAdapter.php,729,315402f159fca7b4d0b5268c859d5ebc89aaf60f7e8ccb7c3a362e35dfb26e8e
app/Domains/WorkCore/System/Contracts/Records/Adapters/CompanyMemberAccessAdapter.php,537,a5d4465c40cf6edb66384ec134e55ed138b78ba384a4dc0e8ca7a5eda50a7107
app/Domains/WorkCore/System/Contracts/Records/Adapters/ComplianceObligationAccessAdapter.php,1046,956b2d1f57430868caf8a6e8a4dbcebff0202a3b94d75561f07ddf8aad1e3f1a
app/Domains/WorkCore/System/Contracts/Records/Adapters/ComplianceSnapshotAccessAdapter.php,1010,ab9a6e3b351ec319602252acc120072df12018070a2ee3880e15456f5d480046
app/Domains/WorkCore/System/Contracts/Records/Adapters/ContactAccessAdapter.php,512,ee6900745f100b4fa400e2ccd022c636518a59e7d59522e8f92032898e5f8bf3
app/Domains/WorkCore/System/Contracts/Records/Adapters/CustomerAccessAdapter.php,519,addbd70f6948bfa900b04dc056d46151ce3934cd9cc67e588597a26559020443
app/Domains/WorkCore/System/Contracts/Records/Adapters/DispatchAssignmentAccessAdapter.php,853,f80abe91ac05614a0c7cb1572f8d13a334a9f0185f318d42f40678a39721db8c
app/Domains/WorkCore/System/Contracts/Records/Adapters/FeedbackAccessAdapter.php,1010,817676930fe745aa38e71f00dfd27828ed6662558ded7e97725e37356b9886f7
app/Domains/WorkCore/System/Contracts/Records/Adapters/FormSubmissionAccessAdapter.php,708,8ec776c637090c3a46761687abb673c72cf16316bcd8d5a1b576510313a2f09a
app/Domains/WorkCore/System/Contracts/Records/Adapters/FormTemplateAccessAdapter.php,629,e17994e11c1cbe3ea6df8ede51ddc4e0f415bb144d1d4136a6f8f185b6216880
app/Domains/WorkCore/System/Contracts/Records/Adapters/InspectionAccessAdapter.php,1215,45e49e98b0b22fd9a8d8e3faf2b77681b898d23cb59eb8ec443090e4586cce89
app/Domains/WorkCore/System/Contracts/Records/Adapters/ItemAccessAdapter.php,728,25e7f86a63858f26d20393d2c4c56b92b36e067de64dd49eca2165acc8af8a58
app/Domains/WorkCore/System/Contracts/Records/Adapters/KnowledgeArticleAccessAdapter.php,819,e1ea2bca2de3b02a22b318563ea47950c5b415c8b1235b7a417c5c8854fe41b0
app/Domains/WorkCore/System/Contracts/Records/Adapters/LeadAccessAdapter.php,535,1ddd0fbc27ad72a9a360d7cb333f53f759eed4f15e258ff868c626500007cc7f
app/Domains/WorkCore/System/Contracts/Records/Adapters/LeaveRequestAccessAdapter.php,751,402920d70e204a631d6d7ade1f66cf844fe463616b50e484e9954c422dad676c
app/Domains/WorkCore/System/Contracts/Records/Adapters/OpportunityAccessAdapter.php,819,7a5cfe16ea921f7d51570d07e5988ea8ed74d92ad2c09a3dfa407726ec10d306
app/Domains/WorkCore/System/Contracts/Records/Adapters/PremisesAccessAdapter.php,685,6760811bef4f58b66d69892e4ac54c09f4987ea788284978f112bb24d78f31ee
app/Domains/WorkCore/System/Contracts/Records/Adapters/QualityAuditAccessAdapter.php,1048,048d631d46c118cc2a638f0accfcd44b55411e6297baee28070abc8e50582916
app/Domains/WorkCore/System/Contracts/Records/Adapters/QualityCorrectiveActionAccessAdapter.php,1018,10d7a653c230ea852c058d25647bcac1207e659be67b32faef3610f8d3be1372
app/Domains/WorkCore/System/Contracts/Records/Adapters/QualityIncidentAccessAdapter.php,1184,4ca31288345134099e69bd1f37421a1395ba6831a2cb2f90ad32d8d8dad789a5
app/Domains/WorkCore/System/Contracts/Records/Adapters/QualityNonconformanceAccessAdapter.php,1124,f1b6400588561d08ed01826851a1ef62547ebd97b0d55dbf5a4b9be58b8f889b
app/Domains/WorkCore/System/Contracts/Records/Adapters/QualitySignoffAccessAdapter.php,880,2373e7e09fb57c677fd08ad6d5079830d2b7885326ec41f0ef66f8b00625996f
app/Domains/WorkCore/System/Contracts/Records/Adapters/QualityStandardAccessAdapter.php,921,75956178c5513e3436ef1e4926bbb8bc7fc5a57c23c07e5f334ae32cb4e04333
app/Domains/WorkCore/System/Contracts/Records/Adapters/RecurringServiceAccessAdapter.php,605,272719b50c2339cdaefa6827cfb5ef7d72e0d78200e21f9594c57cf402c2ab7a
app/Domains/WorkCore/System/Contracts/Records/Adapters/ReviewAccessAdapter.php,564,0f834141a5e679ba27b0a90ee0b356548266666480b00fd35c93f4125041c4a3
app/Domains/WorkCore/System/Contracts/Records/Adapters/RosterAccessAdapter.php,605,684aa32f84b917c4f6a8ff9edb1927fc67875f64de065dd038dc94655aecd745
app/Domains/WorkCore/System/Contracts/Records/Adapters/SalesPipelineAccessAdapter.php,574,b56184d873d5710fd2b9d81941cd7b89b1342b7dbee226cf8134d35e723941b4
app/Domains/WorkCore/System/Contracts/Records/Adapters/ServiceAccessAdapter.php,558,685c0bfe6eda04592154700732ac9d3583fd24c9df3fcf86a593e99daf1018e1
app/Domains/WorkCore/System/Contracts/Records/Adapters/ShiftAccessAdapter.php,691,840649e84033b0cb2c99876327ca7970d825408dae211ccfa384dd518529069a
app/Domains/WorkCore/System/Contracts/Records/Adapters/SupportTicketAccessAdapter.php,940,56006c9c5da10ab258cf84d0e4895c321227cf6df61418e2eb78a97b8b126360
app/Domains/WorkCore/System/Contracts/Records/Adapters/TaskAccessAdapter.php,718,653ab840457b6ab9249cfcf7889e34523e739397499425473a164495fe3bde2d
app/Domains/WorkCore/System/Contracts/Records/Adapters/TerritoryAccessAdapter.php,653,af9e1a7181a129fc31c4e4715e0ed88b902ec5d5e601e4352f3217f3d9bea3da
app/Domains/WorkCore/System/Contracts/Records/Adapters/WorkOrderAccessAdapter.php,749,f3ef61c8577eac23b27a944e0a633d1d84d66d60775faddacc6f5321d6ab9a69
app/Domains/WorkCore/System/Contracts/Records/Adapters/WorkerAccessAdapter.php,601,fb930dd8d8ff115954ee51df2179e0769fff5c130c746406bbec826eb8a96e10
app/Domains/WorkCore/System/Contracts/Records/Adapters/WorkerCredentialAccessAdapter.php,1029,479c53c10ee3cf44774cfab5bf41e74b5e017807eb5bdf27c12e6708e4127770
app/Domains/WorkCore/System/Contracts/Records/AppointmentAccessContract.php,168,adcdaac95caac1fa713c84c765b9bbc9dc24c6e6c8b7287074bbab280acd04b3
app/Domains/WorkCore/System/Contracts/Records/AssetAccessContract.php,162,4037aedcdc482defdf312d2a9be3c50483f561155d2141a2bf19837fb92d902b
app/Domains/WorkCore/System/Contracts/Records/AttendanceAccessContract.php,167,d69f914e9a57730b7544e0a612bd90df15b480f202338b28f31ea360c69dea77
app/Domains/WorkCore/System/Contracts/Records/AvailabilityAccessContract.php,168,937a6aaddbcfe2610b4c1fe6d2c8db45cca3ba7c656795f7b5478bd9757edccb
app/Domains/WorkCore/System/Contracts/Records/BusinessRecordAccessContract.php,451,8fc3b2e9f3d98da6e50e230e3c465d196038b93cd7bdf134b120d83fe1071db8
app/Domains/WorkCore/System/Contracts/Records/BusinessRecordSnapshot.php,892,ac6946f6b9070d10a183b90d3413d43fb47d5f4a35190f9a28a821572779c165
app/Domains/WorkCore/System/Contracts/Records/CompanyAccessContract.php,164,0539728190cbd126aa9aafa7e4652611b8520d5cc9b0101389a762c426dcf6a4
app/Domains/WorkCore/System/Contracts/Records/CompanyMemberAccessContract.php,170,7a3cfac4be6c580e998ea76441060616e97647652519a553221fa770662bb7a3
app/Domains/WorkCore/System/Contracts/Records/ComplianceObligationAccessContract.php,177,dae955f6d2ca0d04dd94ce5f0486a90426070d0363c262a706bb5decb7b39954
app/Domains/WorkCore/System/Contracts/Records/ComplianceSnapshotAccessContract.php,175,d32a766e8c447527b0ef22913f21e377ed1d42c127dd73fd3d58f4fb60678962
app/Domains/WorkCore/System/Contracts/Records/ContactAccessContract.php,164,a40c5bf383f2f2920a82618f11ebbc9d89605cbdc4f5a9a7f5b1699a0704d83a
app/Domains/WorkCore/System/Contracts/Records/CustomerAccessContract.php,165,096a19bf8f804784ed435debb816f8ba020eb9ee934ad55ee9e939bce0039ef2
app/Domains/WorkCore/System/Contracts/Records/DispatchAssignmentAccessContract.php,174,372fe4972cf60f2247410cd8748784c3fd06a7698ae51c5cd9bb4514dedde1a6
app/Domains/WorkCore/System/Contracts/Records/DocumentAccessContract.php,165,00edd9caaf8828f678f87d77e55c1db29e6b2db1f9ae1abeff3742b31f520017
app/Domains/WorkCore/System/Contracts/Records/EvidenceAccessContract.php,165,b58d14addf5dbecc6747580ffccbbf4a5ef1367144255ce9a1bda71ebff81d2b
app/Domains/WorkCore/System/Contracts/Records/ExpenseAccessContract.php,164,635cde00eba4c6a71a2ca424496f97bfe1c5be2e1e27cc7d00fa2067e71ae824
app/Domains/WorkCore/System/Contracts/Records/FeedbackAccessContract.php,278,767ce1aa38b7bc46274f6b72da6eac73f8b462dbacc7a938c61d18b38c91bf1c
app/Domains/WorkCore/System/Contracts/Records/FormSubmissionAccessContract.php,168,081142055d8616a44ec152519cc1a40bd5c28a8c049b63e71a455f5a7e0d237f
app/Domains/WorkCore/System/Contracts/Records/FormTemplateAccessContract.php,166,dbad08228d0d26259d7d50479500141632d05324f553c800dcf5cdb306d06503
app/Domains/WorkCore/System/Contracts/Records/InspectionAccessContract.php,167,3d75c7942b491cefb351de13fae12cc2653a292aea993ac3129a3c741ed268f0
app/Domains/WorkCore/System/Contracts/Records/InvoiceAccessContract.php,164,962f96b2977447ae9dae326ac81c91735249b601652f762264efd0b43ff9a2da
app/Domains/WorkCore/System/Contracts/Records/ItemAccessContract.php,161,4ba81b46f8eabc825bcb6d912fe0bcdaf8c378e857232fccc76a768e5ffa2784
app/Domains/WorkCore/System/Contracts/Records/KnowledgeArticleAccessContract.php,170,650f15a5f40f704c5c796f02e4c6e7556910112934757064f198e365825f1a2a
app/Domains/WorkCore/System/Contracts/Records/LeadAccessContract.php,161,cc886191c4a735db9e0ada225f512fbebc20c7fd4face51a4aacd77d081efeb7
app/Domains/WorkCore/System/Contracts/Records/LeaveRequestAccessContract.php,169,590a92d61548a92274e22b5ebbdc99ebe19b6d994cbd9e962163c439912d4488
app/Domains/WorkCore/System/Contracts/Records/OpportunityAccessContract.php,168,eacfeef610b614ffc2c40bd43293fd6d859cd6137152a519225b8fcdae9cdeb1
app/Domains/WorkCore/System/Contracts/Records/PaymentAccessContract.php,164,0fcb1897c15adf4540f34ae131a1b4ebddf0e7c1243a36758a5326cd5f883732
app/Domains/WorkCore/System/Contracts/Records/PremisesAccessContract.php,165,e1fe4f74c35eb8482cb0bae2919163e93e2bbd45ff4681967cdda5a4031cf739
app/Domains/WorkCore/System/Contracts/Records/QualityAuditAccessContract.php,169,134233fa5acba32da6e9f67ea8d655e0b9c7db33cf10f9a1051ad2216d936cb6
app/Domains/WorkCore/System/Contracts/Records/QualityCorrectiveActionAccessContract.php,180,3e2e1c50220ecd96d97694376c566b0fd06e53f11b5458dab258bab3658adea1
app/Domains/WorkCore/System/Contracts/Records/QualityIncidentAccessContract.php,172,e65cc6ba474dd68642b609aac27b3410759b9054228629ba545e8cc5cdef4911
app/Domains/WorkCore/System/Contracts/Records/QualityNonconformanceAccessContract.php,178,e4f5aa332fb5db96b1f07ddf89f0294f8f14d596723aa8ac4365574cd83d99c5
app/Domains/WorkCore/System/Contracts/Records/QualitySignoffAccessContract.php,171,d284615eb00733c833a836c04321be536a979b35f6a1b234764d12742e81676b
app/Domains/WorkCore/System/Contracts/Records/QualityStandardAccessContract.php,172,6edc6d2a4db742602cb258ed830681e0b243773fbad03974bbaca880258c64e4
app/Domains/WorkCore/System/Contracts/Records/QuoteAccessContract.php,162,d38b9619d3f513fc0bdc840ff0eae23b2fa120a628b0d021c9b05d65f8a6b23d
app/Domains/WorkCore/System/Contracts/Records/RecurringServiceAccessContract.php,196,4a05f436920c7cba038c40dab30174436365440723b5ed2fac857353f56d3e1b
app/Domains/WorkCore/System/Contracts/Records/ReviewAccessContract.php,186,01df9f86c622ce02f8e954411a912e55c93faf687cee5a2cbf31578f876f9b44
app/Domains/WorkCore/System/Contracts/Records/RosterAccessContract.php,162,7ce839be334e9f8c068bfb35f9fcd25cd48e0d1de24819b8a6893b2b2ee07533
app/Domains/WorkCore/System/Contracts/Records/SalesPipelineAccessContract.php,170,ee8ad1f854abe65ece1f70e1e8488800cbd82762021e576ef02915d834f6b323
app/Domains/WorkCore/System/Contracts/Records/ServiceAccessContract.php,164,1f49ce611ba5db1e595c9fa488d11df3f7f3d4cf05f8931c69ae00a0f23d4e4e
app/Domains/WorkCore/System/Contracts/Records/ShiftAccessContract.php,161,df5938216913ea023a8d7ec4f673cb350fceb9911e3fdb4dd71b1627b6f35c9b
app/Domains/WorkCore/System/Contracts/Records/SupportTicketAccessContract.php,167,928b1cc1d3efe75b38f62554f3134dff90310c6a95f9de2b9089d3e0787a477c
app/Domains/WorkCore/System/Contracts/Records/TaskAccessContract.php,161,0cef5f5102597c235aa9f2ca6296db733de8f0228b0f5ad5d045a9490a91915d
app/Domains/WorkCore/System/Contracts/Records/TerritoryAccessContract.php,163,87882a800be3cec802081a1a5035dbc0be70da0ee7933c21c2866e8b71f53e55
app/Domains/WorkCore/System/Contracts/Records/WorkOrderAccessContract.php,166,2fda4742448dd933877c2ea1f76338caa56db21392b5421bce7bed6f104881a0
app/Domains/WorkCore/System/Contracts/Records/WorkerAccessContract.php,160,24424b2a5bb23f7bf02443f4df03d856661f8385f773c1a15b8108575a5f10b9
app/Domains/WorkCore/System/Contracts/Records/WorkerCredentialAccessContract.php,173,dc825cb9ad22548d48036c4c8ff99a13954adf0eb983ab26205aef366239514a
app/Domains/WorkCore/System/Contracts/TenantContextContract.php,522,7fc31563c2fc1e247651a474a7fac5d9d4d4633f938ec6d5b8cae35d7efac325
app/Domains/WorkCore/System/Contracts/TenantResolverContract.php,264,09a092983bd14abf8140432f9c42d2cc56dcca6db2800eebdf80d00dfe5a6d08
app/Domains/WorkCore/System/Donors/DonorSourceDefinition.php,1035,116b1bf5c523315ec20f809c06629fb957a3b0857100f48e114e0a967e3ea5c9
app/Domains/WorkCore/System/Donors/DonorSourceRegistry.php,935,6f1f2fd986b69fcbfdb81b06087c2419f95f4aa7d00f52cc7cdbbadf976cad09
app/Domains/WorkCore/System/Donors/FeatureSourceDefinition.php,744,f1d6796817817bdb5ec6bbdba7d37d990cf338ee59dec2d6ecdced5c734f2bb9
app/Domains/WorkCore/System/Donors/FeatureSourceRegistry.php,642,6469bd313e5974cd96115e82b84c9625e8df441ade9711184fe6cfc236e617e5
app/Domains/WorkCore/System/Events/DomainEvent.php,397,ba06f2916328a8b8140dbb75b0b7a4bef0aa69cf1aee41808a5bef668efdea41
app/Domains/WorkCore/System/Events/DomainEventContract.php,167,4791f91dee423ad966190335329ff1ba66596b272889798ba6f20f90ec8a4bcb
app/Domains/WorkCore/System/Events/DomainEventEnvelope.php,1706,0880888570b003af18208dab45ac7103f9741d8307a47ecd9762cd4975ffbd86
app/Domains/WorkCore/System/Events/EventIdempotencyStoreContract.php,329,782d425524d09bbe7554ab2e82295815afa5c0ef311a3bbc6f1db113b96f8de3
app/Domains/WorkCore/System/Events/RecordsDomainEvents.php,538,e20d4d39389b2110b8c3db61767ef6f264c0c5e16dd820d5e7b41d6a59ee0fa7
app/Domains/WorkCore/System/Expansion/Actions/ActivateAdaptiveDomain.php,2825,39344912659f6a124015f44dfb99b73cfa3ed20f7a08f6924108c1c8fa9ed768
app/Domains/WorkCore/System/Expansion/Actions/ActivateAdaptiveFeature.php,3829,d9fa0380d17367a9371284b0d246418e77247b21ba54e38285875f663a438a41
app/Domains/WorkCore/System/Expansion/Actions/ApproveExpansion.php,1667,58375b989539ca48944bd0a033a1a05ad2bdc4866fa990dff2e28bcd33b50b3e
app/Domains/WorkCore/System/Expansion/Actions/CreateAdaptiveRecord.php,3261,755b51c8d327ab599433f55ccaaf58f8f2078ccc5fe09176e190c0305a498c63
app/Domains/WorkCore/System/Expansion/Actions/DisableAdaptiveFeature.php,1586,f666ffab8ea6ff9d61106db4e898e607bfaf9a23fea0ce8c729bdd39059c5eb1
app/Domains/WorkCore/System/Expansion/Actions/EnsureCapability.php,4680,bb185f8cfbdc536bac2d7fd700315aa4ddf016dbefa88d98ba1ecf8bb341bb1b
app/Domains/WorkCore/System/Expansion/Actions/ProcessAdaptiveFeatureEvent.php,1741,7ad36c3c37eba7925ddb27776ddc8809712adefab66371bf8cdfb13f77a20546
app/Domains/WorkCore/System/Expansion/Actions/RollbackAdaptiveDomain.php,2009,27977c871021a8d7cdd6241738f5595a485f514738ac663e84b1715db46f051f
app/Domains/WorkCore/System/Expansion/Actions/UpdateAdaptiveRecord.php,4064,fd6347b00bdbd32227f70fe7b02bb616f839b2f06492be6b8655b8f0de49e793
app/Domains/WorkCore/System/Expansion/Contracts/AdaptiveFeatureRepositoryContract.php,2503,15dfe7aaea03d5a65c0153d3cb655395c7a0d06a1e5645df8ec6befa521117f6
app/Domains/WorkCore/System/Expansion/Contracts/AdaptiveReferenceValidatorContract.php,260,6db3f001ff754f871d8a8392964a2dd66785cda3dae5e2dcf92ab8670ce3e21a
app/Domains/WorkCore/System/Expansion/Contracts/ExpansionModelGatewayContract.php,270,e1614501fed9311ec6aae32588af051c101be54b92e59849f45fe8173bbc3083
app/Domains/WorkCore/System/Expansion/Contracts/ExpansionPlannerContract.php,605,57314c0c255c223c5d313aab57520f248058aa7ff02475cb0985dc8f38b3fbbc
app/Domains/WorkCore/System/Expansion/Contracts/ExpansionRepositoryContract.php,2899,a604147e92f508d6207c59f8cde08bc8b4efae3fc5f2b112ab21fbd3b602a3d2
app/Domains/WorkCore/System/Expansion/Contracts/RecordSchemaInspectorContract.php,225,b9c51f021bc8e8105d17c4a129006df2722bdd86174f03def0e2aa419ccfe377
app/Domains/WorkCore/System/Expansion/Data/CapabilityInventory.php,1530,ba7cc1507f6807a7ac161bd6cc9a0b3fb236c3720b6ccb9bd5634252fcb32351
app/Domains/WorkCore/System/Expansion/Data/ExpansionAssessment.php,1216,c03b86a91e330ea62cb8a28de9046ff34abad9101376c49c057166a9f6d4e5fc
app/Domains/WorkCore/System/Expansion/Gateways/NullExpansionModelGateway.php,344,6958aa0c1745335e2c23d300228de2bbff5f6aaad3c275b3c4566702e7a40b23
app/Domains/WorkCore/System/Expansion/Infrastructure/DatabaseAdaptiveReferenceValidator.php,1861,a376ee9c8c7fd224fdf48e5a48ccd78c1bb3f10cdd31adb5212df9085b91fb6c
app/Domains/WorkCore/System/Expansion/Infrastructure/LaravelRecordSchemaInspector.php,910,022edb4addb426552992ce11a5b16cfb73ba9a6379f8383bda287760f6a2aaca
app/Domains/WorkCore/System/Expansion/Planners/HybridExpansionPlanner.php,12858,05bdba6c39cf705181d9ef2582f1882be83cdc8f50d264c51f6f0a72e8a79192
app/Domains/WorkCore/System/Expansion/Planners/RuleBasedExpansionPlanner.php,20410,a28a59300db16e3fedd94c1a5bff50e87ee4b1a4ebf77bb9f3a0b6c7eb250ac5
app/Domains/WorkCore/System/Expansion/Providers/WorkExpansionServiceProvider.php,24664,8ea273837a931caa53cffd4793b3fb34c557cc933bd17d2f1d9d8fe3678036f9
app/Domains/WorkCore/System/Expansion/ReadModels/AssessCapabilityRequirement.php,1303,447bd1e65650d84001632d68fce55aadd3a1957aa0371a0d9fe19e844a181128
app/Domains/WorkCore/System/Expansion/ReadModels/InspectAdaptiveFeature.php,1077,e3d106309c6c9f4fc3d632bd01f65ec18ef0d7b28833a3f1ac44e15b73cbb404
app/Domains/WorkCore/System/Expansion/ReadModels/InspectAdaptiveRecord.php,1088,23edf7ecb44e1150821f4d069e92742d60454722fbf4bc2aa7fe0135294bcd4b
app/Domains/WorkCore/System/Expansion/ReadModels/InspectExpansionRequest.php,1265,2d78b2db07a7dd3635e4b6d35013cc28759ec5ef6a0bfa1ead2b22bb3ae139d8
app/Domains/WorkCore/System/Expansion/ReadModels/ListAdaptiveDomainVersions.php,1199,43bccdb2226d318a1b5b47de7ce022e877799df899e05c114181f3e0dc660a6f
app/Domains/WorkCore/System/Expansion/ReadModels/ListAdaptiveDomains.php,978,c25e0249b43f9bda9f2b383ce5a9b1984f0d34b45c042bc9e903d7a83ae68a68
app/Domains/WorkCore/System/Expansion/ReadModels/ListAdaptiveFeatureRuns.php,1232,ec011348f5b00e69eeb3ae64e99ac11e8cfe939b610a979f3aba4faa15ed783c
app/Domains/WorkCore/System/Expansion/ReadModels/ListAdaptiveFeatures.php,1063,8a1faaafbe55f9125f4bf68e8e9e2015f6d291b8d80638b0c399b5991dc1aabf
app/Domains/WorkCore/System/Expansion/ReadModels/ListExpansionRequests.php,1043,358fb027bbfac2ee6dc1b7ab04f087eff591ab1a6d2277f6a5425b02c23ff3c8
app/Domains/WorkCore/System/Expansion/ReadModels/SearchAdaptiveRecords.php,1268,89ac21f5eaffb8ca560b9030ad7c5ee7813a77d2ef9b73811db5605687bc4673
app/Domains/WorkCore/System/Expansion/ReadModels/SimulateAdaptiveFeature.php,1507,68fb2c44cf8995111670f8a91c051cb7387dbe593f66cb36f2c11148d2cc07ae
app/Domains/WorkCore/System/Expansion/Repositories/DatabaseAdaptiveFeatureRepository.php,14171,90790380b4191a9bb688bc7c5618fae9cf3ccb9b5bfa5b9b8b940024fb45a2b5
app/Domains/WorkCore/System/Expansion/Repositories/DatabaseExpansionRepository.php,23343,567d04dd38176c6935a38cd80ef89db1e6733d4d117afe233516b0662f58fe5b
app/Domains/WorkCore/System/Expansion/Services/AdaptiveBlueprintCompatibilityValidator.php,3781,36880b4242084d05e110e73358ddef28d107dcbbfcf9e8c9cb50bd271fb18eb2
app/Domains/WorkCore/System/Expansion/Services/AdaptiveBlueprintRollbackMerger.php,3555,bcfc43fd877e856881d2f3524855be5df2efae7ba6d8d6c9ebca8fd161bdc8e6
app/Domains/WorkCore/System/Expansion/Services/AdaptiveConditionEvaluator.php,2613,527cd2f0feda436796d8207aa749f7a914e51dad135cf11c658bfb1379aecd91
app/Domains/WorkCore/System/Expansion/Services/AdaptiveDomainBlueprintValidator.php,9057,9f5557f48e53f59bac985bd40562645d59a40184b18cb5c2af5f35ed4d6ebede
app/Domains/WorkCore/System/Expansion/Services/AdaptiveFeatureBlueprintValidator.php,16722,a2fe0613fd9222f633e23391a6f516a0ad50309423c6affe0dbdaf8d6c3d899d
app/Domains/WorkCore/System/Expansion/Services/AdaptiveFeatureDomainCompatibilityValidator.php,2732,11c53aef4a9878aa7fe50caaeeda0cc62f15a56d1bc933bcedd5fbe475cca615
app/Domains/WorkCore/System/Expansion/Services/AdaptiveFeatureEventProcessor.php,9902,193303350f52cfa1285bbc35e7edf94f785961aceebe970bddd5c3369d544782
app/Domains/WorkCore/System/Expansion/Services/AdaptiveFeatureLoopGuard.php,1935,900bbbd9e9bd2eadcb559bd651b5e34851434aad3d6ba7f9a209abf71701b89f
app/Domains/WorkCore/System/Expansion/Services/AdaptiveFeatureSimulator.php,3264,234cedb81d11d9d911598276b2af48a09d5a7921f7a2abeb34f2fb4f065f06d4
app/Domains/WorkCore/System/Expansion/Services/AdaptiveFeatureValueResolver.php,1372,d8f208ac2f74063ad82a2e8482ac715a673bdc8f23827f7892662154176eb6a9
app/Domains/WorkCore/System/Expansion/Services/AdaptiveRecordValidator.php,8167,672c90766eba210ac8a1115e4a4a29c0b10a536420e74a8a0e100c176a68a7e3
app/Domains/WorkCore/System/Expansion/Services/AdaptiveStatusTransitionValidator.php,1480,366e717a054f7dcb15bce82ff3dddf1b18d3de93d4db1cb01acbf7be34118360
app/Domains/WorkCore/System/Expansion/Services/CapabilityGapAnalyzer.php,12008,9f1c00d5e09ae5ab395b26aeaa37ea875ffe5e2e269d49cfcfd9c9d12885a8cb
app/Domains/WorkCore/System/Expansion/Services/CapabilityInventoryBuilder.php,2793,12c4ba2afa333f61cd1818a06b03f8fc11b7c79eadc53bcc7c7b23b89302368a
app/Domains/WorkCore/System/Expansion/Services/ConfiguredRecordSchemaScanner.php,1601,311b3236f342bd0f58858964868fdcb25ac419fbea05d3d394e770bcaeec60ba
app/Domains/WorkCore/System/Expansion/Services/RequirementNormalizer.php,3340,80d85cf4c3f170d3ae8b124259b038569e0fa729cdb67a7d171ee5f3141af049
app/Domains/WorkCore/System/Http/Controllers/AccommodationManagementController.php,6353,e517287c6204201f30c49f3b7982a65be7bf612d05cefe1b1347201553b01db3
app/Domains/WorkCore/System/Http/Controllers/CompanyContextController.php,1057,6efbe2e6ca671d5abd86c22e06f53740e6e78388839b9595ff5fd5947bc0f8a0
app/Domains/WorkCore/System/Http/Controllers/CompanyLifecycleController.php,1151,2db2ff78007f984e7903fda117fcee8775e3b5d51ba37f78f1527b1e1dadb663
app/Domains/WorkCore/System/Http/Controllers/NDISManagementController.php,6876,c5f0d0d43384372161b414b8407b4741abd8bf130d9bcbaf458fdbcdbc4aab74
app/Domains/WorkCore/System/Http/Controllers/VerticalManagementController.php,9142,8a5c1d8f09effbb1cb8f39532ce255e9edf5b26434f2b0b2ab4b62b5da58f69d
app/Domains/WorkCore/System/Http/Requests/AddAccommodationChargeRequest.php,1230,20f116752407ab5c68bbd4a654d07d2cef5c2259f586a53b13fceba285b7070d
app/Domains/WorkCore/System/Http/Requests/AddNDISCaseNoteRequest.php,1026,ebd289c583fcddc5909cdb6a48534484d1893eabf80b1fc9eeb65a6726e52e60
app/Domains/WorkCore/System/Http/Requests/AddWorkOrderEvidenceRequest.php,1127,1ff9228244e354c0b8af78a5dc53d94e866bbea34983c27b34022b152714d123
app/Domains/WorkCore/System/Http/Requests/ApplyVerticalSetupRequest.php,612,21a21552b6a2631a1eeb958ac142b61e14d8190207c9edd97eb5f5a93c1a1633
app/Domains/WorkCore/System/Http/Requests/AssignWorkerBusinessLineRequest.php,696,a573e2a80cbde5ba48bf998970d53ffa112f3a7bc0d8feaaaceeecab6c6956c0
app/Domains/WorkCore/System/Http/Requests/ChangeAccommodationReservationStatusRequest.php,524,65081e529e35d734e689b92b2eef3a8f4386fa2fa980cd852f9e52331ba39b1a
app/Domains/WorkCore/System/Http/Requests/CheckInAccommodationStayRequest.php,754,a19de6c6dd7b4ff20976dad6200e6932718296d3edd912bbd62b71b66b4b716d
app/Domains/WorkCore/System/Http/Requests/CheckOutAccommodationStayRequest.php,720,1033350cea0f5ff6f6d89ec15674a5167e5180671a3ea3034c003bdba8efce34
app/Domains/WorkCore/System/Http/Requests/CreateAccommodationReservationRequest.php,3086,951551a819ab143c4125aa9c57867a926044ac6624624ba30c979b916ac606b9
app/Domains/WorkCore/System/Http/Requests/CreateCompanyRequest.php,774,7e44831d01ada3a91cb5d37e7c49486bacb84850136ad1a250c3d7d0e879a79e
app/Domains/WorkCore/System/Http/Requests/CreateWorkOrderCallbackRequest.php,693,f93ac5be01abc9bb4c41ad9c170153d834f13eff1788f603f0afa6f6da509cae
app/Domains/WorkCore/System/Http/Requests/IssueWorkOrderCertificateRequest.php,1148,758cf786f9e06b7351a935fdd7c19755aa2473e4ab5b59f3284aeb4a6c7d801e
app/Domains/WorkCore/System/Http/Requests/LinkNDISParticipantIncidentRequest.php,906,8d6b92ae552ca804e56aa630821216b5463139d2879ff3af3882e45218fe0975
app/Domains/WorkCore/System/Http/Requests/MatchNDISWorkerRequest.php,874,21905ad4ff1cdf97abc926b10c08d9c30de853ba959288eb7d1355ddc3cb641e
app/Domains/WorkCore/System/Http/Requests/PrepareNDISClaimLineRequest.php,817,b34353057e51df1b0f639acde467bb37d028ee9a72f404258fee004475b7a5fa
app/Domains/WorkCore/System/Http/Requests/PrepareWorkOrderComplianceRequest.php,632,be7339c30e7cc80c332cf6da91700314e705e7a39b37d90fc2c8282a84cf0a15
app/Domains/WorkCore/System/Http/Requests/PreviewVerticalSetupRequest.php,614,444e4a7bfbe9e240c8d155c12625c9f529559d21e66573b4e160c8a95caae622
app/Domains/WorkCore/System/Http/Requests/RecordNDISSupportDeliveryRequest.php,1934,24a77261e922eea15e76b9f209dc81715c79d59abb80589f6a0445b05d9275bf
app/Domains/WorkCore/System/Http/Requests/RecordWorkOrderPermitRequest.php,1175,be54325e04893fd2887cb38e9593a6ccdc065c9d6cd8e35fa1d6dfe9d21d68c5
app/Domains/WorkCore/System/Http/Requests/RecordWorkOrderSafetyControlRequest.php,1002,6c699bfa14508755c705f4641be31153cdb4716196151f6cd4afd89f4f3c9dc1
app/Domains/WorkCore/System/Http/Requests/RecordWorkOrderTestResultRequest.php,1282,049e86b8b842e1d90e1c2193763a37fbbadf0e04517f4cba29564bdb081e1ae0
app/Domains/WorkCore/System/Http/Requests/RegisterWorkOrderWarrantyRequest.php,971,0f488050e5357a6ff550ddea6e6e6763c55f582abbfafea3e7f1b3a133751b78
app/Domains/WorkCore/System/Http/Requests/SwitchCompanyRequest.php,393,2037a87542c96389f86a2bcec6fd5c2a97dbd8662c9d6f1429f7dbea39ee6ccf
app/Domains/WorkCore/System/Http/Requests/UpdateAccommodationHousekeepingRequest.php,887,6b96c94587089bb1f3f70a811ab07fd6d83ec71ccbd562dcf0c9a840ffb41014
app/Domains/WorkCore/System/Http/Requests/UpdateBusinessLineRequest.php,548,eb72c43326fc672b449cda5aad76e1add0d346e6c20a81e93f0fa0fa838c73b3
app/Domains/WorkCore/System/Http/Requests/UpsertAccommodationRatePlanRequest.php,1231,3a427b7943e3d1dbdcaa1f7c0eda219942fbc1adc454d7ec9d2d995dd29e75ce
app/Domains/WorkCore/System/Http/Requests/UpsertNDISGoalRequest.php,858,187a524b0a54f57acf5446f9fa1deceea26297792f00d265819ad33841c14d05
app/Domains/WorkCore/System/Http/Requests/UpsertNDISParticipantContactRequest.php,1262,5b012cd78e8efcb79963c2d5948b1f12b1758390469dc3f18e193d88bf57849f
app/Domains/WorkCore/System/Http/Requests/UpsertNDISParticipantRequest.php,1889,ba34dc6d1fff5a622b2278585588dbdcc191e42528dac9c4950e517fdfb39602
app/Domains/WorkCore/System/Http/Requests/UpsertNDISPlanRequest.php,1662,f01b4beba27d7d554a1f91eec848b65ec1f8825b24ea88653a63d68bfceb98b2
app/Domains/WorkCore/System/Http/Requests/UpsertNDISServiceAgreementRequest.php,2067,c0b2cc542bea0367874919ee978a44bda1471f44be8fad74a6c7981dd479feb9
app/Domains/WorkCore/System/Http/Requests/UpsertTradeComplianceProfileRequest.php,1580,8830d4f74b86267bf557bd7cbaf37d5cc3c78af75de01525fce393aa3847a83b
app/Domains/WorkCore/System/Http/Requests/UpsertTradeLicenceRequest.php,1315,e6da20e53ae24fdb08912953c220d22cd40218cdbcef65d8c9499c0fe5699c4f
app/Domains/WorkCore/System/Identity/MagicAIUserCompanyAdapter.php,1256,bbe3ca97912590641a584ee9de85e9753bd01cc36b51e141ec15cd588b2d41b4
app/Domains/WorkCore/System/Intelligence/Actions/CaptureDomainIntelligenceSnapshot.php,6196,9d52a65204d130bc12b05c4b6d9af9e79cc5dc3b486ec63f39295267a777ddc4
app/Domains/WorkCore/System/Intelligence/Actions/IndexKnowledgeDocument.php,3428,e27041a2e227932ab004f42bdb2b66741bed52180f50877adadd52ad10e9be0d
app/Domains/WorkCore/System/Intelligence/Actions/ProposeIntelligenceRecommendation.php,2309,673b853f24d56dee84e49e9e9e8ca1a514b2cee9d829beaae91e9426b90cb711
app/Domains/WorkCore/System/Intelligence/Actions/PurgeExpiredKnowledge.php,1133,0a0598af6dc7bbf47b231ff27b423c649cd90c73d9dcbd716df75138f85af29a
app/Domains/WorkCore/System/Intelligence/Actions/RecordIntelligenceObservation.php,2084,2b91eb85a92e33a28f96acbd2dee0e7dc38cc09cbe2ada617b9fd25d95bd4db0
app/Domains/WorkCore/System/Intelligence/Actions/RemoveKnowledgeDocument.php,1359,98a79440f336264045bab365a39200be70705bb59cc76ab14002e7c84de8578b
app/Domains/WorkCore/System/Intelligence/Approvals/BoundConfirmationVerifier.php,1852,2b87b02e68774d328f325b17be4d90757a069d27faf08f4126272262c1e32919
app/Domains/WorkCore/System/Intelligence/Approvals/ConfirmationGrantService.php,766,828d82d7f6b6700c8ad0c460496382908e2a8a969dadab99c92fe5d89caf0dbd
app/Domains/WorkCore/System/Intelligence/Approvals/ConfirmationGrantSigner.php,3737,8b2d8d8d44dd1228a64ab1d61a70f6641d81d7e54b5b19b771d81d1cac6437a1
app/Domains/WorkCore/System/Intelligence/Approvals/ConfirmationNonceStoreContract.php,360,136297a87008c777c579c8fa7d6952ca9c45a0c1273508f26ca674fddabd2836
app/Domains/WorkCore/System/Intelligence/Approvals/DatabaseConfirmationNonceStore.php,1507,de7004cba8c9b26a661d411ed033e9449300d153116d256be3d0526e5d74e0c6
app/Domains/WorkCore/System/Intelligence/Budgets/BudgetExceededException.php,182,b88754dca34eca4263d51642cada5a68ae6f6b2ca94b98492f52f0dd57ae8a62
app/Domains/WorkCore/System/Intelligence/Budgets/IntelligenceBudget.php,594,ede64d3fffc2a65d6cadd951c34f69797b21e26989575830b827a257d2b4f57c
app/Domains/WorkCore/System/Intelligence/Budgets/IntelligenceBudgetLedger.php,2213,6959715512ddf8820b36a781297ce6019e3cbe3701913f4fe5823393ca6012d1
app/Domains/WorkCore/System/Intelligence/Context/IntelligenceContext.php,539,d3acbd3d3ef11ad9ed4ff74af7f93727db683f598173a8995b70ed514d11c496
app/Domains/WorkCore/System/Intelligence/Domains/AbstractDomainIntelligenceAdapter.php,2378,a09c2c9c91b06027c9d767ae560787bfcb1c2eca20813d5a2628d705446fb109
app/Domains/WorkCore/System/Intelligence/Domains/Adapters/ComplianceQualityIntelligenceAdapter.php,4006,cffe57b2ac31f5b50cedb915443181df40b3a2fe250a0f5880ddb7306535ab44
app/Domains/WorkCore/System/Intelligence/Domains/Adapters/CrmIntelligenceAdapter.php,3144,8cd84c677d670232f8541e0efee919c0c44d102566d8502c92dfc7b8ccf67277
app/Domains/WorkCore/System/Intelligence/Domains/Adapters/FinanceIntelligenceAdapter.php,4301,4f39c0ee5bdc3b4345846f3b7a39cf85da35f80ed885280ba712a94140551b8c
app/Domains/WorkCore/System/Intelligence/Domains/Adapters/OperationsIntelligenceAdapter.php,3540,576c71eeac85c1d9334381dc325a0d534a43d7ed64fbdc2d90568e27c8046178
app/Domains/WorkCore/System/Intelligence/Domains/Adapters/PremisesAssetsIntelligenceAdapter.php,3582,0f474deb41637106183bc7aec45fbadd0638221d046e3673bff614bf1cc8b77c
app/Domains/WorkCore/System/Intelligence/Domains/Adapters/SupplyIntelligenceAdapter.php,3702,f3d99f9c40de93546152ef12abacfa6a9560ad0a3806342ef354c392131ee99a
app/Domains/WorkCore/System/Intelligence/Domains/Adapters/WorkforceIntelligenceAdapter.php,3615,5c21d4deae43966a053be7dbfd8b7aa1dd7f20fe5486d748aa6cadd41d129269
app/Domains/WorkCore/System/Intelligence/Domains/ArrayDomainMetricProvider.php,747,701909d17b9c53603b768c44ad2a7b67188eb0d6669c4aa4cf18621dad962b5e
app/Domains/WorkCore/System/Intelligence/Domains/Contracts/DomainIntelligenceAdapterContract.php,732,244ad4f6830a2016c2c1eaa8d67212c5c2fd339602c6e8759ee1f9bc86ce7e97
app/Domains/WorkCore/System/Intelligence/Domains/Contracts/DomainMetricProviderContract.php,413,574727632596c5a98eea6e92ee36281fe10498f0f4add73978e8b7ce28e4dea3
app/Domains/WorkCore/System/Intelligence/Domains/DatabaseDomainMetricProvider.php,5008,c1db73e23b72468e5a1ac8beed9cc143e06d52f587296c91d517b5765c17c28d
app/Domains/WorkCore/System/Intelligence/Domains/DomainActionAuthorizer.php,1246,b5d6994b6f6cbb285e0df8f5d7ad69036ebcaeec7434abd1d4ee9f9f2498b354
app/Domains/WorkCore/System/Intelligence/Domains/DomainActionDescriptor.php,1490,31de8a3ec6619259d5d723961e685750fc55f96baca2cb45fe298b2f37a42756
app/Domains/WorkCore/System/Intelligence/Domains/DomainIntelligenceContext.php,2049,ff94683cc47966e04572239b58618256c41d78e412730f6fe5d36b379706909d
app/Domains/WorkCore/System/Intelligence/Domains/DomainIntelligenceContextService.php,1109,9a6d7ba11729df8b60a80e0da97178d867b41cb4058e222486bdf4e374fbd966
app/Domains/WorkCore/System/Intelligence/Domains/DomainIntelligenceRegistry.php,1219,7a7a80f78164a295bb254eb7980638657dce0fc6f202802e8611d38135a87585
app/Domains/WorkCore/System/Intelligence/Domains/DomainIntelligenceRequest.php,981,e1aae3af29f3e20374c432a594d3886f68f68171aba60ce88d016e9754f93a6d
app/Domains/WorkCore/System/Intelligence/Domains/DomainMetricDefinition.php,3532,c4593db00fe5b0b47b32915663cf5f8bf021892ec2801f9827dcf30380cc20f5
app/Domains/WorkCore/System/Intelligence/Domains/DomainSignal.php,1936,9eda3a62ec1c535305ddb6ce418448f70e0d910d76782955a55897136b6162a6
app/Domains/WorkCore/System/Intelligence/Evidence/DatabaseEvidenceStore.php,3847,0734def8cd6d5b3e4b057f5623d1042bd307fe00cf19fd41ee1ed96ed13f4d58
app/Domains/WorkCore/System/Intelligence/Evidence/EvidenceChain.php,3729,3c3244c73e3c20eac776cfe0abdbcf046e06825328cf34e7a7a35cdd59f08499
app/Domains/WorkCore/System/Intelligence/Evidence/EvidenceEnvelope.php,1347,caa95da1f1a7d91048b70caeba2dcc78d1a19bcdbc0ff420ab76ac9e24358603
app/Domains/WorkCore/System/Intelligence/Evidence/EvidenceStoreContract.php,556,ebbf3e353e247bf3883044e24f9bf6467af3f86efe1d3df7669b9bcf149eebd9
app/Domains/WorkCore/System/Intelligence/Execution/FailureClassification.php,605,f969954a8e1f937f94b36404651d9d31b8579d16c85c97b7461374fc71b9082c
app/Domains/WorkCore/System/Intelligence/Execution/IntelligenceFailureClassifier.php,1901,1266dfead283c003b9c083bb9e9f82e0e091022ca79c89fdbccd755e5808ceda
app/Domains/WorkCore/System/Intelligence/Execution/IntelligenceTaskResult.php,835,77b74f8320999c2d40020395c3f114c0e4cee6f5292bee7b9ab093c614f70adc
app/Domains/WorkCore/System/Intelligence/Execution/TenantScopedIntelligenceJob.php,647,729fa7e3d738174ed5d3322b1bdd3ac5166a8cbc278fda9a1d548b64a888f683
app/Domains/WorkCore/System/Intelligence/Knowledge/CharacterChunker.php,1749,c3dfbf4414b04a5ff0230a4935a8509a21e05f86f77af3533ec23bc5945ff243
app/Domains/WorkCore/System/Intelligence/Knowledge/DatabaseKnowledgeIndex.php,16614,77ccba29268bf1f705f6de9ca8dc16914d54ac50a54269d2741aa382a9929f5f
app/Domains/WorkCore/System/Intelligence/Knowledge/Jobs/IndexKnowledgeDocumentJob.php,2111,e93aeb99b0d01b4d1caa7098dd87e2e7c58d7634eb627598beedf959e2aca83d
app/Domains/WorkCore/System/Intelligence/Knowledge/KnowledgeAccessScope.php,1731,bdf967011d9b1a6d3bf2670e74e090913e75543509182e4841db1bc52fd90db1
app/Domains/WorkCore/System/Intelligence/Knowledge/KnowledgeChunk.php,389,a6228cece67fde68158698b41c78f53690f7ba817a099545444e92ba516bdb72
app/Domains/WorkCore/System/Intelligence/Knowledge/KnowledgeCitation.php,1395,8a933c0936ee59e7893b35ca1629efa0605980894576e419e9860184fe700288
app/Domains/WorkCore/System/Intelligence/Knowledge/KnowledgeContextBuilder.php,2487,e2a652200a468abe7f592c279eb0d46f86753b491699f59934a1b55d90048cbb
app/Domains/WorkCore/System/Intelligence/Knowledge/KnowledgeContextWindow.php,666,50e55eca81ffb88be0a97f911ae5bb9daae4fd1278e4014a109f1e2e2746dbf4
app/Domains/WorkCore/System/Intelligence/Knowledge/KnowledgeDocument.php,2555,5b76870f514fa9b1fe2d3ba5526a89287783a9ca163ef70c9dfb7ac494656351
app/Domains/WorkCore/System/Intelligence/Knowledge/KnowledgeFreshnessPolicy.php,878,f8bca04564fb6bec5ebdc2a8337e550a1ec15fb8e662a9a1470aa5b87d0836a2
app/Domains/WorkCore/System/Intelligence/Knowledge/KnowledgeIndexContract.php,384,adee01f66b91d6f56609f753b34e33e19500ebf92b5b2daaa31e17568fd2f265
app/Domains/WorkCore/System/Intelligence/Knowledge/KnowledgeIndexStatusContract.php,335,8c1b8516b1467cfb96c8fccb5c33b268cc94a0d0d15657c082052ae0ce9b6bea
app/Domains/WorkCore/System/Intelligence/Knowledge/KnowledgeIngestionService.php,1251,ff21ecea3a2aac6463b07dcb7e78ec9c03aa46ef87c7ec7d2e1ba2eeacaa1340
app/Domains/WorkCore/System/Intelligence/Knowledge/KnowledgeQuery.php,1429,d9ed679ad7b5665f603c64f01e05e0e40bc9e17907d52e7abf30feb6cbb89669
app/Domains/WorkCore/System/Intelligence/Knowledge/KnowledgeRetrievalEvaluator.php,1919,8dcf63819caf2ff0b4155c6f636afb559e0bdab1834ef8552d3e2a52772eabd5
app/Domains/WorkCore/System/Intelligence/Knowledge/KnowledgeRetrievalResult.php,909,cd1e9aebc22fe0017ea8de8d111cc2b8f0ae931bd062132266ed7755853d1c10
app/Domains/WorkCore/System/Intelligence/Knowledge/KnowledgeSourceDescriptor.php,837,1646f4f0de077c155ce8a487ad0a730cdefd79dff2b618c1726569d90283ac87
app/Domains/WorkCore/System/Intelligence/Knowledge/LexicalRelevanceScorer.php,1531,a7e526062f3ba3df1a31e7263e52f36364cd99f30ab0a9c2d97b0c9f45928c22
app/Domains/WorkCore/System/Intelligence/Knowledge/NullKnowledgeIndex.php,837,3739eec2a1dc39b3c8dc82b7943640706a2d1175e12484277336c0c877e716c8
app/Domains/WorkCore/System/Intelligence/Knowledge/ReciprocalRankFusion.php,1427,786d8eb7fc1f2846e7f647a9e4c1175825341331fe0ddb50461d749749744cc8
app/Domains/WorkCore/System/Intelligence/Knowledge/Retention/KnowledgeRetentionPolicy.php,1204,388a01be043b4d43298e85ae47a9a81520c448893330b145d275a593fddf0b3a
app/Domains/WorkCore/System/Intelligence/Knowledge/VectorValidator.php,1098,5e4728d33fe104e996516540e6354537f303d7de518202f48c0ededaf853c80a
app/Domains/WorkCore/System/Intelligence/Learning/CapabilityDecision.php,674,0edda507c312621abaa173386b528ded0c57fdd4922ec79f046d306071c262fb
app/Domains/WorkCore/System/Intelligence/Learning/CapabilityMatchRanker.php,2981,f9cb4ccccaac0081d61e257546e36925804abe44e04fccb0508b5b4b819c7ee7
app/Domains/WorkCore/System/Intelligence/Observations/DatabaseObservationRepository.php,1718,fbdcf1ad95c9206e5915b6f5ff201e4922d84fb54af54c48947f8240c05a2379
app/Domains/WorkCore/System/Intelligence/Observations/IntelligenceObservation.php,1380,63a626256b659d79ac8ae78e2dcd27291ce43995ac32fe51e4e31dfe4de42fed
app/Domains/WorkCore/System/Intelligence/Observations/ObservationRepositoryContract.php,423,e0e8ed5603bab60b8f590d0ca44e94d2fbe6e61083ecba76d93d3adc63019f53
app/Domains/WorkCore/System/Intelligence/Proposals/BalancedJsonExtractor.php,2379,3b21c215aea600ebef7dfff50ccb3a974a2a975b9fa4b59bd224e44f0e83ca01
app/Domains/WorkCore/System/Intelligence/Proposals/ProposalEnvelope.php,822,bc48423af395b66ee50efb72c4d79dda9e427e8ab55fef9556f06f41c47b60a6
app/Domains/WorkCore/System/Intelligence/Proposals/ProposalIntake.php,3249,813a6873bda859e584ff374b8e703e2defe72b9587981b2f4b66ddbc6c54bce7
app/Domains/WorkCore/System/Intelligence/Proposals/StrictSchemaValidator.php,5332,2d612ef3442a0bc01bbe22e4ff7b8ffd21596ca71647902ae7acd046f947e983
app/Domains/WorkCore/System/Intelligence/Providers/WorkCoreIntelligenceServiceProvider.php,28245,9ab5f35034b9fa561b2651dfba99acb7b869844c11206032641eaf78b22be2f6
app/Domains/WorkCore/System/Intelligence/ReadModels/GetDomainIntelligenceContext.php,1764,56bb0674caae8aff0a69fe758bf53b3515258f78aede297ab3e0963b37448a33
app/Domains/WorkCore/System/Intelligence/ReadModels/GetDomainIntelligencePortfolio.php,2647,3e34122311182066e3f9cd46e474ae7633c81af94d0dc48596b57cf0877a53f5
app/Domains/WorkCore/System/Intelligence/ReadModels/GetIntelligenceStatus.php,1938,a6e867961d1a6f598875401fdd6fd0f8d0952a27b38b1d81ff943efadaf41639
app/Domains/WorkCore/System/Intelligence/ReadModels/GetKnowledgeDocumentStatus.php,986,1522e045b514a987427db07555d489282caab0afdb851a5ee7f76c36b5904c01
app/Domains/WorkCore/System/Intelligence/ReadModels/ListDomainIntelligenceAdapters.php,1810,1a082cd4590f15adc1c9c11a3130d7ef42f07d592e14e9190bf1dc6dd22fcb1c
app/Domains/WorkCore/System/Intelligence/ReadModels/ListIntelligenceObservations.php,1022,86331a7b92bc2f27489f45b542ee3c33c5b5a4f3785598abbdd90551b1334aed
app/Domains/WorkCore/System/Intelligence/ReadModels/ListIntelligenceRecommendations.php,1040,7a285a8789497da69cb99347e30921ed4dbf35f2c5808348bc826a8fa80afae0
app/Domains/WorkCore/System/Intelligence/ReadModels/ScanIntelligenceInput.php,1214,060793e1a52835d08046c0af5ba70cbd88d97de5c19862ed48bba2a88cc0efd3
app/Domains/WorkCore/System/Intelligence/ReadModels/SearchKnowledge.php,2649,f53f3783a11ff426a4c4cbcbafec4a6f405af69578834909c1ade881f50f2dc9
app/Domains/WorkCore/System/Intelligence/Recommendations/DatabaseRecommendationRepository.php,1766,e9266d388262312e6cbe0474a772b27d72f1a89f49761afff37af9d80204fb43
app/Domains/WorkCore/System/Intelligence/Recommendations/IntelligenceRecommendation.php,1615,6c3352bab917cbe74879b932f4f2ed5829b1217cd5170b1ae61e96b676d95ac6
app/Domains/WorkCore/System/Intelligence/Recommendations/RecommendationRepositoryContract.php,438,b8692a6d20f80ad1274883a9376b928e6c85c629d8ff7d2856b9a604bd865d3a
app/Domains/WorkCore/System/Intelligence/Safety/AustralianIdentifierDetector.php,4051,84ba37b0b1473aeb40daff227f735bad34502019b62fc6153dd66e84f841a937
app/Domains/WorkCore/System/Intelligence/Safety/ContentSafetyScanner.php,3200,cb0260c6866ed8b181027a62ce5ad196b47432b5fcbb75fb8d9965611aa447f0
app/Domains/WorkCore/System/Intelligence/Safety/SafetyFinding.php,731,34d776b9e36cb2ff4683d3c6300f17f507ac3dd7123d785f0b63311c0fbdd806
app/Domains/WorkCore/System/Intelligence/Safety/SafetyScanResult.php,736,ddfd19e41e18d6b7788f6774f5b095fb866e394783282bcf1ee1c1e53a673339
app/Domains/WorkCore/System/Intelligence/Safety/SecretScanner.php,3096,64557477a581d73e8fd0238daabb870c904a11abca342dacbbc1423f63e63c36
app/Domains/WorkCore/System/Intelligence/Telemetry/IntelligenceTraceCollector.php,1439,dde75b8c3a722748daba5fc1d8b377969cc408c720253ce34bb13e5bf3a15bd6
app/Domains/WorkCore/System/Intelligence/Telemetry/IntelligenceTraceEvent.php,423,f36bd02b574d90e0a01a2286bd30a3fdd0bf8d5950afc822da24d72e91ca26c2
app/Domains/WorkCore/System/Models/BusinessLine.php,1460,89e503697e009848dde96b7f3097bf4a166e9d3ab7a6bb14dc967d75247db822
app/Domains/WorkCore/System/Models/Company.php,2133,28ab8be0e02d43bb4f5e5ec0b54c99b110e9f27ff3cecc710dd38312d5107d42
app/Domains/WorkCore/System/Models/CompanyDocumentTemplate.php,990,2f89fc5cfce7e8e0533ff99169ccc709eaffa0e7c1cf65e2ee51790041adf5c6
app/Domains/WorkCore/System/Models/CompanyFeature.php,657,8de21e78cc639a7e670b9ac31475b77625977494d7ef5a7f1cb16578e4b656e9
app/Domains/WorkCore/System/Models/CompanyInvitation.php,964,29c57bd567d189e8937dbdcf79788f3aa57caa847778cdf9056138e70800e7ea
app/Domains/WorkCore/System/Models/CompanyLocale.php,721,27feb2a0df57b1c3e2ccddb696660fd41896f3ea505f31d59e6c811bc3294d4c
app/Domains/WorkCore/System/Models/CompanyMember.php,1115,9df1171be26edb961d97055b108d8b726e2b31e78099e88899e4f8579aee2f7c
app/Domains/WorkCore/System/Models/CompanyMemberPermission.php,589,6b8ddbb0d85df19ad18786f557e9437c2c732fc6daeb0226b35e26aee0df68c1
app/Domains/WorkCore/System/Models/CompanyRole.php,802,3f0b4620684842084398d09aab89821041e82aa73f6b5f89e0d758af46670279
app/Domains/WorkCore/System/Models/CompanyRolePermission.php,565,edec3fb97d55262be71edcd3059ead4f1b2c25d3303db24677739c11e211110c
app/Domains/WorkCore/System/Models/CompanySetting.php,646,4ba82bd84e31f6ac3a25b0c800a2701e81afb7e727965014634ee85ea0ff65ca
app/Domains/WorkCore/System/Models/CompanyTerminologyOverride.php,597,25d7a9617a9baf7bf44921db69798973715c5c95a3f7c5841bcc2f61bb9c3ea7
app/Domains/WorkCore/System/Models/CompanyVertical.php,1111,177eb9f6008b967d488355c1f878a5de7ec1ed20a58c9177ea4c8a86cd0fcee2
app/Domains/WorkCore/System/Models/TradeLicence.php,1363,8a9b806176cb7038763af092e1eca9ef0346645f7942c2225dda54137c72147a
app/Domains/WorkCore/System/Models/VerticalInstallation.php,969,ee8768b77987f15879df79c798f73e1c373bd0210513494d2ed3e9c2f605a56e
app/Domains/WorkCore/System/Models/VerticalSeedProvenance.php,764,e37d22b2e7c4a12952e6e2fcddba75af926f8553fce4d6677441dfa5fe36c4e1
app/Domains/WorkCore/System/Models/VerticalSetupSession.php,1050,cf88524f146a0c2bfa3731d99b012b5a255288ecdde4df98b2ced2a35983b8e5
app/Domains/WorkCore/System/Models/WorkOrderCertificate.php,1369,e1c4c357ee08a9c3cb36a66bb0137a5c2ce9a4231fe89ce6d4c5d85633d0100b
app/Domains/WorkCore/System/Models/WorkerBusinessLine.php,996,61ee8866adb60f89e3fc12096cb9b022998b13d8e6142c100157b805bdc9a3b8
app/Domains/WorkCore/System/Modules/Assets/AI/AssetsToolRegistry.php,1183,58121048dba96b7e0520151b5013ae25fd5517ec37f41a8c25a38fe14bf5f311
app/Domains/WorkCore/System/Modules/Assets/Actions/AssignAsset.php,1049,216f687a93c96f677023897e4027829d18e9c037d913681bdf14e31b527ec0a1
app/Domains/WorkCore/System/Modules/Assets/Actions/ChangeAssetStatus.php,1445,667af38071316ec8e0f687f7bcd3fba1711aee5220a873f0494c93c85e345f3e
app/Domains/WorkCore/System/Modules/Assets/Actions/CheckinAsset.php,1102,62c2143fd83862685c8d06609c0f7536687654d099cb6e268ebbc04f31f3f72f
app/Domains/WorkCore/System/Modules/Assets/Actions/CheckoutAsset.php,1106,11a9127fa334c2a010866d3e71f21e380f6fa1d19914e8f3706cb95b8bdf2f85
app/Domains/WorkCore/System/Modules/Assets/Actions/CompleteAssetMaintenance.php,1227,63fda83504d88bdf5f9f3e14ae95d1ed50d4b709fadbde133f026dd590dc5730
app/Domains/WorkCore/System/Modules/Assets/Actions/CreateAsset.php,965,2e5f8b5328773984caf8ec756ca4c713f2fe1c3aa205a1a62ee9d4354442fd98
app/Domains/WorkCore/System/Modules/Assets/Actions/CreateAssetCategory.php,1006,a73daf4151eab6149d63d7cac472308e8cebe2aa305f1829ed5938367f6a2ddf
app/Domains/WorkCore/System/Modules/Assets/Actions/CreateAssetFromSupplyReceipt.php,1188,a8036b5e7f2b458d1c0a3d2fb1cbdfcaa148d7e87434c05d73dd62299fcfa755
app/Domains/WorkCore/System/Modules/Assets/Actions/CreateAssetMaintenancePlan.php,1149,12ea442e8bba674d5d1242933f0440c6e7a590dbf57201873ed0a4b55f30b2af
app/Domains/WorkCore/System/Modules/Assets/Actions/CreateAssetWarranty.php,1119,34b4afb07f250f84d6bae7fdd0936dd19229a2f85de1cb3b060033f9b466a6d1
app/Domains/WorkCore/System/Modules/Assets/Actions/CreateAssetWarrantyClaim.php,1216,bb17b78a255f12899ada331b93b5fb1144427667fac9adce8b7a788bc4db5ef1
app/Domains/WorkCore/System/Modules/Assets/Actions/GetAssetAvailability.php,492,49210dbb3d44d3f39e83cbf313013da9c0ef8a5948335de9f26d7c47f91ef5ed
app/Domains/WorkCore/System/Modules/Assets/Actions/LinkAssetDocument.php,1114,929289df858c00200206c35b472de9c9741513c3bc3fa6de782a7a8ac6e56cf4
app/Domains/WorkCore/System/Modules/Assets/Actions/LookupAssetIdentifier.php,511,16c28071b73381a343f7fbc85f950b4ece7052237669001bebaab650d2a04825
app/Domains/WorkCore/System/Modules/Assets/Actions/OverrideAssetStatus.php,1280,e375b1d11775d44a211bcc87140878ad71f32a2a2d88c2c5071d8a5bb5453710
app/Domains/WorkCore/System/Modules/Assets/Actions/RecordAssetCalibration.php,1513,ac4efc5191aee400af10ea4220984b0461d29b8510fc07229c4eccca2a0215d4
app/Domains/WorkCore/System/Modules/Assets/Actions/RecordAssetCondition.php,1124,d21f52db2aed86c7f3d165c0fc09a3c84dbd774d3d3d7936d3cadd5079c1b20d
app/Domains/WorkCore/System/Modules/Assets/Actions/RecordAssetMaintenance.php,1079,19ec38f9a3aacdcd364b18578acc28f9d7874de2fe52a0b7018ff1cb14006a11
app/Domains/WorkCore/System/Modules/Assets/Actions/RecordAssetMeterReading.php,1085,a7350a8d942c33b82961e69186eec5c4322b427e4fd3b7350b21cd1200644268
app/Domains/WorkCore/System/Modules/Assets/Actions/RegisterAssetIdentifier.php,1134,c5cb1a388c0bef64e96161fc65e17d3ae62d283eb9b0e87cabe3b4bd78146325
app/Domains/WorkCore/System/Modules/Assets/Actions/ReportAssetDamage.php,1119,1a3829f03e80fb3e3b68645286d7dd337a134a4a3f0854bd1a6a783767409078
app/Domains/WorkCore/System/Modules/Assets/Actions/SearchAssets.php,572,d106ceb93f25d48ae39a7cf62a1a81fc4b7623857844904e063c3c65f6dfc5c2
app/Domains/WorkCore/System/Modules/Assets/Actions/SearchOverdueAssetCustody.php,491,a90189588685cd75bab18e164fef2cd9dec9ce3e994cff7a66d523f063f62608
app/Domains/WorkCore/System/Modules/Assets/Actions/StartAssetMaintenance.php,1219,61a88daba1455118c5456862b1a4ea03caaf993a0f2e91131cd31b6744b95ae2
app/Domains/WorkCore/System/Modules/Assets/Actions/TransferAsset.php,1107,8f471c229f60a8f013af4e3d47b729cd1836104424cfe82bad65eefa6c93a77c
app/Domains/WorkCore/System/Modules/Assets/Actions/UpdateAssetWarrantyClaim.php,1313,33ad04c66ce5bea192b2f5bedce776dc47f310fe376caa5d0962fb359bead98c
app/Domains/WorkCore/System/Modules/Assets/Actions/WriteOffAsset.php,1194,adeb784c4e2743a95e61d3248f09304e994276847c0c32eecc5cd1d65499c0c0
app/Domains/WorkCore/System/Modules/Assets/Console/ListOverdueAssetCustodyCommand.php,1449,d7fd4735f90736ba8ac2260f5e153e2a0a0674597e20c1a7401a32c58688a7e3
app/Domains/WorkCore/System/Modules/Assets/Console/ProcessAssetDueCommand.php,12074,c27d4b8dbff9a381dd7eb75c98aee70c1fd52d61805055fee13e2a6ec1956298
app/Domains/WorkCore/System/Modules/Assets/Console/ProcessOverdueAssetCustodyCommand.php,5830,750a0af50d548fd22259a9d2f0c0dff8a96d047ebc5f198fb9eb284a327de609
app/Domains/WorkCore/System/Modules/Assets/Contracts/AssetRepositoryContract.php,2912,64e1fc604399819e8ef7a0fe8414bd2df925cfd93afc328ed6cdc3c2d3b3b4dd
app/Domains/WorkCore/System/Modules/Assets/Http/Controllers/AssetController.php,11819,d7bbdc5c6f847da56fb29318f556894f3c87d3a19bf25370194b4e143e01bbbf
app/Domains/WorkCore/System/Modules/Assets/Http/Requests/AssignAssetRequest.php,2858,da387fd3e6c2026e47fe3134cefddd7481ea334a12ddde13ef22ae345fca24f4
app/Domains/WorkCore/System/Modules/Assets/Http/Requests/ChangeAssetStatusRequest.php,909,b957da4037fce9c12d5b930499563293a410207eba1fa51ecd4308c3091e4610
app/Domains/WorkCore/System/Modules/Assets/Http/Requests/CheckinAssetRequest.php,919,eb897cc686be91f13272c527ef4ca8ead747884fd683e1bd3840698a826f23ec
app/Domains/WorkCore/System/Modules/Assets/Http/Requests/CheckoutAssetRequest.php,2860,c43625bed788c5e016a2c939d366dec511a724ea053e5577550b3043d2841302
app/Domains/WorkCore/System/Modules/Assets/Http/Requests/CompleteAssetMaintenanceRequest.php,1105,bc90a57c88d62abef6712fe8ec4d3d52516bfd6b02e54b4993b221f13cfaa096
app/Domains/WorkCore/System/Modules/Assets/Http/Requests/CreateAssetSupplyHandoffRequest.php,2024,f014714e8ca36b3300f47f3aba1351c0030d839be0122e0ba7a312ee428ae7e0
app/Domains/WorkCore/System/Modules/Assets/Http/Requests/LinkAssetDocumentRequest.php,801,bc3f3c25d2a23627f440e53df6635367022cf2b324a5a6c02676f2d8cb6281b3
app/Domains/WorkCore/System/Modules/Assets/Http/Requests/OverrideAssetStatusRequest.php,881,3f5789eee2869371587a8f14e8620dd18d06ab57f7d1356e631b2f95ab15f105
app/Domains/WorkCore/System/Modules/Assets/Http/Requests/RecordAssetCalibrationRequest.php,1373,2e7ad09e0bb0848c92d1f3fd5442fcd12496eaa1d5520c69b77ef924b0b0a0f8
app/Domains/WorkCore/System/Modules/Assets/Http/Requests/RecordAssetConditionRequest.php,779,71afed1b379c9322c7d47f0cbc925929f13cd31adbe7cd789e57c05f4562925a
app/Domains/WorkCore/System/Modules/Assets/Http/Requests/RegisterAssetIdentifierRequest.php,583,7b0197100c502996c7c7286b5b5cc1d38aa86d9585b924000c9a31a0d947d668
app/Domains/WorkCore/System/Modules/Assets/Http/Requests/ReportAssetDamageRequest.php,1154,7caed8fd37bcb21f43ced136a663e77bc6ebe5b3889468b95595ecd0ea10a4a8
app/Domains/WorkCore/System/Modules/Assets/Http/Requests/StartAssetMaintenanceRequest.php,569,3823a455a00fcc4b9415494532f40f37e8777c3f68d7d96ab2e2c9f40bd764c3
app/Domains/WorkCore/System/Modules/Assets/Http/Requests/StoreAssetCategoryRequest.php,1058,6d33831f3760c4f249689744dc16d114aa6a19e7348adaeb4ab8de775a253fc8
app/Domains/WorkCore/System/Modules/Assets/Http/Requests/StoreAssetMaintenancePlanRequest.php,1282,9fe7fd463a670d13534ad332248d27182943556e3699148891a327a0b0c2c93b
app/Domains/WorkCore/System/Modules/Assets/Http/Requests/StoreAssetMaintenanceRequest.php,2028,a6252456b34bcb0595a7094f6024385b881dbb8f7def4d143be797be681c00ee
app/Domains/WorkCore/System/Modules/Assets/Http/Requests/StoreAssetMeterReadingRequest.php,810,a05b3de8135ccec6f6da627cc56b4f433712452bafc242a2ab22073aa4732703
app/Domains/WorkCore/System/Modules/Assets/Http/Requests/StoreAssetRequest.php,3129,3ba60c14d70a3694f042050928cec59d7d488e95a2178a977e307c02e4fc8572
app/Domains/WorkCore/System/Modules/Assets/Http/Requests/StoreAssetWarrantyClaimRequest.php,763,df6b892b763d811dee81538fe1bd898def4313b4ab714c4f33b8028869c1ab7b
app/Domains/WorkCore/System/Modules/Assets/Http/Requests/StoreAssetWarrantyRequest.php,1097,322354d822a6548399a0dd198eb365efa4f853f5fb83d01fbced4e48624c70cd
app/Domains/WorkCore/System/Modules/Assets/Http/Requests/TransferAssetRequest.php,3239,4081921549909a9671218c732dae2ace76a80715378aa60d61f5b6598e07ae62
app/Domains/WorkCore/System/Modules/Assets/Http/Requests/UpdateAssetWarrantyClaimRequest.php,798,14c69895d59bcbc6048f71e875261a3b217741d156c9b1d6e4f7e609f9214d1e
app/Domains/WorkCore/System/Modules/Assets/Http/Requests/WriteOffAssetRequest.php,688,b2bdb992b157bbf214909e1ebda5a38a640e9ef1f1a1b38d54cc9323beb51c5b
app/Domains/WorkCore/System/Modules/Assets/Providers/WorkAssetsServiceProvider.php,6668,00efd5a20e8a1f6dd6b4d625edaee098358beecff825a28017b5202388de4adc
app/Domains/WorkCore/System/Modules/Assets/Repositories/EloquentAssetRepository.php,70133,6e0bf200711ee578cc6450b5ef0bbeb1b71c9f2821c63ad6831a812f4ec5a11a
app/Domains/WorkCore/System/Modules/Assets/Services/AssetAssignmentPolicy.php,1835,35b17e602257bccd189ab164e3bf12955e7188e6597b66714fb45d84bda69d34
app/Domains/WorkCore/System/Modules/Assets/Services/AssetQualificationPolicy.php,6332,3ba49c04365de865ed621aa8644824e55b5707449b020c4749d5c3cde438f092
app/Domains/WorkCore/System/Modules/Assets/Services/AssetSchedulePolicy.php,6656,692ac7dcfa8a481bb28987c779f7ebace1d97c276d8161eed0a1e230b17da8dc
app/Domains/WorkCore/System/Modules/Assets/Services/AssetStatusPolicy.php,4252,4fd831eb1ed4a3df68d5f5ee1699cdb4c92584294a6af7e70dfd3e6d0cfe2df6
app/Domains/WorkCore/System/Modules/Assets/Services/WarrantyClaimPolicy.php,1758,f0575165ad74571dfa5f8e3196dc64261c0b85caaa75b98bcedf3ec32df81ccd
app/Domains/WorkCore/System/Modules/Assets/routes/api.php,3752,e7f13c3bbd6ff28daa43721bba4b911abea051b6e03c63a64d980cf27f656322
app/Domains/WorkCore/System/Modules/Attendance/AI/AttendanceToolRegistry.php,840,a8019a71b50adab870b715f18b77b07d740fd8ac77cf9ecadb6bd4d721fc105e
app/Domains/WorkCore/System/Modules/Attendance/Actions/ChangeLeaveRequestStatus.php,1058,ad57ed6b6a9708a8310fd4e7ac3e8b1167c26d0d64042f78b8eba988ea6fc595
app/Domains/WorkCore/System/Modules/Attendance/Actions/ClockInAttendance.php,975,1ab75576dccd5beaef3bfb33c959d9d7ed1f0cf06b8a33de2e1754cce86db752
app/Domains/WorkCore/System/Modules/Attendance/Actions/ClockOutAttendance.php,1037,3313f662b63986a20eba2070cf1dab7f0df4a1f141627f69636df96eadcf9084
app/Domains/WorkCore/System/Modules/Attendance/Actions/CreateLeaveRequest.php,985,3456df7a38306f1842a18da925fa1932babc545f98210e1412fff996bb349d19
app/Domains/WorkCore/System/Modules/Attendance/Actions/CreateLeaveType.php,970,3c9b00dafa23a87b44ce1266d3757a13636648f4c5978e22ac1d768ed76a4f31
app/Domains/WorkCore/System/Modules/Attendance/Actions/DecideTimesheet.php,1024,af710e20ee07dfb2a6c591945679b4877447e7600cedb569a13b2bba8533de1c
app/Domains/WorkCore/System/Modules/Attendance/Actions/EndAttendanceBreak.php,1037,4439223501308f68d1c42c3b189b25375b9fef58da16c9c9d7d0ee8659ae9859
app/Domains/WorkCore/System/Modules/Attendance/Actions/SearchAttendance.php,561,364a4817f34f9434aed26cb283ccf662a77371a0f98939b92b6e6afdcb2a72cd
app/Domains/WorkCore/System/Modules/Attendance/Actions/SearchLeaveRequests.php,567,1ce2d4cf50c6e8b7f0025c189e2a1708a79096062db4a057dea85a7c5368b964
app/Domains/WorkCore/System/Modules/Attendance/Actions/StartAttendanceBreak.php,1043,76f4e4a1e64ef682eee889a34be46806c4cdbed5b3243048ff15c410501a94e1
app/Domains/WorkCore/System/Modules/Attendance/Actions/SubmitTimesheet.php,969,6d8814683782cf40088a90cf518b4873dd477f257a95a0cf61b9df1529d1a378
app/Domains/WorkCore/System/Modules/Attendance/Contracts/AttendanceRepositoryContract.php,1334,98cd9c88ced7a9a5992cda02bf21e812967ec410725f921f7a1f65b666503e97
app/Domains/WorkCore/System/Modules/Attendance/Http/Controllers/AttendanceController.php,4401,b2d4155fc94380e8810f30dbcc09fd35536e3ca46a3c19df53d4c8477cabb97e
app/Domains/WorkCore/System/Modules/Attendance/Http/Requests/ChangeLeaveRequestStatusRequest.php,404,7b08a12e45de2fabc3bcd636ca0267f8faacfe50cc746193fcb72d6dad115b4d
app/Domains/WorkCore/System/Modules/Attendance/Http/Requests/ClockInRequest.php,1161,b02dc37651b42ad06e24cac19d388a6ead81fafa70a6c0a6512588cf1896d5d6
app/Domains/WorkCore/System/Modules/Attendance/Http/Requests/ClockOutRequest.php,466,d5a50ca69c2b346017cae2cb7c9e3f01a0d0b884ba194fa30e7c32f7ba190eac
app/Domains/WorkCore/System/Modules/Attendance/Http/Requests/DecideTimesheetRequest.php,382,df063fba87470049a73fd74a5acc365f639171a3804c58a957a350d6483553af
app/Domains/WorkCore/System/Modules/Attendance/Http/Requests/EndBreakRequest.php,322,0411d5930080c865a9951f269f9de06904055c9a373e77511dfdbb53908cae30
app/Domains/WorkCore/System/Modules/Attendance/Http/Requests/StartBreakRequest.php,455,2c39f52dea4963ee48a3a1dc2a45a49cb0d8b78e34fb9cc33707266d9ee3e44c
app/Domains/WorkCore/System/Modules/Attendance/Http/Requests/StoreLeaveRequest.php,781,a80910d543fa48dd72b65cd43a4cdb2e7eb74c69ea3d2eaab6f865c0dfb311cc
app/Domains/WorkCore/System/Modules/Attendance/Http/Requests/StoreLeaveTypeRequest.php,620,a062a229ccddca4af0a4ec36bf89081d38a7f1976592d1f206b7ec8a3e9d5bd8
app/Domains/WorkCore/System/Modules/Attendance/Http/Requests/SubmitTimesheetRequest.php,461,6c810ad9901c0db0a1a341cfe44f490d722bd49167360f569a05d7ae3365d7c3
app/Domains/WorkCore/System/Modules/Attendance/Providers/WorkAttendanceServiceProvider.php,3826,aa286c0dcc0f225a3b349ed85e7a1f32ef279a81ca8b4e0d55afde2c8469f55a
app/Domains/WorkCore/System/Modules/Attendance/Repositories/EloquentAttendanceRepository.php,31312,dbe2f75bfb666230a1f733683c59c6e7aa6cc76ea6d89d92125168ca898b97a3
app/Domains/WorkCore/System/Modules/Attendance/Services/AttendanceClockPolicy.php,1213,6096d446467d5eee669c078143f42d9c691a7605feb060a78bae1f5cbc8c458c
app/Domains/WorkCore/System/Modules/Attendance/Services/LeaveRequestPolicy.php,1311,b3e2183f9155f97f6275216f75c7d97c4ce814ca6db69716e182968c8dd840fc
app/Domains/WorkCore/System/Modules/Attendance/Services/TimesheetStatusPolicy.php,839,4c6aeaca5e973614173c8afc600c41ab73c1f8104bef4e812a157d7f7abeeb06
app/Domains/WorkCore/System/Modules/Attendance/routes/api.php,1636,3443399815ed4cafd0b08b8d337e9e6ee2363f9049af89238212f16d7ca9f46e
app/Domains/WorkCore/System/Modules/AttendanceVerification/AI/AttendanceVerificationToolRegistry.php,401,90af3b77846c962259dfda2c0166826cd5c40397e484d5d4b9a89d6c1387d6cf
app/Domains/WorkCore/System/Modules/AttendanceVerification/Contracts/AttendanceVerificationRepositoryContract.php,324,37c9e1553257fdc1e9a3b0e93b280de059384a2c3c02b7ea243c691ce7723c62
app/Domains/WorkCore/System/Modules/AttendanceVerification/Domain/AttendanceEvidence.php,453,36e9c8536103879e3bef35ff6c99ad88d80750a0dd607b7bfb6c39561fc396c2
app/Domains/WorkCore/System/Modules/AttendanceVerification/Domain/AttendanceVerificationAttempt.php,1803,57580826456b919219c8175bcca2b020212450c966f1274f42eec7d1fbaf73e8
app/Domains/WorkCore/System/Modules/AttendanceVerification/Domain/AttendanceVerificationPolicy.php,1482,ae3a22b455703e5ec425941ef6ec739d03d41c635f8bab0473c097fd2ff61aca
app/Domains/WorkCore/System/Modules/AttendanceVerification/Domain/OfflineAttendanceBatch.php,1826,ba99476ef1187f5e0e8b8bb9a8e880eb3634179ec3a8f634e12108eb07368253
app/Domains/WorkCore/System/Modules/AttendanceVerification/Domain/OfflineAttendanceBatchState.php,268,c9aa2c4c5e3cfbaec24458455c06aeb9ed14990ffbb98d2f52edea0aedb4e7f1
app/Domains/WorkCore/System/Modules/AttendanceVerification/Domain/VerificationAttemptState.php,279,0ee7aacf56bc80e20b3013b85a0a6a2d5f192dc873692c09a8bf77f41559672c
app/Domains/WorkCore/System/Modules/AttendanceVerification/Domain/VerificationMethod.php,364,67a914832f98af525d9abd3a2e5c673659e3721f62d5072473564228279e65d0
app/Domains/WorkCore/System/Modules/AttendanceVerification/Providers/WorkAttendanceVerificationServiceProvider.php,630,0f5d81e0a6d3a75f62c45ee326cf0ef3964454a7f4ace803d9a5f55f4f4e8213
app/Domains/WorkCore/System/Modules/CRM/AI/CRMToolRegistry.php,4590,1d7e9798a90e262762813d349d28e513d0ea3f7330d404f0efabc6e417b80ca0
app/Domains/WorkCore/System/Modules/CRM/Actions/ConvertLeadToCustomer.php,891,02a988742db397faf2d349adec1d99895def288602c1e8ac958caadff889c38f
app/Domains/WorkCore/System/Modules/CRM/Actions/CreateContact.php,1006,0aaa4909b5ac33f81a72ffa48ffeead277d9691ffeabb13e21866d2195feb428
app/Domains/WorkCore/System/Modules/CRM/Actions/CreateCrmActivity.php,1189,0b3e7f50a293c143207ecf78065b89a3da811149a292d6492ad6675dfcea6963
app/Domains/WorkCore/System/Modules/CRM/Actions/CreateCustomer.php,1518,ecf468786424aef4e69560a1b002c3fb229a49763a9a59b23b0fce7b4d775913
app/Domains/WorkCore/System/Modules/CRM/Actions/CreateLead.php,1482,bd11b154cf4cc645bdbf9a232299a38595e25e7ea13f597d096608e12052853a
app/Domains/WorkCore/System/Modules/CRM/Actions/CreateOpportunity.php,1190,47e50016fc43409f7a023997dc3487aec054504a6c6cd2efa7b32b2d2aaeddef
app/Domains/WorkCore/System/Modules/CRM/Actions/CreateSalesPipeline.php,1203,1b9a4b3f15bba0c9354739d6d789505d16678be4a6e79701edf543f63b585e72
app/Domains/WorkCore/System/Modules/CRM/Actions/GetCrmForecast.php,998,bfbd542f97573392b7bb69c28afdd2647bdd1cac585f8de42e6016a5b999dd4d
app/Domains/WorkCore/System/Modules/CRM/Actions/ListCrmActivities.php,1051,60208e9cfd3796ee642906c8f3b98f1f31a73fde487f627937a4abf4b36bde0c
app/Domains/WorkCore/System/Modules/CRM/Actions/ListSalesPipelines.php,803,f0e217acc93334b8942af2210a3b7670e6ac7778c8f5ee57dc14f2f64d30c4f8
app/Domains/WorkCore/System/Modules/CRM/Actions/MarkOpportunityLost.php,1281,31c40fa0ae915b0659e5d5ea7a68cac39da951f1ae8d8e4371fd29d3b4c15cb8
app/Domains/WorkCore/System/Modules/CRM/Actions/MarkOpportunityWon.php,1139,56d73fb28c54fb4f347f420396d43127baf6d73b713327e9ba02576beaf8d17a
app/Domains/WorkCore/System/Modules/CRM/Actions/MoveOpportunity.php,1297,afda63420bb1cc3f49420f316cfc79810cbf211fbc1365a83394adc2a2335e9c
app/Domains/WorkCore/System/Modules/CRM/Actions/SearchCustomers.php,1135,d889ced60d72671b3dffe1f89850d95b4857acfb1a1223dddbd98f1c24d158e9
app/Domains/WorkCore/System/Modules/CRM/Actions/SearchLeads.php,1119,7dadb58fa1dee79bf5739f836b1aa96bc392d5355ae8d2bd99cecc3bee96f051
app/Domains/WorkCore/System/Modules/CRM/Actions/SearchOpportunities.php,1128,1f9bca623fe03a3af028704e312101ac867890f9c140bc5bf24c73276e576ac0
app/Domains/WorkCore/System/Modules/CRM/Actions/SetPrimaryContact.php,961,cbaadbf2ba40f802ce9326a2b787ff343358764b3887138654bd5cc2083bba53
app/Domains/WorkCore/System/Modules/CRM/Actions/UpdateLead.php,940,99050cfe4b58aa63f368bc763872d12f285035e69174e7d5aba0169cffa32434
app/Domains/WorkCore/System/Modules/CRM/Actions/UpdateOpportunity.php,1239,8f7ac592f91ae16daa568b40bf6fd734a97d6d1161fba76365723360f9fe5cb7
app/Domains/WorkCore/System/Modules/CRM/Actions/ViewSalesPipelineBoard.php,999,a59ad5a265d8ab05cc9ce89292b0a6abfb55af873264cc59c62c0655b8ec5f88
app/Domains/WorkCore/System/Modules/CRM/Contracts/ContactRepositoryContract.php,462,640a8772c47459f7956b5cf91d1cf54f0624f7a88a4c0a8829ce49247623553a
app/Domains/WorkCore/System/Modules/CRM/Contracts/CrmActivityRepositoryContract.php,613,2516d4ab6720b6266ce0e26f782bd479cac10427f1ff5f67c299b3aeb1b25e2a
app/Domains/WorkCore/System/Modules/CRM/Contracts/CustomerRepositoryContract.php,815,559efea99cd0bbe197c485d5937cb8edd4a25ba5fc00952feb5751558fec50d1
app/Domains/WorkCore/System/Modules/CRM/Contracts/LeadRepositoryContract.php,803,806c22f78365d0b40d1152c3220fcaa3f10076be85e80e1a85cf2b010d40c231
app/Domains/WorkCore/System/Modules/CRM/Contracts/OpportunityRepositoryContract.php,1635,05d35ea7938eeee94c82bf476ae838519d8a5692db138db74565a739df783ea0
app/Domains/WorkCore/System/Modules/CRM/Contracts/SalesPipelineRepositoryContract.php,788,140166f4c63128c63a7eabfb181d9f9f51798882cc502a8126448ed3c1f86e2f
app/Domains/WorkCore/System/Modules/CRM/Data/ContactData.php,957,cf2e0e3ba77a7d190a6f08876afb02d2b20717764565a4548cf5652ac8a0cb76
app/Domains/WorkCore/System/Modules/CRM/Data/CrmActivityData.php,1319,87db1907976000fd5e5ccc589d96f290431a523f0cb556c1cfa1423409403156
app/Domains/WorkCore/System/Modules/CRM/Data/CustomerData.php,767,1727b01cf5cdd87d3f189a7a2ba8b0a047f20e44694d4f1a93a192adc66a5f6f
app/Domains/WorkCore/System/Modules/CRM/Data/LeadData.php,981,13ab451f53aae9e4d0e15ae1d2d7861d6614f873bb1c12dc03100dfef435f992
app/Domains/WorkCore/System/Modules/CRM/Data/OpportunityData.php,1885,c3e3f3a00101b561c4aada749c62eea34dc4fea30ef53b031eaa5b980f1914b3
app/Domains/WorkCore/System/Modules/CRM/Data/SalesPipelineData.php,875,4112c874ef0831d1441aa9aec487dc53c8a2c319a46601bc5f411a6c389a322f
app/Domains/WorkCore/System/Modules/CRM/Http/Controllers/ContactController.php,2096,39c06bc19cefde29dbb57689cd880e0cc7cb962cda9f800e15316679b7317efa
app/Domains/WorkCore/System/Modules/CRM/Http/Controllers/CrmActivityController.php,2017,c3e32571d2c9434d2f029f0710d66c06b7535fb96fabf925febed3e4c5a6aba0
app/Domains/WorkCore/System/Modules/CRM/Http/Controllers/CustomerController.php,1956,318dcc2d32986eedb523e980de4aed6a30d618d5ae2c9639e450264a2f5c1581
app/Domains/WorkCore/System/Modules/CRM/Http/Controllers/LeadController.php,2519,570ff7aed576f688e1f002401e795dc6b5ceb78e484566ae8d260870ee588f53
app/Domains/WorkCore/System/Modules/CRM/Http/Controllers/OpportunityController.php,3614,275d84e5c9c034057a0b65b7d594d1d6e1f033888293f999dacfe59b8a14b9d1
app/Domains/WorkCore/System/Modules/CRM/Http/Controllers/SalesPipelineController.php,2492,3fd47d9af5454c6640f6af9d0f769c1e7986d211b6e850dc622716a55256e1b6
app/Domains/WorkCore/System/Modules/CRM/Http/Requests/MarkOpportunityLostRequest.php,358,014f5bee775e07795901d3c5cfe0351f931f37c5a88863c7c649e128ef110312
app/Domains/WorkCore/System/Modules/CRM/Http/Requests/MoveOpportunityRequest.php,411,4f67f76a4c537d70ed3d7510bbaa27780227a9d9c291385296e31dabbeb70a42
app/Domains/WorkCore/System/Modules/CRM/Http/Requests/StoreContactRequest.php,603,00226b23ffd832ef4c08651ff2e1cd106b9b2d9ab1420d86881568b01e5c1b07
app/Domains/WorkCore/System/Modules/CRM/Http/Requests/StoreCrmActivityRequest.php,898,d84d0ac63e5cdc7eab3f9f2e05f105b44e29c7f1d03898dd9c392b9fd3e57266
app/Domains/WorkCore/System/Modules/CRM/Http/Requests/StoreCustomerRequest.php,621,00feab18f6e380574337b661e4aeaad38516ce3f24cdcb8c3c8422f08d4278ab
app/Domains/WorkCore/System/Modules/CRM/Http/Requests/StoreLeadRequest.php,718,3515bab526c7e44e186e18724fd7774e4b88cabb79687a944b999898790e7f7b
app/Domains/WorkCore/System/Modules/CRM/Http/Requests/StoreOpportunityRequest.php,1186,4eb65dc7dcb81a95604b591b45aff33d30b9ce2ea4161e6fcfbc848262161332
app/Domains/WorkCore/System/Modules/CRM/Http/Requests/StoreSalesPipelineRequest.php,1074,05236a9a011cad5e131051874394e533c1d9ddfb285aab23f4d0441b35b03691
app/Domains/WorkCore/System/Modules/CRM/Http/Requests/UpdateLeadRequest.php,821,619e753479cd1904fde7f8ac00f71fd79b84f01639ceb9eeb5972b48e4778e58
app/Domains/WorkCore/System/Modules/CRM/Http/Requests/UpdateOpportunityRequest.php,1153,d150389143e74f9531d061465cb2854a9f3379d36d6f6fa55d26ca4dfc214766
app/Domains/WorkCore/System/Modules/CRM/Providers/WorkCRMServiceProvider.php,8807,242724e01bd643740fcae9eea7cda5b66582e19ce893f50f0ca6e0e9e2529f5f
app/Domains/WorkCore/System/Modules/CRM/Repositories/EloquentContactRepository.php,3771,bef168b769d09745fa943fffc2744e3fac80276ca4964a3ce016b0947bfd1afe
app/Domains/WorkCore/System/Modules/CRM/Repositories/EloquentCrmActivityRepository.php,2930,745f5ecfd5d3c43be5e822512e700a3cfc21078d9ed8535f3c038e8acbe5c7db
app/Domains/WorkCore/System/Modules/CRM/Repositories/EloquentCustomerRepository.php,4115,a26ca858e9817ec1cc681acc3416931fe996f72c4d628fa10a2d4c380ab2e05e
app/Domains/WorkCore/System/Modules/CRM/Repositories/EloquentLeadRepository.php,4843,5fce69454819e783a1587dcf35a1145faffc4300172d3ee6b4b5c197545961f0
app/Domains/WorkCore/System/Modules/CRM/Repositories/EloquentOpportunityRepository.php,25002,b6fa4312abc6e50d8463ccf1f8603d5a1847d2ea4df23261e5572a2cd43ae5d3
app/Domains/WorkCore/System/Modules/CRM/Repositories/EloquentSalesPipelineRepository.php,11245,e623b51cccb77d44884967e4991162cdc2cb490bd38f716e931459404c7e61a6
app/Domains/WorkCore/System/Modules/CRM/Services/CrmActivityRecorder.php,2696,bbe4868c049afb85feea94a29a5644cd88bc880cb69b6b80e89ae4359da7581a
app/Domains/WorkCore/System/Modules/CRM/Services/CrmDuplicateDetector.php,1346,cfaba1ef36ae27ac62c897a2a052e455c9d716e01f18e5aba53936ffd958c1f6
app/Domains/WorkCore/System/Modules/CRM/Services/CrmSubjectReferenceValidator.php,1119,dff747abfc85be5f9382d4ab1959ad3bde12dc6f5161c78c80a2a87efcaa0240
app/Domains/WorkCore/System/Modules/CRM/Services/DefaultSalesPipelineProvisioner.php,3755,81841f277ec89e5deeaaf32144f0a8b85d828a1e720dc2cea1148c0b02e6cb2d
app/Domains/WorkCore/System/Modules/CRM/Services/LeadLifecycleService.php,7393,73edd6e7420daea4ea73df67e56121d6e15915b4c3350aee7401f913502a5c14
app/Domains/WorkCore/System/Modules/CRM/Support/CrmNormalizer.php,485,a1169a903331639c0d0390b613fa63295a1cdc2594165da1a4c9e9083d4002b6
app/Domains/WorkCore/System/Modules/CRM/routes/api.php,3113,6bea5ee38f43cb3c9ce83b8130fb195383f2b9f793a5ee8749a62586c2d479a0
app/Domains/WorkCore/System/Modules/Catalogue/AI/CatalogueToolRegistry.php,1059,549e8046891760d9e4362e21bef3d21f5239945b2ee326d6cb08caa187409e51
app/Domains/WorkCore/System/Modules/Catalogue/Actions/CreateCatalogue.php,354,2ee52cbf5c8ad8c4fcf360b620fe753ef9a8f54aa43e372fdf459003c81e75e2
app/Domains/WorkCore/System/Modules/Catalogue/Actions/CreateJobTemplate.php,948,f3cda0ec853deeabc0de0e098570fe70cd842afb00332e78ad7c40e82506f869
app/Domains/WorkCore/System/Modules/Catalogue/Actions/CreateService.php,925,2955fbc5c20848824640fb54535224818566ed9dc31f073ba4751ffdbb1a2fd0
app/Domains/WorkCore/System/Modules/Catalogue/Actions/CreateServiceCategory.php,961,28962735b6bf443f5e7ad12b7b5582fa8f91583e867a560f8970f22166750888
app/Domains/WorkCore/System/Modules/Catalogue/Actions/CreateServiceFaq.php,1037,cace8c6f6b319f15d18054faba2ec722f37bec2c4b3bc79dfa930ac83a519978
app/Domains/WorkCore/System/Modules/Catalogue/Actions/CreateServiceVariant.php,1053,2e36e85b22eb712394daf028445ce7f1d6aeec665d764ab5b9afed839cf17f6e
app/Domains/WorkCore/System/Modules/Catalogue/Actions/DeleteServiceFaq.php,1063,b283a0146738585ac7600ce9711e11d1d774d1e2b487c1508dce8901f67cb2aa
app/Domains/WorkCore/System/Modules/Catalogue/Actions/DeleteServiceVariant.php,1083,41535294d639646d47eb00c59bb223eefbe67b8b9cb87227786ed5621792757c
app/Domains/WorkCore/System/Modules/Catalogue/Actions/ListServiceFaqs.php,1209,b5d3f4d4360021ad82f2ebdc44afd1f5baed55592312353b0a0c14317c025f7b
app/Domains/WorkCore/System/Modules/Catalogue/Actions/ListServiceVariants.php,1217,8c73121db75b559a535ad4d51f12dc843ff08683cb8e4f4f8cafff9cfded4dc8
app/Domains/WorkCore/System/Modules/Catalogue/Actions/SearchServices.php,484,782ccbd680bbd6d59dc3eff6973f3d97a178275d6d0a85be5a9595ff88a993cf
app/Domains/WorkCore/System/Modules/Catalogue/Actions/UpdateServiceFaq.php,1082,8b2847fc1d99c92dc490b22e1ea66ebdfa086fd86a6b167845906f64ea5d7e7f
app/Domains/WorkCore/System/Modules/Catalogue/Actions/UpdateServiceVariant.php,1102,191ddcb9a355c5db1a5e1ee7fe5a1010a453e6dcdcc3ce0ef8d86f5832dbe982
app/Domains/WorkCore/System/Modules/Catalogue/Contracts/ServiceCatalogueRepositoryContract.php,1431,a2871bf362211e14e4621131ddab12810c0129b237adc6575442f9eb3605186a
app/Domains/WorkCore/System/Modules/Catalogue/Http/Controllers/ServiceCatalogueController.php,5499,44088c9a993bec2ffe46530aeed4dbfc715d281b91d8e82929ae9317c9ee8f6a
app/Domains/WorkCore/System/Modules/Catalogue/Http/Requests/StoreJobTemplateRequest.php,1094,3e0d185c3a66713de27530bbfd18964c4510ebe97c5eccb84e4602cb6c4a5b25
app/Domains/WorkCore/System/Modules/Catalogue/Http/Requests/StoreServiceCategoryRequest.php,606,c43f6fd51bef9fd4611e61c2e9140d49a613b3fdc27eba4c8b12eca3dafa0408
app/Domains/WorkCore/System/Modules/Catalogue/Http/Requests/StoreServiceFaqRequest.php,610,1349ecdec5edf193086454e79fc63fbce29b8c06bc4c4299dc51dea213af15c6
app/Domains/WorkCore/System/Modules/Catalogue/Http/Requests/StoreServiceRequest.php,937,73ef38d6c7bb3171f6f5dd47c3d25d7c5daa1b74379f611979df28148ced7a1d
app/Domains/WorkCore/System/Modules/Catalogue/Http/Requests/StoreServiceVariantRequest.php,967,4d7b6a2560bf92f4f9149de7985127ead52fa5cbd4bf3e77cb02c3eaf1e13875
app/Domains/WorkCore/System/Modules/Catalogue/Http/Requests/UpdateServiceFaqRequest.php,663,e5bcefb6108a63ebf08c861d55658ea04a5de12163b80aaece984ba7762310a3
app/Domains/WorkCore/System/Modules/Catalogue/Http/Requests/UpdateServiceVariantRequest.php,1072,88f9894f78ca847ef88fcd4da90823938da76ea2563d73f0a1e901794553e066
app/Domains/WorkCore/System/Modules/Catalogue/Providers/WorkCatalogueServiceProvider.php,2402,a48f94523f4ee2242647e15b2883a35b8f5a83dc725f691d2f627c39ca2e5e85
app/Domains/WorkCore/System/Modules/Catalogue/Repositories/EloquentServiceCatalogueRepository.php,18319,c0fd142c989a422364705c220ad70c06c4051a3e02de288efef8fa3eedf72de8
app/Domains/WorkCore/System/Modules/Catalogue/routes/api.php,763,4f54b9635084ddcb4ffce5ddf90bf26df5cf39f7096616f541758176617601c0
app/Domains/WorkCore/System/Modules/Compliance/AI/ComplianceToolRegistry.php,641,f3cf8257cc4e30439a17ab511faacd6b9125dbd47acd7326c2560883dbc9e212
app/Domains/WorkCore/System/Modules/Compliance/Actions/ChangeComplianceObligationStatus.php,1035,3256c0eec9ff69ab5dd5037842ec90856e7efe0ee639f5d90268a2d929c64804
app/Domains/WorkCore/System/Modules/Compliance/Actions/ChangeHazardStatus.php,990,87ff2d64f2a8747814aff4d2733d44e992bde7a8c84ed8c6ae5766926c916261
app/Domains/WorkCore/System/Modules/Compliance/Actions/ChangeSafetyIncidentStatus.php,1013,4eae8dfbfe76ac9b9ad54e44b14765a3f83e13f83fe7e92e9254a90f0f84438f
app/Domains/WorkCore/System/Modules/Compliance/Actions/ConvertCorrectiveActionToWorkOrder.php,1056,c3e6d5ed2958c19e5ce19ab3e36581ab4fc80dc344a8baba9e50de85c2d609ff
app/Domains/WorkCore/System/Modules/Compliance/Actions/CreateComplianceObligation.php,966,cffa8c7d4630543b1ef897108e9029df38975cdfac9b07b378ff7ed8849071fd
app/Domains/WorkCore/System/Modules/Compliance/Actions/CreateComplianceRequirement.php,970,e0f4618286fd3e308775929d9e7da2fe746ccd123bb47fedabb0c72d0118b2c9
app/Domains/WorkCore/System/Modules/Compliance/Actions/CreateCorrectiveAction.php,971,476d16a6125209e88083fb0f13fcb3d98964ca900e7b12dfb1f13b710dce96e5
app/Domains/WorkCore/System/Modules/Compliance/Actions/RecordComplianceCertificate.php,971,82f2d18be522c942ca477c3d24511896b565897be92fa34e435b6481caf7b1b5
app/Domains/WorkCore/System/Modules/Compliance/Actions/RecordHazard.php,926,35a7345c7bd192a625b3787569c06f12266c836bd4b2473489badf79188e6c43
app/Domains/WorkCore/System/Modules/Compliance/Actions/RecordSafetyIncident.php,947,3ef1cf03be546ecb5b6c7a1aac40cfcc418c450c29c7fd8d929550752f48342c
app/Domains/WorkCore/System/Modules/Compliance/Actions/SearchCompliance.php,446,c51bfc47717bc2c4ea22c72621f9dee2b032f1022c0877b77ec7901137287837
app/Domains/WorkCore/System/Modules/Compliance/Contracts/ComplianceRepositoryContract.php,300,ed3d6b7f9bd7a482929e624fdce7124804863e932bbf13a29f5b749f0fca9024
app/Domains/WorkCore/System/Modules/Compliance/Http/Controllers/ComplianceController.php,4133,6f4cbb1507a7296066433135e273f94aea6ffd5f1448a5f109ead7b067ff9810
app/Domains/WorkCore/System/Modules/Compliance/Http/Requests/ComplianceStatusRequest.php,455,22e7b4aa885a5b898d5eedc84bc887833fe77319a8ec68394f7fe3a8f0a282a8
app/Domains/WorkCore/System/Modules/Compliance/Http/Requests/CorrectiveActionRequest.php,714,5919f93d162d7c74e723c5c8cef590ed709a3ac34ef08b31d56ca1f7da77a789
app/Domains/WorkCore/System/Modules/Compliance/Http/Requests/CorrectiveWorkOrderRequest.php,409,57d99188e86d0b0e8b1f1d4629619af20e518ba4269f94509e86c48e6c55002f
app/Domains/WorkCore/System/Modules/Compliance/Http/Requests/RecordCertificateRequest.php,647,e00f735b1c19bb0044fe198cded1a8f5a98210e67f3c79901e13cd56030650a0
app/Domains/WorkCore/System/Modules/Compliance/Http/Requests/RecordHazardRequest.php,776,51330d625a5a933933f6e916e3160227274892d6778c354c94e7d4d82c22ccd6
app/Domains/WorkCore/System/Modules/Compliance/Http/Requests/RecordIncidentRequest.php,783,8a9db1881f55c63a6321c8cec09a5d82984cceea5f990f76ddf76fa43e815c0e
app/Domains/WorkCore/System/Modules/Compliance/Http/Requests/SafetyStatusRequest.php,480,993915f8dfbb2667ec55620c8ea40e51413fba053d03a4dac07339740ddf750c
app/Domains/WorkCore/System/Modules/Compliance/Http/Requests/StoreComplianceObligationRequest.php,731,852aa6cf477fa69f6c833d59facbf38ad0daff9ae34cc885a7753d833bb733fe
app/Domains/WorkCore/System/Modules/Compliance/Http/Requests/StoreComplianceRequirementRequest.php,759,ddf2b1973e70555462efa63ed0b636624e91f6dcc7b314fc037b02b99cb048d1
app/Domains/WorkCore/System/Modules/Compliance/Providers/WorkComplianceServiceProvider.php,3787,6bc3e86f238c784e4341395674adddb5184c6b1b844ab016ee554af0e74fc48a
app/Domains/WorkCore/System/Modules/Compliance/Repositories/EloquentComplianceRepository.php,22551,bb1be0c9d10c3cd5f692ba4e5cd2b8b62f46f11153aec49a46cddd425b986897
app/Domains/WorkCore/System/Modules/Compliance/Services/ComplianceStatusPolicy.php,1746,deb4aab30028c444e38abee70b69da02129e75496aab90e077475fc39bf1decf
app/Domains/WorkCore/System/Modules/Compliance/Services/SafetySeverityPolicy.php,1015,51dd4fe0b83797cebf9c3138ce8006046baec3124febf53a82a1955ae2560a11
app/Domains/WorkCore/System/Modules/Compliance/routes/api.php,1745,6b8492035323a529c4b3f6359cd8b0508ead93aed1ca258fbb67235ad40f0086
app/Domains/WorkCore/System/Modules/Credentials/AI/CredentialsToolRegistry.php,379,0193e886db3c884349f71f93af29bc2a947381fe0f4bedb62913161502bd6423
app/Domains/WorkCore/System/Modules/Dispatch/AI/DispatchToolRegistry.php,2827,57c1e97c6daa592999dc8e9afdbe037a5083329fb0ccce3661f6f07f31475599
app/Domains/WorkCore/System/Modules/Dispatch/Actions/ChangeDispatchStatus.php,1585,026caa2372ca729dfa1c6243aafb07a8db2dcc4e340345195ce28d3d6af5f20d
app/Domains/WorkCore/System/Modules/Dispatch/Actions/CreateDispatchAssignment.php,1055,a2ad8b22aceff7ba60d21caeaebd1658f012b102e1bb8ac85191dfd374f8623f
app/Domains/WorkCore/System/Modules/Dispatch/Actions/ReassignDispatchAssignment.php,1170,108cf3447d459b221ef2cc1f41e8f76d5013434fc466bb97fe696a2504c1a505
app/Domains/WorkCore/System/Modules/Dispatch/Actions/SearchDispatchBoard.php,1647,714ed4f84247453f0ef41929f948f37f500cd47652d99ea5109403e71ac6d3b1
app/Domains/WorkCore/System/Modules/Dispatch/Contracts/DispatchRepositoryContract.php,1240,e34ae52c24adf9d57afda476b5b95db54d2979169984d1d24ad8cbb03c6e2a4e
app/Domains/WorkCore/System/Modules/Dispatch/Http/Controllers/DispatchController.php,3348,fea60404336723898c97698237abee2abc910b16375b0ccfe1b0e21937f75dac
app/Domains/WorkCore/System/Modules/Dispatch/Http/Requests/ChangeDispatchStatusRequest.php,863,3322c061c6de92554baeccac41afda25b72057526c5f329585e742f63394f1d9
app/Domains/WorkCore/System/Modules/Dispatch/Http/Requests/ReassignDispatchAssignmentRequest.php,761,497a5926e5233407b26bca2c90fdb5e6d6f0b2adc43622a91b52d7073ff7af9c
app/Domains/WorkCore/System/Modules/Dispatch/Http/Requests/StoreDispatchAssignmentRequest.php,1858,78f11a2780ad57daf29284e289b1a53053eb2936160942280a3e200729137e20
app/Domains/WorkCore/System/Modules/Dispatch/Providers/WorkDispatchServiceProvider.php,2252,af4805b67c0b552b0666cc34ebabb30dd396a1b93d7285927774079cac413d41
app/Domains/WorkCore/System/Modules/Dispatch/Repositories/EloquentDispatchRepository.php,23121,122eb093f175fcf4025deb614999435738c11b349406cfddc8e6533fb597ecba
app/Domains/WorkCore/System/Modules/Dispatch/Services/DispatchStatusPolicy.php,1511,6c31c7ff0bccba6298d75893372d8713c03d176bf191637ece5b8ee354f396c2
app/Domains/WorkCore/System/Modules/Dispatch/Services/DispatchWindowPolicy.php,1147,30ff57a334ed9960cbb1a40b0b7a48b16b69ea2cb6d70f668e66a9d3eaef0331
app/Domains/WorkCore/System/Modules/Dispatch/routes/api.php,832,194953bd87144884d5e119338e006d1709faa38b91c81646da2a12d1ecd826cf
app/Domains/WorkCore/System/Modules/Feedback/AI/FeedbackToolRegistry.php,373,0172c9af25e357f0a99525ee6698b788a13b450f0c949448b93f89e049895ce1
app/Domains/WorkCore/System/Modules/Finance/AI/FinanceToolRegistry.php,371,ca48e5707f932a7e9472e2167fed71c22737f9ec2465fa130b90e2d224058aad
app/Domains/WorkCore/System/Modules/Finance/AI/Tools/CreateInvoiceFromJobTool.php,2515,74095e87aacbeec98a80bee5e850ef5898060b2cd371dda09b305549aa7d4562
app/Domains/WorkCore/System/Modules/Finance/AI/Tools/IngestPaymentEvidenceTool.php,1346,f2bc0303717f54bbf56939151dd014c86701285c7c3de150f354c4e386148b64
app/Domains/WorkCore/System/Modules/Finance/Application/ActionRegistry.php,1334,9e372915cfa61c351200b1e07ed7a6545961f808ee41de0518fdc1f2cfee4e82
app/Domains/WorkCore/System/Modules/Finance/Application/Actions/CloseReconciliation.php,5502,8ec3cd10ab83187c7ed32d568a34487c161225b36210926cc9b6e9d7d2c64827
app/Domains/WorkCore/System/Modules/Finance/Application/Actions/ConfirmPaymentMatch.php,3620,fbcdbfebd965902341f5d007604ecfe2d2c971e957939cdb78c99045f50c03c7
app/Domains/WorkCore/System/Modules/Finance/Application/Actions/CreateInvoiceFromCompletedJob.php,13124,321a79bf56192976cf2bc5fbf2101e98ea9d20369551a25fea0d345bca69f38c
app/Domains/WorkCore/System/Modules/Finance/Application/Actions/ExecuteCollectionFollowup.php,6261,f7729d3cdaba19d10c3b927068e32706b964d626e6b8077fbf6f8899accfd7af
app/Domains/WorkCore/System/Modules/Finance/Application/Actions/GetTitanMoneyHealth.php,2118,0603e348964420616402deff5396c4e974d38d2598adf421b1404d0c09fe8f66
app/Domains/WorkCore/System/Modules/Finance/Application/Actions/ImportBankStatement.php,4245,4fdd1864c7d96081bba919c782b265507564ccd34435ab6e783310b4c90d0265
app/Domains/WorkCore/System/Modules/Finance/Application/Actions/IngestAndMatchPaymentEvidence.php,9014,bc9e420eac13fb0881ea18404f429186d54b2544e5de6d7a47e797fb56d45827
app/Domains/WorkCore/System/Modules/Finance/Application/DTOs/ActionContext.php,1916,3e43122441c3334a6f7a6d70dbd07ace5027eb057295e7dd82ced500eb9d06ab
app/Domains/WorkCore/System/Modules/Finance/Application/DTOs/ActionDefinition.php,2161,57c4c064784316acfea0fd7a6696097e6785b37f489eadd16b87045932e706f6
app/Domains/WorkCore/System/Modules/Finance/Application/DTOs/ActionResult.php,1147,90d1e48f5b33cb8364a96e86ea354447e9b83f2adee4cb8b0d2055e9647d7258
app/Domains/WorkCore/System/Modules/Finance/Application/DTOs/ApprovalRequirement.php,1290,462aec51a9839d69d157890878038c827da0b084cadf760a1da8ec128fc92565
app/Domains/WorkCore/System/Modules/Finance/Application/DTOs/ArrayActionInput.php,442,d8d775c56701d82117f4604a1d0b9d31db23dab413f0291b0d18cd7f37f62d5d
app/Domains/WorkCore/System/Modules/Finance/Application/DTOs/CloseReconciliationInput.php,541,41b9593c49efb98f0e49bf838adb1049aaee62c53400d6b6b4621e11aef7ecbf
app/Domains/WorkCore/System/Modules/Finance/Application/DTOs/ConfirmPaymentMatchInput.php,624,654041efdc701cd89107790f2874a34a972561ba2a4dd146036183a80c8e39bc
app/Domains/WorkCore/System/Modules/Finance/Application/DTOs/CreateInvoiceFromCompletedJobInput.php,1460,dc93e170a8ada94f4c40d273d7a0c311f2e6534d5f28b7567e5fdc685df2653d
app/Domains/WorkCore/System/Modules/Finance/Application/DTOs/ExecuteCollectionFollowupInput.php,1065,6b8ae5f6f5227875f659daad2e8d3e9a2929deb8f1f6e1f15058b86ca55dc8d8
app/Domains/WorkCore/System/Modules/Finance/Application/DTOs/GenerativeUiEnvelope.php,1606,95c21499d1f51e632f8bb65e9656061c853ed6442af3ba916e134833a38f5e65
app/Domains/WorkCore/System/Modules/Finance/Application/DTOs/ImportBankStatementInput.php,1146,3d42a3831cff60d2ae95196c3e886a06c326fa11bbca81008483b7637f33a8c0
app/Domains/WorkCore/System/Modules/Finance/Application/DTOs/IngestPaymentEvidenceInput.php,1921,1e54edaf2ddce44d7707ff47c5a21a62c2cbeff91ab2227dde7ede718479eaca
app/Domains/WorkCore/System/Modules/Finance/Application/DTOs/RiskAssessment.php,741,f4aa802d9c97388d112f0132b6fd56d7c8e674a58339eee9e7f4dc5a8af582c8
app/Domains/WorkCore/System/Modules/Finance/Application/Enums/ApprovalMode.php,300,035c6e26a3135fda64dc73a1efbfa050d432f44d973382f40724f7e94f4498ab
app/Domains/WorkCore/System/Modules/Finance/Application/Enums/InterfaceOrigin.php,425,16b78a81bf06af6c07355ffbaa3c174de7ded7ad9da9651af9e7ba739a0ee5e5
app/Domains/WorkCore/System/Modules/Finance/Application/Enums/ResultStatus.php,323,35b72614792b6185c558a5b1230a0e173edd1c2a9e81e54d2aca77d73f560b25
app/Domains/WorkCore/System/Modules/Finance/Application/Enums/RiskLevel.php,240,03c48f74b4e9995f64316a9507ba51015b779bc9abcde14b61ab9a59aa1d1515
app/Domains/WorkCore/System/Modules/Finance/Application/Enums/SurfaceType.php,362,eebded395afd26720da233fc698eee47711f37cabc25de4d2d22d3c12d20a4b5
app/Domains/WorkCore/System/Modules/Finance/Application/Services/InvoiceCollectionScheduler.php,1494,fde1d54245c394e3c3eb595b0b54e334d09e47d1c7c490cf5d0c1c89a33506db
app/Domains/WorkCore/System/Modules/Finance/Application/Services/InvoiceIssuer.php,4173,15e98f15188698aaec83779320475b29fc056cf57e289995384a2c23745e6d55
app/Domains/WorkCore/System/Modules/Finance/Application/Services/PaymentConfirmationService.php,5173,817dab65060a0eac99b2ad459f66d26bf5c7c898c8839e687ba6e2cedb7c8bee
app/Domains/WorkCore/System/Modules/Finance/Application/Services/PaymentRequestService.php,4228,d1ba78a46dd529f223fc5e943ea5c54252b8074becc2a4e2463d9eb1fc003ec6
app/Domains/WorkCore/System/Modules/Finance/Application/Services/WorkCoreJobInvoiceAssembler.php,6360,c09b536f118c9ec933df0154ee7e745c351919c838616b0243340d62835a2116
app/Domains/WorkCore/System/Modules/Finance/Audit/ActorType.php,303,1f7ebe8a651ecbadc067afb8fc46681530ec859b857a540d68a49d6b2e64b845
app/Domains/WorkCore/System/Modules/Finance/Audit/AuditActor.php,832,004650b6d5bdab6e65c701851c10dcfe2b1098bae32a983fc584140c4cfaccd6
app/Domains/WorkCore/System/Modules/Finance/Authorization/FailClosedCompanyMembershipAuthorizer.php,728,d0734e8da69749ac0fa83f8213af93098615b8daa916e5deff38945871458ad8
app/Domains/WorkCore/System/Modules/Finance/Authorization/FailClosedPermissionAuthorizer.php,615,51dbde91081ce0eb1d1f4b5cfeb7f204599f9760b2c28e6dbb93cdf193d64c6e
app/Domains/WorkCore/System/Modules/Finance/Authorization/FinanceAccessGate.php,1117,762b61976f3b7772453c76bc256b10c82f588185584098c224250719e6fb4a4d
app/Domains/WorkCore/System/Modules/Finance/Authorization/TitanMoneyPermission.php,3971,44fe23d86c78f80c1ff41f30f17293c8bc3eca766d3a2c2f90dbdbbefe48f0ab
app/Domains/WorkCore/System/Modules/Finance/Automation/AutomationDecision.php,245,249aa4689047a9f1c2ca4780b463a5852a631d487ed4b1419c1e71e2e06d7df9
app/Domains/WorkCore/System/Modules/Finance/Automation/AutomationPolicy.php,2181,10efaffa9b1409352e24031dd7c5fdc92dfa95de44a30f00dc87db75e160fd4d
app/Domains/WorkCore/System/Modules/Finance/Automation/AutonomyLevel.php,230,77e7cbfe9bc9de8014101dcb1c3439e76f820677e253c6b96cf5d0b2fef85f4c
app/Domains/WorkCore/System/Modules/Finance/Automation/Collections/CollectionAccountState.php,1050,92470ac403aa35d1005ab5d4e9c1df2cf562a26a84989c6b6746227102a6ae9f
app/Domains/WorkCore/System/Modules/Finance/Automation/Collections/CollectionSequence.php,1488,58550d68dee09fbaae8eefb66726ccb843b366282e68d5302a6bcd279e325c21
app/Domains/WorkCore/System/Modules/Finance/Automation/Collections/CollectionSequenceStep.php,548,73a5c7e26efde2120bfa35b57006ed64c8c732b048859a083a1c10e5eb14ad81
app/Domains/WorkCore/System/Modules/Finance/Automation/Collections/CollectionSuppression.php,368,fe2936901cf2633e99646b129f347e89a078b33c18ca842d165cda5726b52212
app/Domains/WorkCore/System/Modules/Finance/Automation/Collections/CollectionSuppressionDecision.php,325,e9c28a15c1f5df6a51077eb48a705a2e20dc4fe2633c103a25856f11c6af0e56
app/Domains/WorkCore/System/Modules/Finance/Automation/Collections/CollectionSuppressionEvaluator.php,1285,cf5977ac87a023b890e3d4a3de390b6ba29247c43351aee90b1ff0e2f7858696
app/Domains/WorkCore/System/Modules/Finance/Automation/FinancialActionType.php,1406,0c60bbd4529570625b841c52124079884ad350649a57726b5529d9465e2b16b8
app/Domains/WorkCore/System/Modules/Finance/Automation/Invoicing/InvoiceEligibilityEvaluator.php,770,6fa50169788ea21b4b25ec9e37bdb7979f24ed2044f6ba1df1cadf183b4a5c1d
app/Domains/WorkCore/System/Modules/Finance/Automation/Invoicing/InvoiceEligibilityInput.php,383,e7c7616c632a6f0ffab490e757e0a6ea0ce759260f69dce7a21e50bd57495e54
app/Domains/WorkCore/System/Modules/Finance/Automation/Invoicing/InvoiceEligibilityResult.php,386,c613a4970a93b416f35e10c194893d16178be122185239517f235e44aa2f6e6e
app/Domains/WorkCore/System/Modules/Finance/Automation/Runtime/PulseFinancialActionWorker.php,2962,ce141352ff70e703a528f856bfbcfd69e6f38965687c79d3330566273b64f926
app/Domains/WorkCore/System/Modules/Finance/Automation/Runtime/ScheduledActionRecord.php,464,d9b986b74458439c823152999119cae1f8f8ad617c8e6119907534cc41acca8e
app/Domains/WorkCore/System/Modules/Finance/Console/RelayTitanMoneyOutboxCommand.php,840,43a43da15cf5d8976c2c5581ecb0b9869392b454451bfac259ce4f4210c38965
app/Domains/WorkCore/System/Modules/Finance/Console/RunPulseFinancialActionsCommand.php,852,5130619e82c2db8ffc04481ac37ac790910e29e442f29b3dafa2e932264ee038
app/Domains/WorkCore/System/Modules/Finance/Contracts/AccountantExportWriter.php,401,54f115c742b03581fbac434bca1064f083dd4a5ec69431fc730c0a19c90d338b
app/Domains/WorkCore/System/Modules/Finance/Contracts/ActionAttemptRepository.php,418,72508b20a47c5a97ec351c748b922f4b9f26160a0b95bf5a1a8d42a9de09bdc1
app/Domains/WorkCore/System/Modules/Finance/Contracts/ActionInput.php,203,70f99a88f62b170ee41c3439a4857c9d9b08b28913919b5b6a632556a10512c4
app/Domains/WorkCore/System/Modules/Finance/Contracts/ActionInputFactory.php,253,b2bf7be06b8dd905ac4cb9fcfee1d419a41a9531aa41a0975d872f5770be3caa
app/Domains/WorkCore/System/Modules/Finance/Contracts/ApprovalGateway.php,523,127c5bd4db8175b421b2b501f67f1c833844a635ce7db20ce8e4bf1f8deb703c
app/Domains/WorkCore/System/Modules/Finance/Contracts/ArtifactStore.php,303,1d8d569debd3840da21417280ff70201ce4dac1c4c441419723d06d77d044d1d
app/Domains/WorkCore/System/Modules/Finance/Contracts/AuditRecorder.php,505,d48b41059a4f671ca95753b0faad08b9bb2bed629588777323ee875f55875e3a
app/Domains/WorkCore/System/Modules/Finance/Contracts/AutomationPolicyRepository.php,387,db3320e1309a31d3539ea2b4f47e3bcd939102adfde01dd8caef3251aee68915
app/Domains/WorkCore/System/Modules/Finance/Contracts/AutomationScheduler.php,561,680a1f76d8d7aebb05eded8e3e929f5c72cb26218a736bed85d03f8bc7238e53
app/Domains/WorkCore/System/Modules/Finance/Contracts/BankImportRepository.php,733,6eecaf731da935036ff4ae85cdbbe6ca32190be85fc4003a60ae8fa401800a20
app/Domains/WorkCore/System/Modules/Finance/Contracts/BankTransactionWriter.php,338,bacecc60149bd91692c2702dcd75dee5e00cfe3a49e62c223c125f6b8cb363e7
app/Domains/WorkCore/System/Modules/Finance/Contracts/Clock.php,189,38969ef0a3c3c2336e308eb28042fa10077af26eeba685f0b96856732572ac8d
app/Domains/WorkCore/System/Modules/Finance/Contracts/CollectionAccountStateRepository.php,330,9f0b34ed3b5d5d7dcf7e0b093b22f23f1e5c9a93d3ff94d3b1e62efc67835436
app/Domains/WorkCore/System/Modules/Finance/Contracts/CollectionMessageGateway.php,448,d69dedbcd9dcd66b1558db381e2e2acdd172a670fbfb5b5d232701cc74a0a4d2
app/Domains/WorkCore/System/Modules/Finance/Contracts/CompanyContextResolver.php,256,8bebc9341d942b1eb34c60972c73acbcd854dff66d9bb764fdee5ef7b40939e8
app/Domains/WorkCore/System/Modules/Finance/Contracts/CompanyMembershipAuthorizer.php,290,b2b04f65eca49beddbff38b935ee7615d860854b499c4f83205d27dcdca52185
app/Domains/WorkCore/System/Modules/Finance/Contracts/CustomerPaymentAdapter.php,721,d99dc7bac2a7c31dd85a349e08ef13e4d0f22e0d43f16a859b02fc84c1c2f323
app/Domains/WorkCore/System/Modules/Finance/Contracts/CustomerRepository.php,260,aa188642dcef96f24db3df98ebc8a1ffee01467b940f95dc13ad6a90a1ff28f7
app/Domains/WorkCore/System/Modules/Finance/Contracts/DocumentNumberGenerator.php,340,99ff872d758f70bf155b26d54213960236c8547db156d803ab99b7112a60e4f4
app/Domains/WorkCore/System/Modules/Finance/Contracts/DocumentRenderer.php,254,018f6675a4c33545a089408e2cc4ca5099d21f5855e68a7acfe9ba978f2a5b26
app/Domains/WorkCore/System/Modules/Finance/Contracts/DocumentSnapshotRepository.php,381,820140ae3d8ea7408198a5060c166fbce8797bb0ab6e3988a0756a87d436dadb
app/Domains/WorkCore/System/Modules/Finance/Contracts/EInvoiceAdapter.php,386,e78bb2f9ca57af666b2ab8ed4c00a21cd5b16cb28b77d6002f080d4f034fdbb5
app/Domains/WorkCore/System/Modules/Finance/Contracts/ExternalEventInboxRepository.php,696,85685e7036263bfe36c691323f60865d1bde8948bcdcff337041635f7f3c8c49
app/Domains/WorkCore/System/Modules/Finance/Contracts/FinanceRepositoryContract.php,294,15eb7277294eed4c8b82832f4ab22abdc2fea19a3474a16f2ce912b2f3430cfd
app/Domains/WorkCore/System/Modules/Finance/Contracts/FinancialActionInvoker.php,444,807df840ba30da5700dd8efc4a146dbe3a465f4bef62d5d0f9a18dc47d8aa36e
app/Domains/WorkCore/System/Modules/Finance/Contracts/FinancialExceptionRepository.php,420,873b2b4bd2bd7870f407712a30925cc071f969048654ecb967c6d26f5b58054e
app/Domains/WorkCore/System/Modules/Finance/Contracts/FinancialSettingsRepository.php,438,5a14dc7bfbdee422e386be1da0af46039e133df22269d0da63797c88552589a2
app/Domains/WorkCore/System/Modules/Finance/Contracts/IdempotencyStore.php,904,fd0a5f9890ae6525a4106205c68db46619cb86d0d6044f7ca000864c3faa0a82
app/Domains/WorkCore/System/Modules/Finance/Contracts/IdentifierGenerator.php,169,207eabaf151978f3dbbe1ed19fe626e3f25ca77785c64f4e5e414d148afb556f
app/Domains/WorkCore/System/Modules/Finance/Contracts/InvoiceRepository.php,1134,0b13c43f2f58376054b6ec2a9e9eb501e868ff65403087b2f0e8eed0e3129465
app/Domains/WorkCore/System/Modules/Finance/Contracts/JobRepository.php,250,5a1590a7f07d8256f2ade6503a159274dbf8f57845743616a70c1b5f07a56c52
app/Domains/WorkCore/System/Modules/Finance/Contracts/JournalRepository.php,459,b86a1005c19cb7ef0f98e785f555ae5b36982a20e31d0ad22efc491954f8dd97
app/Domains/WorkCore/System/Modules/Finance/Contracts/OutboxRelayQueue.php,741,a09d64fa40b4b0d60b0c37c000f222e3c4c24b7d583940bf71d39eb2729a30e7
app/Domains/WorkCore/System/Modules/Finance/Contracts/OutboxRepository.php,260,2f568fef29119d5a538e21f8f120ece0a0a706355239b6eaca6be53e3968b283
app/Domains/WorkCore/System/Modules/Finance/Contracts/PayPalConnectionResolver.php,207,19ab1106e0bbe7bd177d52ef7dfb03e205d7c9bfc922cd1b0c27bfbd59cccf63
app/Domains/WorkCore/System/Modules/Finance/Contracts/PayPalWebhookVerifier.php,247,bd1e9c74014cf1c329da8b4a7b46bccec29026468b7b5d24ccec94283cd8c390
app/Domains/WorkCore/System/Modules/Finance/Contracts/PaymentEvidenceIngestor.php,491,e9d97a83a281cd1390cb902a0ff2ca28c6d72462d2ee0f82bd1bd30675703df8
app/Domains/WorkCore/System/Modules/Finance/Contracts/PaymentEvidenceRepository.php,720,6f8c442d27dd72e6084be854f1d6d680c2b834d4fbe28c85dfe6e92a94b7d925
app/Domains/WorkCore/System/Modules/Finance/Contracts/PaymentInstructionDeliveryGateway.php,647,5b45f5297d05a1a5e2246dded91310b4927487fb3d044fe58b3a6cce7e57a9df
app/Domains/WorkCore/System/Modules/Finance/Contracts/PaymentMatchRepository.php,508,5bb5874d6f976e5700cbb6b11a4000f04c475a23916e77340701e90ffd34760b
app/Domains/WorkCore/System/Modules/Finance/Contracts/PaymentMethodConfigurationRepository.php,433,0f04a1d73220bf64e09a7caa05d3c3dd64f23c3e1107100b3de0a33288aa67cb
app/Domains/WorkCore/System/Modules/Finance/Contracts/PaymentRepository.php,717,71f3839ea22dd0fc7bc21fe882f516f71b0461b1dfcd52a446a1a7251799045f
app/Domains/WorkCore/System/Modules/Finance/Contracts/PaymentRequestRepository.php,512,af34258cd428163bbc4029279856cfcc77ec3bbf00a9145057f4dbae9b7ba443
app/Domains/WorkCore/System/Modules/Finance/Contracts/PermissionAuthorizer.php,300,f2637cd7901167ac413123fb4f7c76cc3c34bc2c174eae2857556c3bbddec8f3
app/Domains/WorkCore/System/Modules/Finance/Contracts/QrArtifactRepository.php,266,08110c1cc3686bcbeba4bb4701b9168a566946fa97dc5b5ad8a9c36350883538
app/Domains/WorkCore/System/Modules/Finance/Contracts/QrCodeRenderer.php,270,1a707ec44a343d84d1a9262a22ce1a762b71556e7e3effb2fd4485bb66071892
app/Domains/WorkCore/System/Modules/Finance/Contracts/ReceiptRepository.php,382,196a34f5d3c7e4db96e0f5de55d9340847f88f7fd24c84623ba13bf5bf99353d
app/Domains/WorkCore/System/Modules/Finance/Contracts/ReceivableRepository.php,741,8f4216da3aadc07ba96de4e157fed3c23704fcc9368511ee24979363455bd8e5
app/Domains/WorkCore/System/Modules/Finance/Contracts/ReconciliationRepository.php,560,9a9173b7bf4fe1d3a68514e98791b0ecb7787d6c9ad3eb9b70dba93379ae3462
app/Domains/WorkCore/System/Modules/Finance/Contracts/ScheduledActionQueue.php,777,92895117feee222afa05a923d71aeec95d1b813d4829250915cd63695e2db2a1
app/Domains/WorkCore/System/Modules/Finance/Contracts/SignalPublisher.php,244,c814c1052195a4421ee30a70f4d0274abd98434e84e816e77c2124db2363055e
app/Domains/WorkCore/System/Modules/Finance/Contracts/TitanMoneyAction.php,613,0ba954236c6062674a17b9d875002b8b5396ad785b6b4c4dbcb948d453bd51e3
app/Domains/WorkCore/System/Modules/Finance/Contracts/TitanTalkTransport.php,290,9ea3983c59b42395d336e67640994741601f6228463568816b2862b3a3ea5773
app/Domains/WorkCore/System/Modules/Finance/Contracts/TransactionManager.php,247,4c983d91b471586f70589a20273c75144bc92d17d5403251d3031bdf50945cbf
app/Domains/WorkCore/System/Modules/Finance/Contracts/WorkCoreCommercialSource.php,386,fede3d7804e8546512fc1951007073c35b20d2acd2df8b1be3c469ba4fb3eefd
app/Domains/WorkCore/System/Modules/Finance/Documents/FinancialDocumentSnapshot.php,2150,207604defdf2a0b1be344d911e93dfb80e8a851067c68fe8d7fb420d46961d53
app/Domains/WorkCore/System/Modules/Finance/Domain/Ageing/AgeingBucket.php,617,c4059025255a5bb1a30985bf6b779256e9f4ecc7111e80650fea68c54acf0868
app/Domains/WorkCore/System/Modules/Finance/Domain/Ageing/AgeingReport.php,929,268a58dcdae056ee5c3431bb46fc4d1f1b9e480cb787cb2c87a2a33d9722b03e
app/Domains/WorkCore/System/Modules/Finance/Domain/Ageing/PayableBalance.php,354,67370dddb18c64364561094267b5c46a2b36cf943825eb23e8266744463cfe1d
app/Domains/WorkCore/System/Modules/Finance/Domain/Ageing/PayablesAgeingCalculator.php,1320,0769182668e306d85a7367b71b0e25b575cc713e8ba88cd6a630b6c583d4d15f
app/Domains/WorkCore/System/Modules/Finance/Domain/Ageing/ReceivableBalance.php,360,8fdfc42c9ff54c7aedf02f947194088ae1c166cb63d440386a2f39b0df9b6922
app/Domains/WorkCore/System/Modules/Finance/Domain/Ageing/ReceivablesAgeingCalculator.php,1538,75ccb26b107251e902b1ed3185c50a977e5c60ebabca76f48c18f34f0d4f8eee
app/Domains/WorkCore/System/Modules/Finance/Domain/Budgeting/BudgetApprovalPolicy.php,676,90daacad32ec8866674609ab2577cedf6c0830d13f4361e3a6928e041243ebc8
app/Domains/WorkCore/System/Modules/Finance/Domain/Budgeting/BudgetApprovalThreshold.php,478,0511cda612c1462602243c8f5f50577f52ae589fea4bf58ea6204270edfd6a90
app/Domains/WorkCore/System/Modules/Finance/Domain/Budgeting/BudgetEnvelope.php,4102,70757575219340571309dc3aed5fbb6e571809a6f97d6cb13955a3804479d2f3
app/Domains/WorkCore/System/Modules/Finance/Domain/Budgeting/BudgetState.php,315,70d14d7f2709fda66f6595bd54bfb3d022ba37b75b3450cff2aa59c2d6126490
app/Domains/WorkCore/System/Modules/Finance/Domain/Commercial/InvoiceDraft.php,3561,fd52781f875b5fe21c35333046a294d1e13b6a02618d0e24ed50a4921b9aba94
app/Domains/WorkCore/System/Modules/Finance/Domain/Commercial/InvoiceLifecycle.php,1324,4a3d2a5b2b7da43a410a00132f3a54a4a92b286a7ed6a18954eb29be6147ad93
app/Domains/WorkCore/System/Modules/Finance/Domain/Commercial/InvoiceLineDraft.php,2886,d8cd62c351c2b1e1ef7289cffb9f6a469420c2a759513273eb57918ac9e0cd05
app/Domains/WorkCore/System/Modules/Finance/Domain/Commercial/InvoiceRecord.php,1135,ffccb9816e533b740f890c3f41717006ae82c7bb05558fc97a59430bef58ae86
app/Domains/WorkCore/System/Modules/Finance/Domain/Commercial/InvoiceState.php,382,688e6d7b24f647a21e29be0d9bee8f1acbe92f1356ea68b32e31818137621b30
app/Domains/WorkCore/System/Modules/Finance/Domain/Commercial/QuoteLifecycle.php,939,50827b6fb21e35f3e4e91d49b2860c18ea8268d51ec4d9eebed8395785fd1fbe
app/Domains/WorkCore/System/Modules/Finance/Domain/Commercial/QuoteState.php,343,d28a7e655701f279bfffc346b2dd449833090ac83913f3ec20538f3238f6535a
app/Domains/WorkCore/System/Modules/Finance/Domain/EInvoicing/EInvoiceFormat.php,255,ab2d1aa3e657135d5485bd27d238b988a4b60debb2264355e8f5a93728ef9a13
app/Domains/WorkCore/System/Modules/Finance/Domain/EInvoicing/EInvoiceState.php,348,33d78f71c5807a4cc8ba67c96edb0000e29d9e5f1d8348bd42c8bc1bf6d38258
app/Domains/WorkCore/System/Modules/Finance/Domain/EInvoicing/EInvoiceTransmission.php,2686,f04060d1e4143f0cef507d74be912d3832f01cc29917056919610554b3709162
app/Domains/WorkCore/System/Modules/Finance/Domain/Events/OutboxEvent.php,1609,a8a35f709307a45a5c17cc27d7d31167b5d2d888e8fee99f23bf0a090820a7b3
app/Domains/WorkCore/System/Modules/Finance/Domain/Events/OutboxRelayRecord.php,494,db98b01834c2a52f417c2319bf3ab63833cefea3a6ab42711dd1864762181539
app/Domains/WorkCore/System/Modules/Finance/Domain/ExpenseClaims/ExpenseClaim.php,2949,de82ebc5e434476e571a800d8034c04ecc8b6b20121e32a399577138432cb32b
app/Domains/WorkCore/System/Modules/Finance/Domain/ExpenseClaims/ExpenseClaimState.php,305,21a82302f04b21b8ad3299cf8381517b6a1b1752528a13abf7b8cda20148651e
app/Domains/WorkCore/System/Modules/Finance/Domain/ExpenseClaims/ReimbursementBatch.php,1713,072e2d62aa921c9562c2c3a66e0888ee0e3c64170a668e460ec4a72b429eac9c
app/Domains/WorkCore/System/Modules/Finance/Domain/Exports/AccountantExportPack.php,984,ff4aad9e2749c86def630191a6601d8b194feb1e7912c5fc900a5c007d55fd95
app/Domains/WorkCore/System/Modules/Finance/Domain/Forecasting/CashflowDirection.php,189,1ad83c535f860f2ad0d81b4d4aaf49bd84e6e75d224d73997129e7c0f919bd61
app/Domains/WorkCore/System/Modules/Finance/Domain/Forecasting/CashflowForecast.php,404,ce78e7090bfb0eb1c5b035f50e29c2a29d968174fd34b8cbf77e2a76133e9572
app/Domains/WorkCore/System/Modules/Finance/Domain/Forecasting/CashflowForecastItem.php,646,29f189c24abbf9fbe6e94a737609862056fc55c9ea79e96795f6bc7383998163
app/Domains/WorkCore/System/Modules/Finance/Domain/Forecasting/CashflowForecastPeriod.php,656,57ea2b3c46d27a3100c28beff585a5902d998d3bf517564388020b64e0aebf30
app/Domains/WorkCore/System/Modules/Finance/Domain/Forecasting/CashflowForecaster.php,1827,f0febbdd350615cf83a7fbbe087729abf2896461f045e8a895ec46ec48083968
app/Domains/WorkCore/System/Modules/Finance/Domain/Ledger/AccountRole.php,548,bf550c3c1f8123e2677439b0e6cede711843e799e81981b910089f536ca432ea
app/Domains/WorkCore/System/Modules/Finance/Domain/Ledger/JournalEntry.php,2804,e1de59a6ff9f78c7739871280873efd63dffaa8d06dcc029c5abc7da59c2ada8
app/Domains/WorkCore/System/Modules/Finance/Domain/Ledger/JournalLine.php,917,95c9fb1487a173735fdad6e3891379e80ff1a37f4e7358c6233a29105f4ba4e9
app/Domains/WorkCore/System/Modules/Finance/Domain/Ledger/LedgerSide.php,185,c30e95b463a2ee3bdf9a5e31ed4aca6decbb826c78fa39fdbcb0a8a4a057815d
app/Domains/WorkCore/System/Modules/Finance/Domain/Ledger/PostingTemplates/InvoiceIssuedPostingTemplate.php,1456,1131efa535e95244fb89645586fbe54f476ad645b586ee4284d9dc7c6a47cc49
app/Domains/WorkCore/System/Modules/Finance/Domain/Ledger/PostingTemplates/PaymentConfirmedPostingTemplate.php,1611,3524ab826896b234e27eafed94d5c634521f392245b5324aa5d1cdc2173d7eb8
app/Domains/WorkCore/System/Modules/Finance/Domain/Ledger/PostingTemplates/PaymentReceivedPostingTemplate.php,1261,7b9483601afaddc2d170170cb7de718171777e9a36968a48c76168ca112dd5ca
app/Domains/WorkCore/System/Modules/Finance/Domain/Payments/PaymentEvidenceRecord.php,776,bdc23b463dc273bfc02e7a462bba6b847794e51998f97c977c6292a56a3647f4
app/Domains/WorkCore/System/Modules/Finance/Domain/Payments/PaymentInstructions.php,674,ca7ded6d0be62fd58bae5387165222597ec68d693f77ab41cdafaa8a4c1e601b
app/Domains/WorkCore/System/Modules/Finance/Domain/Payments/PaymentMethodConfiguration.php,822,f978fecd9eef3a3ebb6f662f176fe33cd48093efd432027ef5960149bed5abdc
app/Domains/WorkCore/System/Modules/Finance/Domain/Payments/PaymentMethodKey.php,243,59f96e953c4119f21584033d243373c3153e7cd97acd80118adb30cbdc46e00b
app/Domains/WorkCore/System/Modules/Finance/Domain/Payments/PaymentQrPayload.php,438,61118fc37a41dfb527b7e50d0ef4367ea582f1721403e8dcef3689afce3e2cb3
app/Domains/WorkCore/System/Modules/Finance/Domain/Payments/PaymentQrPayloadBuilder.php,586,84323b20e0c6691ba5815b9d826c813f018bd246aef707f39df624dcc5818a8b
app/Domains/WorkCore/System/Modules/Finance/Domain/Payments/PaymentRecord.php,1117,287bd0ab44e16a582adb95198620ba2d3afdb943827503a1e688635a383b0569
app/Domains/WorkCore/System/Modules/Finance/Domain/Payments/PaymentRequestRecord.php,1715,374d7ef23b23048696e614cae8d419d9a4089df4ecb36636955797370ae8c357
app/Domains/WorkCore/System/Modules/Finance/Domain/Payments/QrArtifact.php,1356,de76f8c5e9fe02b289480230683f07db920d02328fc02b831f6d77f87dbdeaff
app/Domains/WorkCore/System/Modules/Finance/Domain/Payments/ReceiptRecord.php,561,c1bc46e09b969c99b42238fd2339292cd6b2520231901c8a492512430a0e76d6
app/Domains/WorkCore/System/Modules/Finance/Domain/Procurement/PurchaseOrder.php,3557,2a357cc13180f2999ab03902408273357534a8802e2002a054a54bf6330f7cab
app/Domains/WorkCore/System/Modules/Finance/Domain/Procurement/PurchaseOrderLine.php,1316,6fb38ec4568c8279d69ddadf56b5cc6bb35f28d7db7a9211ce48ea0d9d6fb062
app/Domains/WorkCore/System/Modules/Finance/Domain/Procurement/PurchaseOrderState.php,433,d395a7c32e59ad85097bcd999d149de1b3f8babe73c095f729997b872aaff3fd
app/Domains/WorkCore/System/Modules/Finance/Domain/Profitability/JobProfitabilityCalculator.php,955,ce51249d2d9390fb274f3d5d21d66725e93c48444120720bead01f8c6ba9f925
app/Domains/WorkCore/System/Modules/Finance/Domain/Profitability/JobProfitabilityResult.php,836,835491df3dcc225df80a9679a12962fe14bad13b8d92dca8dbe86869cf7191ee
app/Domains/WorkCore/System/Modules/Finance/Domain/Receivables/ReceivableAccount.php,673,a4a4805d388dbda63c75e5d9b9b235ffe310289d73bfd5c86284f8b4ac7dec90
app/Domains/WorkCore/System/Modules/Finance/Domain/Reconciliation/BankDepositEvidence.php,634,a8bef5d79948225c6c1f884af3acab0413658d6231cc38ff88778824ae415f07
app/Domains/WorkCore/System/Modules/Finance/Domain/Reconciliation/BankDepositMatcher.php,2342,d5223bddbb0ff37aa0bf8c4159f2a679e92544c3bdc0b5f7e9d414ccfc203337
app/Domains/WorkCore/System/Modules/Finance/Domain/Reconciliation/MatchStatus.php,243,98a5585c8fedd58d7241869e651565f1e9709a55a923f9a0a5b4af3069aa4a73
app/Domains/WorkCore/System/Modules/Finance/Domain/Reconciliation/OpenReceivableCandidate.php,435,d5a33514bb3cebe536e8ac7f6799e229488630e3e2bcbd5f9d8452a796e577af
app/Domains/WorkCore/System/Modules/Finance/Domain/Reconciliation/PaymentMatchCandidate.php,612,7199cdd6e323b512a06372026144c408825ad7234de4eb7d2f27f5a73750abe0
app/Domains/WorkCore/System/Modules/Finance/Domain/Reconciliation/ReconciliationBalance.php,818,43610901085bade11a9ab55d0fb2d8c250e00b42fbad4d68df222360f8ecfb83
app/Domains/WorkCore/System/Modules/Finance/Domain/Reconciliation/ReconciliationSession.php,873,d42b455970905e885f778fba18b92987a52a1280211e1b1714c046b25f3609f5
app/Domains/WorkCore/System/Modules/Finance/Domain/Sales/PointOfSaleTransaction.php,3024,d00d08ea89c3b05d609c565cdaf5d1a15cda5381f1d604ecb1d49d9579082c3b
app/Domains/WorkCore/System/Modules/Finance/Domain/Sales/SaleLine.php,757,fcc9c3a7cea07b80df8020cc68489109e8c5dbf460210c200767733913f1b012
app/Domains/WorkCore/System/Modules/Finance/Domain/Sales/SaleState.php,273,8f93aec8c80e567d27eea0a2f868868ada0164c58979cac72637ac95f74280e1
app/Domains/WorkCore/System/Modules/Finance/Domain/Sales/SalesOrder.php,1811,161a0990e073f70c0b8fdf480a3b37e413ff618eda03b5c15bd06d849818e58e
app/Domains/WorkCore/System/Modules/Finance/Domain/Sales/SalesOrderState.php,327,bc3f4de8e8c8242116869af2cb2d739364555cd126c1633e332786cf16cdd15d
app/Domains/WorkCore/System/Modules/Finance/Domain/Shared/CurrencyCode.php,711,5718c21336bb3d4e055367dd6a80cdfc80384bd52306125291f3aa43839334de
app/Domains/WorkCore/System/Modules/Finance/Domain/Shared/DecimalMoneyParser.php,1823,38c946e5d213f42612b37da0dbc98d5c7700ff01c3915f56a04900a5be36f558
app/Domains/WorkCore/System/Modules/Finance/Domain/Shared/Money.php,2353,57d0bfaa43f2609393745f9a501ab4f477debe6b808f5e1e28f87e8806cf81af
app/Domains/WorkCore/System/Modules/Finance/Domain/Tax/GstBreakdown.php,549,d4040337a09892cea0b4315c203d6ff42372a3d6f5a1bcc02604050bb3e16bfe
app/Domains/WorkCore/System/Modules/Finance/Domain/Tax/GstCalculator.php,1573,be51373699f391aa2010d1ebb04a38128cb62718aca25ea7ad3a22006d8ef1b8
app/Domains/WorkCore/System/Modules/Finance/Domain/Tax/GstReportCalculator.php,409,98df2c039aad687fedb516199a85b54fda2c33bff4d16bb079466250f66d17c2
app/Domains/WorkCore/System/Modules/Finance/Domain/Tax/GstReportSummary.php,514,0d3c718d2187ebbfee2d1798678dc126e800526550c379b7159e2052ce28c8d1
app/Domains/WorkCore/System/Modules/Finance/Domain/WorkforceLoans/WorkforceLoan.php,3490,66d11a8f872d45215af9ff3277c63efb2266d77ddf377500456497bcef052912
app/Domains/WorkCore/System/Modules/Finance/Domain/WorkforceLoans/WorkforceLoanState.php,364,d0ca5928f0308b20de277641f0e10b5a87b2072adb533ee376b05165081dbc25
app/Domains/WorkCore/System/Modules/Finance/Http/Controllers/HealthController.php,509,da7a6045cae606a253c679bc02bda2253e6478e43ba79e3e13d2a64610833347
app/Domains/WorkCore/System/Modules/Finance/Http/Controllers/PayPalWebhookController.php,1261,591ada5e2586e1e843b6fb59b60e8cd78ad07dd401c1480f0997c1d0f698a2b7
app/Domains/WorkCore/System/Modules/Finance/Http/Routes/api.php,218,dac79ec98e75b5d39efa92a7e7100ec8873d9dca2692addc93ff7b73c5ae82fd
app/Domains/WorkCore/System/Modules/Finance/Http/Routes/web.php,218,dac79ec98e75b5d39efa92a7e7100ec8873d9dca2692addc93ff7b73c5ae82fd
app/Domains/WorkCore/System/Modules/Finance/Http/Routes/webhooks.php,249,5e7676bc4adbe40a29c432c0f6e196fcbe33630f2527ce16bf94e4b8eb07b92e
app/Domains/WorkCore/System/Modules/Finance/Idempotency/IdempotencyClaim.php,1154,5ece3fab6e36353de36efc7cdc751f97fbb03031ece491d0712db391e3319feb
app/Domains/WorkCore/System/Modules/Finance/Idempotency/IdempotencyClaimStatus.php,270,a538778d301608d108d94d1b1d420addd45064c732a981640d8d59145e7084c0
app/Domains/WorkCore/System/Modules/Finance/Idempotency/IdempotencyKey.php,725,61e45446b6e4393423a0b7de4df5087887143c9598779cdee57ed8be8afc3aec
app/Domains/WorkCore/System/Modules/Finance/Idempotency/RequestFingerprint.php,483,efcf828c108c9e694c59d559d09674df61ba374d7f32d9213f1d5a95ce682bed
app/Domains/WorkCore/System/Modules/Finance/Infrastructure/FailClosed/FailClosedArtifactStore.php,505,6b41b27105bdeb561666a49279412da7d0e75ea334b73dd05496258bd1e1943f
app/Domains/WorkCore/System/Modules/Finance/Infrastructure/FailClosed/FailClosedAutomationPolicyRepository.php,779,610a2d1480d3e658078bcd4db5fd895974e62c74407e2c50c1be3281c963967b
app/Domains/WorkCore/System/Modules/Finance/Infrastructure/FailClosed/FailClosedPayPalConnectionResolver.php,480,6863da5c2316450268f3b475be2b0ff4a12a84e413af2d862a6015a072c6efa3
app/Domains/WorkCore/System/Modules/Finance/Infrastructure/FailClosed/FailClosedPayPalWebhookVerifier.php,354,f88f5a77d4e41d84f861c5da70732c512015082debe8f82bb8a412426aab3d5e
app/Domains/WorkCore/System/Modules/Finance/Infrastructure/FailClosed/FailClosedPaymentMethodConfigurationRepository.php,748,7e068e0799bbea6cc26f4aebeaa65a2898e831f9a77de9e98958afca65ffa63c
app/Domains/WorkCore/System/Modules/Finance/Infrastructure/FailClosed/FailClosedSignalPublisher.php,415,7e356cbfcf98a9aad678f55fed99d9c88e42b193e06debe9440962c0ec6db11e
app/Domains/WorkCore/System/Modules/Finance/Infrastructure/FailClosed/FailClosedTitanTalkTransport.php,464,5493e2ace2caa6250bbce06e23d7870c3fa732daacb5c1697aa78828db2cb44d
app/Domains/WorkCore/System/Modules/Finance/Infrastructure/FailClosed/FailClosedWorkCoreCommercialSource.php,926,47f1f4903712f17c67ca27e35b6f0429bc326ac02db61fb84d37777da9793e39
app/Domains/WorkCore/System/Modules/Finance/Infrastructure/Identifiers/RandomUuidGenerator.php,624,d99f2bc40290affbfd9700cde7253ee035f80ce5600f69c4786956ee127463da
app/Domains/WorkCore/System/Modules/Finance/Infrastructure/InMemory/FrozenClock.php,395,b8cfc10be3a3cf4c64fb4317870597f434cf1c638ff5a26cc7fc94d09a8a8431
app/Domains/WorkCore/System/Modules/Finance/Infrastructure/InMemory/InMemoryActionAttemptRepository.php,674,f4b0e11e993d32c555af170f59657df5b6d8b2d67ebccd789f0da75f7dc79c5c
app/Domains/WorkCore/System/Modules/Finance/Infrastructure/InMemory/InMemoryArtifactStore.php,688,e6d78059366ad233d8663f12cb84da3fa0b96aaafe6ea70a709c87a592804395
app/Domains/WorkCore/System/Modules/Finance/Infrastructure/InMemory/InMemoryAuditRecorder.php,676,540168af687d6c5f681825c8a004031d93d806e48c1eacca72c224a6358b731b
app/Domains/WorkCore/System/Modules/Finance/Infrastructure/InMemory/InMemoryAutomationPolicyRepository.php,949,99e449855a5396ce160ad65c5776f9fd8fec9a6adc59bf0fd877047bc257e22a
app/Domains/WorkCore/System/Modules/Finance/Infrastructure/InMemory/InMemoryAutomationScheduler.php,1132,afc547746cee48b4b708775d341c46e1d05aeacd841af8ec5161b49cc30ae64f
app/Domains/WorkCore/System/Modules/Finance/Infrastructure/InMemory/InMemoryBankImportRepository.php,1491,5a7aa3006b5ad7895a13fd594b2c305b3430987811f5b10d4ee1c37c4e613763
app/Domains/WorkCore/System/Modules/Finance/Infrastructure/InMemory/InMemoryBankTransactionWriter.php,775,7a359f4986d8f574193feb90d99452a142af5efa31b23c69f69f570ca8698157
app/Domains/WorkCore/System/Modules/Finance/Infrastructure/InMemory/InMemoryCollectionAccountStateRepository.php,719,1359221fd9dd1a7f32bfc0b4ba430e0dd851e21d7080a56e7359b59f1ab64807
app/Domains/WorkCore/System/Modules/Finance/Infrastructure/InMemory/InMemoryCollectionMessageGateway.php,945,2fbad4c081c966152060f3512c11a355b45b568d3acd46cb8de2b2095d763e48
app/Domains/WorkCore/System/Modules/Finance/Infrastructure/InMemory/InMemoryDocumentNumberGenerator.php,760,0a5e8c7fe39e92d0b7b415384e60bddd4def8a9619c2d5e8f0dcd93b02ffc5a1
app/Domains/WorkCore/System/Modules/Finance/Infrastructure/InMemory/InMemoryDocumentSnapshotRepository.php,638,592f81ad6098afc6ea3674bd31d788a92a24811d817e9673bea19b21a005d4fe
app/Domains/WorkCore/System/Modules/Finance/Infrastructure/InMemory/InMemoryExternalEventInboxRepository.php,2852,d7869183bba5ed83c26c31581fb954b9a7cf677259e3e71515168f8155a37190
app/Domains/WorkCore/System/Modules/Finance/Infrastructure/InMemory/InMemoryFinancialExceptionRepository.php,813,2cff5ba4b5694f1b5b793a044194167d0875bf762e74761309a707e1e1eb5973
app/Domains/WorkCore/System/Modules/Finance/Infrastructure/InMemory/InMemoryIdempotencyStore.php,1894,ba3ac972bce4c167c4b4e70890d06802e1852f2013391a8b87208a033381bbde
app/Domains/WorkCore/System/Modules/Finance/Infrastructure/InMemory/InMemoryIdentifierGenerator.php,398,770d22e2da251de030afae281eebc55971897a25b25cef24931213629c143bd3
app/Domains/WorkCore/System/Modules/Finance/Infrastructure/InMemory/InMemoryInvoiceRepository.php,2278,d5c1fb9080d22ae90e327ee6615c150654bd4699bfedda590ec435d648ce641b
app/Domains/WorkCore/System/Modules/Finance/Infrastructure/InMemory/InMemoryJournalRepository.php,899,1e907c378879f55e64026953dcc8c36132c59be951ee98576170e38d3e111497
app/Domains/WorkCore/System/Modules/Finance/Infrastructure/InMemory/InMemoryOutboxRelayQueue.php,2122,45fdce90becfaae17fa2b6f3cfc397daba46932a4414ceca99dcf88569d640d8
app/Domains/WorkCore/System/Modules/Finance/Infrastructure/InMemory/InMemoryOutboxRepository.php,478,e2398a52d7e747fa22e7c0e2ba3f2225f37357120ef45fe8639a5424f7f6f2f4
app/Domains/WorkCore/System/Modules/Finance/Infrastructure/InMemory/InMemoryPaymentEvidenceRepository.php,1539,85bb19123e83833502288c6f5448cfb92e6f67603c80359a91a3d027bc1886f4
app/Domains/WorkCore/System/Modules/Finance/Infrastructure/InMemory/InMemoryPaymentMatchRepository.php,753,39ff48ca1cbc5f2055903d8786183db980b7646e477eacb8484acfa0b99d4965
app/Domains/WorkCore/System/Modules/Finance/Infrastructure/InMemory/InMemoryPaymentMethodConfigurationRepository.php,832,8d3ff73d4a8713725984d3c817953e79aa6b5122185059d0fc1d335b13af9551
app/Domains/WorkCore/System/Modules/Finance/Infrastructure/InMemory/InMemoryPaymentRepository.php,1436,e08f60683c4c9619f7b3b6f75030e79d626252b3b530e33af2a2bf8429053e64
app/Domains/WorkCore/System/Modules/Finance/Infrastructure/InMemory/InMemoryPaymentRequestRepository.php,982,2a42f9397639c433b0e5f830ed8f8c4d24997090573507ea15837d01fef81b80
app/Domains/WorkCore/System/Modules/Finance/Infrastructure/InMemory/InMemoryQrArtifactRepository.php,521,904eb769d7c0945c579fc0853945769a9201459039aa1ff2467b4adf9433038b
app/Domains/WorkCore/System/Modules/Finance/Infrastructure/InMemory/InMemoryQrCodeRenderer.php,595,e79d558da8b8d8a22b06b23ab70f5fa080ebd271ac524f034e6b3065bb286e16
app/Domains/WorkCore/System/Modules/Finance/Infrastructure/InMemory/InMemoryReceiptRepository.php,632,7adbfd4743756cd83142a2206a01ee4cbcbd24ae5372d5220bd9116e20e03b09
app/Domains/WorkCore/System/Modules/Finance/Infrastructure/InMemory/InMemoryReceivableRepository.php,1925,99e076eddd76986b1d785d97f22dc56fcce9c6a6d32410f2c87343d7cb9f57cf
app/Domains/WorkCore/System/Modules/Finance/Infrastructure/InMemory/InMemoryReconciliationRepository.php,1316,15b159b202177de9feb30c392ba2e735a0bf3cd76baaa41b92159463f7d8b030
app/Domains/WorkCore/System/Modules/Finance/Infrastructure/InMemory/InMemoryScheduledActionQueue.php,2102,b1ba3da0040ca58b0c015d5691b857e04a564ad3f40ddf47d31662f05a164b19
app/Domains/WorkCore/System/Modules/Finance/Infrastructure/InMemory/InMemoryWorkCoreCommercialSource.php,874,77356c95ba5df59bcd17bb565a48791a0a26f158ea2bb299912cfeeb5800c9b4
app/Domains/WorkCore/System/Modules/Finance/Infrastructure/Integration/WorkCoreSignalPublisher.php,1729,706ead79a7de526fcd245f5f7f7cc2cc78dcb4bcc39884ec34d3e697ce813d4e
app/Domains/WorkCore/System/Modules/Finance/Infrastructure/Integrations/ActionPaymentEvidenceIngestor.php,871,5310416a0637626e2f0e0efadfeefa79b9fde446a0365b035b7a272020ee36ed
app/Domains/WorkCore/System/Modules/Finance/Infrastructure/Payments/BaconQrCodeRenderer.php,1003,2c11a6adf7dfa3540c0dbb48795af4993c2e226ea7992631429a7c241039ef06
app/Domains/WorkCore/System/Modules/Finance/Infrastructure/Payments/BankTransferPaymentAdapter.php,1276,9dbfdb03d174b9625f29fe504ca1f79fbc4d9fbbcf57d3fd4961b9d1d3b6afa2
app/Domains/WorkCore/System/Modules/Finance/Infrastructure/Payments/CashPaymentAdapter.php,1124,8714434d2ce44700050c708b4e57e7c6c33cb3d087580e24577e1a15d572c645
app/Domains/WorkCore/System/Modules/Finance/Infrastructure/Payments/OutboxPaymentInstructionDeliveryGateway.php,2330,875d86d6dc98b9ab0d6ed98a84dfbd161509385f0943ee0db07f394ae7d81037
app/Domains/WorkCore/System/Modules/Finance/Infrastructure/Payments/PayIdPaymentAdapter.php,1185,68292f5cdcb6d8365fc1c80023f3cd3192ba7565679a86053c4cfbdc71431db4
app/Domains/WorkCore/System/Modules/Finance/Infrastructure/Payments/PayPalPaymentAdapter.php,1155,278755af9118e05ca68320f530cc49811dd5586549a17368774d429a29aebeb9
app/Domains/WorkCore/System/Modules/Finance/Infrastructure/Payments/PaymentAdapterRegistry.php,1200,c37a84064bd6931d0fc18165834f81a885b38897f70c44b83d1bc17e84b67b0f
app/Domains/WorkCore/System/Modules/Finance/Infrastructure/Persistence/DatabaseActionAttemptRepository.php,1479,9aeec52ecdfac2abcac50bc793989feaca199bf60e7a11a07429742bebdba1e3
app/Domains/WorkCore/System/Modules/Finance/Infrastructure/Persistence/DatabaseAuditRecorder.php,1257,4889864b30496982c5cfe0bc9568f0d32efb7fe2f99098f52006e1a7646f3dfd
app/Domains/WorkCore/System/Modules/Finance/Infrastructure/Persistence/DatabaseAutomationPolicyRepository.php,1219,1150f63cd56f107c8515a307010f7370b573d3aaadda3409a44335450b36bcd3
app/Domains/WorkCore/System/Modules/Finance/Infrastructure/Persistence/DatabaseAutomationScheduler.php,2236,56183d505c46ede00f09a6dc7a46241406a81a4a8935fc8cfc3a170986b18a45
app/Domains/WorkCore/System/Modules/Finance/Infrastructure/Persistence/DatabaseBankImportRepository.php,1743,6fb9c279f702ff8ec7a068e0c98a93525167a626472cd66e8b9baa83745a9c88
app/Domains/WorkCore/System/Modules/Finance/Infrastructure/Persistence/DatabaseBankTransactionWriter.php,1689,27178420af58e2cd1289de6bdc1d738d609aa8452ba3c3d8e68f234d3f7d3a68
app/Domains/WorkCore/System/Modules/Finance/Infrastructure/Persistence/DatabaseCollectionAccountStateRepository.php,2147,dc9a1e3529949ccb4c9d91456b470338932bbb17580cae1f5045a54f63ebe841
app/Domains/WorkCore/System/Modules/Finance/Infrastructure/Persistence/DatabaseCollectionMessageGateway.php,1812,45eb81d7a62f98e4f36f45f8f62ef44e9cb162e933b0a7d447d6c1ac1bac4763
app/Domains/WorkCore/System/Modules/Finance/Infrastructure/Persistence/DatabaseDocumentNumberGenerator.php,2480,c4e6c0570aed9ac9e7e8e7eb01cad00e087f43f7432e316e6da912cad3c1106f
app/Domains/WorkCore/System/Modules/Finance/Infrastructure/Persistence/DatabaseDocumentSnapshotRepository.php,1298,6d755aa34be20c9df4fed0494e3adec884886202b15749a007005d515b4bd490
app/Domains/WorkCore/System/Modules/Finance/Infrastructure/Persistence/DatabaseExternalEventInboxRepository.php,3836,dd6d32dc15d85ae3deb2cff189e1322a4fc920888e7f366beaca87e13b7e1ef4
app/Domains/WorkCore/System/Modules/Finance/Infrastructure/Persistence/DatabaseFinancialExceptionRepository.php,1156,fbfef594ffff6e39d5d24607652e6409cf410db2954fd8f0e865de3cc2dffdd3
app/Domains/WorkCore/System/Modules/Finance/Infrastructure/Persistence/DatabaseIdempotencyStore.php,3240,f09f67133b50be5e7696c95a9d2401c2e6a759f1af37de7cc990242384f8e11f
app/Domains/WorkCore/System/Modules/Finance/Infrastructure/Persistence/DatabaseInvoiceRepository.php,7639,c929391f92ab6213c213cefa80dd24b5577f5792dfa5ad60347a74b63106c958
app/Domains/WorkCore/System/Modules/Finance/Infrastructure/Persistence/DatabaseJournalRepository.php,2695,dbf88170b7e99295791e84ed5d2e5c5b6aa0fb8d5f6768619ac94e27c07bec52
app/Domains/WorkCore/System/Modules/Finance/Infrastructure/Persistence/DatabaseOutboxRelayQueue.php,2713,0888a925d63a4d963a2317da6e8b6d5f6c6c1ad99aa8169d910d07dec2928d13
app/Domains/WorkCore/System/Modules/Finance/Infrastructure/Persistence/DatabaseOutboxRepository.php,1188,fadb82028f6db0dd2d46095ab1a903e9e6529317edb1b2f1da7a8f79455c40e9
app/Domains/WorkCore/System/Modules/Finance/Infrastructure/Persistence/DatabasePaymentEvidenceRepository.php,2710,82ed89eec8759841ba586e6d408b7af81e8209483401824784bbab1ef1333135
app/Domains/WorkCore/System/Modules/Finance/Infrastructure/Persistence/DatabasePaymentMatchRepository.php,1529,243dd20c105c7a2f60eb3a5e41c1d0a206b274448ea37b0b53f1a0bae02c8745
app/Domains/WorkCore/System/Modules/Finance/Infrastructure/Persistence/DatabasePaymentRepository.php,3717,31ad05f1908312709fdd36f1dcc95ae7f370eb89669c90f34add14320a75e50d
app/Domains/WorkCore/System/Modules/Finance/Infrastructure/Persistence/DatabasePaymentRequestRepository.php,2479,77ef981c82e212c7c97089405ab0600925c5ffe0d8935af1d5b3908137b5ded4
app/Domains/WorkCore/System/Modules/Finance/Infrastructure/Persistence/DatabaseQrArtifactRepository.php,739,d6f36a436e1f9ae72f6f89f4b8b008987ee98d869764838af984e27a3c4c08b2
app/Domains/WorkCore/System/Modules/Finance/Infrastructure/Persistence/DatabaseReceiptRepository.php,1262,efcd1e6dde98dc29555aff1f389c550e0770197dfb7c5bd8a6f20808750e9320
app/Domains/WorkCore/System/Modules/Finance/Infrastructure/Persistence/DatabaseReceivableRepository.php,2834,c18af63d9f4d2fc3c6e7f909df66b7a8310c66e778e880517aab1ac5452716c4
app/Domains/WorkCore/System/Modules/Finance/Infrastructure/Persistence/DatabaseReconciliationRepository.php,1673,8d757efc5fc42bc4e9002f1dc0c22e8bf317923e10a6e279f029f76c6cbad16d
app/Domains/WorkCore/System/Modules/Finance/Infrastructure/Persistence/DatabaseScheduledActionQueue.php,2712,15ca076f1a820e18a7c5998c074bfb84c98d689e10c2acc0cd83b8b669dcdffd
app/Domains/WorkCore/System/Modules/Finance/Infrastructure/Persistence/WorkCoreCustomerRepository.php,1515,03a00e0bf37e50103821b855c6ae38e8f57b7d792ebd3aa495c34af0ef15a4e7
app/Domains/WorkCore/System/Modules/Finance/Infrastructure/Persistence/WorkCoreJobRepository.php,1806,8118a6cf845bd0c19182f48b3e4e18522d51c81713595a103c0260571decd050
app/Domains/WorkCore/System/Modules/Finance/Infrastructure/Runtime/LaravelFinancialActionInvoker.php,1296,2fd69ec1529a850ef0ebf5ee1ab89337d83b5e60780616442d918718d0b0b0f7
app/Domains/WorkCore/System/Modules/Finance/Infrastructure/Runtime/TitanMoneyActionInputFactory.php,1382,77a14fe24d9dce96e01db3b6a5b63f2173bd583d95b29f7536ee9c21bf2419fb
app/Domains/WorkCore/System/Modules/Finance/Infrastructure/Time/SystemClock.php,345,a5f53907f3ee8918747158d61571607c987fddc40c90d12e3ce436d9118242cc
app/Domains/WorkCore/System/Modules/Finance/Infrastructure/Transactions/ImmediateTransactionManager.php,361,14d126aa8284ad4eaf7f1ea2d1490b1d1589942be54d0cb0cd77d96465f03b46
app/Domains/WorkCore/System/Modules/Finance/Infrastructure/Transactions/LaravelTransactionManager.php,412,3e58a0073c1c954f08ab755eb97607e8f906bd4c668f3bb07089637efa82535a
app/Domains/WorkCore/System/Modules/Finance/Integrations/Banking/AustralianBankCsvParser.php,5226,120b335a21e637b1fe8ec0ce03779806554b126aa8e4a03c8c3613bdc2cf2a9c
app/Domains/WorkCore/System/Modules/Finance/Integrations/Banking/BankImportParseResult.php,329,908e9684c3062bf9967ff573554d518df8ac95d7e920d6a1e64e9d538e92e02f
app/Domains/WorkCore/System/Modules/Finance/Integrations/Banking/BankImportRow.php,798,22fc9833c2bf70c7f25dec650f51c92b2c054f671fe159e69037197679aebf19
app/Domains/WorkCore/System/Modules/Finance/Integrations/Banking/BankStatementImportResult.php,360,1d683f0bf7016509bacfca5fbb7072ad11281982149bd1f9885d45f3198f6118
app/Domains/WorkCore/System/Modules/Finance/Integrations/Banking/BankStatementImportService.php,2069,8a95bb9457f910649cf603473e24ba8d9a50b08e49deb89e994be479989e40aa
app/Domains/WorkCore/System/Modules/Finance/Integrations/Chatbot/InvoiceCreatedCardPresenter.php,985,ab83492958225ad7c5df754f35d1ae4d070f7af871869cbd81481601e081c380
app/Domains/WorkCore/System/Modules/Finance/Integrations/Chatbot/PaymentConfirmedCardPresenter.php,727,d332064e82d004d465c0b06480df1a911841e471e33de655bce352f411b3b2c9
app/Domains/WorkCore/System/Modules/Finance/Integrations/Device/DevicePaymentNotificationAdapter.php,1490,883e56ea1e8b2f15749a17e8d5cb101693937bf6df4805d23a537a80311488e5
app/Domains/WorkCore/System/Modules/Finance/Integrations/PayPal/PayPalSettlementWebhookHandler.php,4343,0d1fea2f3049ee64bd1bc00b45254cf94baae3ab50d81681914643af2372f032
app/Domains/WorkCore/System/Modules/Finance/Integrations/Pulse/ExecuteCollectionFollowupListener.php,894,5d940c5e3c69cbe45fa8a1140b46b617df9e84b58c6f7538460c4b0e0dfca396
app/Domains/WorkCore/System/Modules/Finance/Integrations/Runtime/ExternalEventReceipt.php,253,ae8343b5dcfdbf3858f010b0f459af7a1a5aef0df6c9748e5d6215f78416f5e4
app/Domains/WorkCore/System/Modules/Finance/Integrations/Runtime/ExternalEventReceiptStatus.php,228,b53663bc3a2cf45fee6443489d6aaa97a953fb04582e78bdb6d8c00df4560851
app/Domains/WorkCore/System/Modules/Finance/Integrations/Runtime/TitanMoneyOutboxRelay.php,1907,49353511d1afe9ceac63c272c82034269495caba525311192e72b41aacb7677d
app/Domains/WorkCore/System/Modules/Finance/Integrations/WorkCore/CompletedJobMoneyFlowListener.php,1816,a63e80309f52fd9bc3e82916185dac6dd7958420696883709caf10bee688256d
app/Domains/WorkCore/System/Modules/Finance/Numbering/SequenceFormatter.php,825,cecb49ec1b42730c1b5ba88aa80652d105404cecfda16abe412e033f7c806289
app/Domains/WorkCore/System/Modules/Finance/Numbering/SequenceKey.php,772,192933526a1671ba6c7e85c19ed90c280aa68719713f496846a46900eb3bdaab
app/Domains/WorkCore/System/Modules/Finance/Settings/FinancialSettings.php,2485,4859a9991c2aa3abf5a46486e6608be3f897238c22834e06e9e48aa25b920e55
app/Domains/WorkCore/System/Modules/Finance/Settings/GstAccountingBasis.php,188,d26b32d89fc61d22105a4fa106ee7e0276cfe21191bd1dfb707715987eea4f18
app/Domains/WorkCore/System/Modules/Finance/Support/CanonicalJson.php,1425,e834a403360e356e325b82c843b6b60ba587cae15bbce3b8d3855708961f3aed
app/Domains/WorkCore/System/Modules/Finance/Support/DependencyDiagnostics.php,1239,00da22258a84b1c359e2d6b26eca9695c6cbe8c9288061d61f8bb945c49aa148
app/Domains/WorkCore/System/Modules/Finance/Support/MoneyDomainCatalogue.php,2142,7a59d53e7382ae87cefcdfc74cacf55447f7f9ab488cfd223b2b34d32e5b798b
app/Domains/WorkCore/System/Modules/Finance/Support/TitanMoneyHealth.php,1611,0787881ff4401fbdc4cccaa541aca58c3c35040cd15eae246175c792023b1d65
app/Domains/WorkCore/System/Modules/Finance/Tenancy/CompanyContext.php,1597,02145a1cb8e35b0d1addffba6e3fee41a01f56c23d31f6a6600c75e5fd523546
app/Domains/WorkCore/System/Modules/Finance/Tenancy/Exceptions/CompanyMembershipRequiredException.php,207,8a1aad9274788f97eda19f158e7ae346896fba3d9d3f38c08b7685b156389439
app/Domains/WorkCore/System/Modules/Finance/Tenancy/Exceptions/MissingCompanyContextException.php,386,30cdfdbfaf057b471d8d5cb4b34ffe064eb50fc25982bcb421ed784a576e94ac
app/Domains/WorkCore/System/Modules/Finance/Tenancy/FailClosedCompanyContextResolver.php,486,f5697bf6de1959a7589e9bddc36ad013b987c020a3b609430df39486c31f3561
app/Domains/WorkCore/System/Modules/Finance/Tenancy/WorkCoreCompanyContextResolver.php,1949,f37b03be51c1958d67a8fa5387bf4e115a05f62ae22e3bedce3bace47d58d003
app/Domains/WorkCore/System/Modules/Finance/WorkCoreFinanceServiceProvider.php,35083,58c7cf476c5586b9b031bc220790eb75394eeb8ae675b8b532873270e7723259
app/Domains/WorkCore/System/Modules/Finance/config/automation.php,696,87750fc834d2058ad5288f3a7578ea346fdad2aec7b9e614d9be039402e0054f
app/Domains/WorkCore/System/Modules/Finance/config/permissions.php,2085,2966bf5ef32f42a34b04f27cd6312900ac73d70bd799fae92c938794a0ba5480
app/Domains/WorkCore/System/Modules/Finance/config/titan-money.php,6837,7233954e15ca7c5a736a0b667c3d0c8ccc0fbccf69f02d57e43112cef6174fd7
app/Domains/WorkCore/System/Modules/Finance/resources/lang/en/messages.php,69,7d7827afb564f7352a2e89caca9aea1efc794175646310ee33c0e2f5baa32013
app/Domains/WorkCore/System/Modules/Finance/resources/schemas/budget-envelope.schema.json,429,1a4e6ec371dee3f9a683d29d2362bb9ca2c181b5180ae3316140b8434c386013
app/Domains/WorkCore/System/Modules/Finance/resources/schemas/collection-followup.schema.json,375,a7442b6b65e0b897da4a28b038023eee7be94b76e72a689148f071b354bef6eb
app/Domains/WorkCore/System/Modules/Finance/resources/schemas/company-context.schema.json,383,82e85deafe9582d0762090254b6cb30bee0a80c749f1c00dc387ce28800ddd6d
app/Domains/WorkCore/System/Modules/Finance/resources/schemas/einvoice-transmission.schema.json,526,0174517280637bfd4eabcfb9eb2ab7f588d2a8d6f75e3d015eb426362ed68746
app/Domains/WorkCore/System/Modules/Finance/resources/schemas/expense-claim.schema.json,439,571804d3f780adafec2cb17873ade6ce19a7fd952c9453718f149c090ff46ea5
app/Domains/WorkCore/System/Modules/Finance/resources/schemas/financial-document-snapshot.schema.json,454,956a7c5f49a771c292935a2787175d036bca3cf59094550c6a1ab8e9453af4f6
app/Domains/WorkCore/System/Modules/Finance/resources/schemas/ingest-payment-evidence.schema.json,464,d4702f11a33373270cc153a2a0c09f106111f140b2e92dee1922fb65997984cb
app/Domains/WorkCore/System/Modules/Finance/resources/schemas/money.schema.json,357,4143a1d70103ea4b4e5aa494f89b4cfcfd06cea3bc65efc6d0b213df899ea1e3
app/Domains/WorkCore/System/Modules/Finance/resources/schemas/payment-confirmed-card.schema.json,336,ab29f823145b15859910fda26db303624893e08a9fd75387b04f8683e893922a
app/Domains/WorkCore/System/Modules/Finance/resources/schemas/pos-sale.schema.json,322,321452e4d160f9c19a186568b6a076efded357f11734cfe21e7ae7b661afab2f
app/Domains/WorkCore/System/Modules/Finance/resources/schemas/purchase-order.schema.json,335,6c35af741353563672130a379c8277cf4084bc77fbd33ec37ce656ece9cc68fb
app/Domains/WorkCore/System/Modules/Finance/resources/schemas/workforce-loan.schema.json,471,c4f1d4288ddb341418f00ef0f61fa559e89dcf46d234a730290f150857daa437
app/Domains/WorkCore/System/Modules/Finance/resources/views/index.blade.php,78,907bd98bd507c147ceb706aa130e6ce7e94e90b27bd29e5dbecb3857ecc52a8c
app/Domains/WorkCore/System/Modules/Fleet/AI/FleetToolRegistry.php,367,302f59aa9382d656f49f9e4d86720f5b93de195680bc1682a49b8c03bbb0cfa1
app/Domains/WorkCore/System/Modules/Fleet/Actions/AssignFleetVehicle.php,1151,1baee6a0102045c00870c576098cb8b36af8438c7588acbe826e0c5ef0e16314
app/Domains/WorkCore/System/Modules/Fleet/Actions/CreateFleetVehicle.php,950,75f2b954e4a70ea1af3ce65dec7ac0220540873760e5704bfcaddff8be93c60e
app/Domains/WorkCore/System/Modules/Fleet/Actions/RecordFleetMileage.php,1155,e7be70da487364c02eed34d9af9f024dd82663ff1e99b321f5958f969c143a21
app/Domains/WorkCore/System/Modules/Fleet/Actions/ReturnFleetVehicle.php,1167,7a0c1295f2985c8b4a8c98ba90d15c0e4a1a882075848ebd56382e0da81d69b2
app/Domains/WorkCore/System/Modules/Fleet/Actions/SearchFleetVehicles.php,900,791e52c3ed4f4445967dff81993953e3509fe1eaabcfe59f4133a6a6591cd594
app/Domains/WorkCore/System/Modules/Fleet/Contracts/FleetRepositoryContract.php,686,84b767b863db136321f7881df5c8df268c2368abd18ccf2eeb90172030d4dc43
app/Domains/WorkCore/System/Modules/Fleet/Http/Controllers/FleetController.php,2560,1cd85804aa891622f72bd7c03507b4b2eb0fb58dd13ee4b154391c8444f78359
app/Domains/WorkCore/System/Modules/Fleet/Http/Requests/AssignFleetVehicleRequest.php,668,378e8554e0c86758447ac02bc27ce0d77cc9c48989dd08e0e47033589b7df8ff
app/Domains/WorkCore/System/Modules/Fleet/Http/Requests/RecordFleetMileageRequest.php,779,49c580e94c35fc91f9064e30db5fe7a49851a081cebec942a8012fa535d4e12e
app/Domains/WorkCore/System/Modules/Fleet/Http/Requests/ReturnFleetVehicleRequest.php,378,3562cc0f9fca6a026729e26e80f9053a76b169ab3d782dd8f76dace6d456cd4c
app/Domains/WorkCore/System/Modules/Fleet/Http/Requests/StoreFleetVehicleRequest.php,1138,14a853ea4481621bd96644a30a98254c5a3cada8595cb7c6035afed3abaede7b
app/Domains/WorkCore/System/Modules/Fleet/Providers/WorkFleetServiceProvider.php,1838,1b99547b5e42c23cfd145ca6098c0f0fe6c006711b63e1795f2508b7ba6a1a76
app/Domains/WorkCore/System/Modules/Fleet/Repositories/EloquentFleetRepository.php,22131,daef3adc09882ffa282f10d3e9fc6b2649cb018adbd0e0a18c45ee85b6bb8167
app/Domains/WorkCore/System/Modules/Fleet/routes/api.php,891,4a0f9faab9dc622a9ceedca97317f1f63288c06f049e894e76154a0fa97609d4
app/Domains/WorkCore/System/Modules/Forms/AI/FormsToolRegistry.php,798,10fbedef4948b9c335fa2628b731a01aa47a5b614a73436ccec74debd6b50b41
app/Domains/WorkCore/System/Modules/Forms/Actions/ConvertFormFailureToWorkOrder.php,1120,675edae4443c5b6e33eb1bbc0cf7d3a6251cd3cc6775d3ca94362a3c963fb0e8
app/Domains/WorkCore/System/Modules/Forms/Actions/CreateFormTemplate.php,968,4cabb35f5f17974cc18fda1253c2c2baf4323b88c1c2f416bb846fca2ba17850
app/Domains/WorkCore/System/Modules/Forms/Actions/PublishFormTemplate.php,1000,2cececd055626178c9b23cbb243c5c9cea112616ba18d7f1f4d14c6e160c40c4
app/Domains/WorkCore/System/Modules/Forms/Actions/SaveFormResponse.php,1024,6663a67dc59c07031ab271da3c65134520f2d30f30c001a261692f4b15f7977c
app/Domains/WorkCore/System/Modules/Forms/Actions/SearchFormSubmissions.php,545,c2c8aaa530317d48b1aeb14ec871fdff536661dea93087467a8490e8a983ec0a
app/Domains/WorkCore/System/Modules/Forms/Actions/SearchFormTemplates.php,541,fe6a5d79bfa9a10dac12b97ce47b720c28a0bbc0054ab6bbfe012382eca65e28
app/Domains/WorkCore/System/Modules/Forms/Actions/StartFormSubmission.php,974,73be841b2157191d082c6951c3fd42323fbac547c2b34adc84a08abc2817471a
app/Domains/WorkCore/System/Modules/Forms/Actions/SubmitFormSubmission.php,1029,7a2df91d02be0ee966a2bc0f2b55a781428b00d586e6361dbe24ad6a40a7bdcc
app/Domains/WorkCore/System/Modules/Forms/Contracts/FormRepositoryContract.php,1048,bd32adaaffab779ebb83ead7209e4b8caadfd8a4b873d2b6c7c9712f15d980b8
app/Domains/WorkCore/System/Modules/Forms/Http/Controllers/FormsController.php,3590,97a7e9817810bb0d58c1b31269ea523323ea38ed31f84708d7cf60dd5be588ef
app/Domains/WorkCore/System/Modules/Forms/Http/Requests/ConvertFormFailureRequest.php,401,70c3764082c50f6bd21fcb4cbb4884e4fbe8efae65ee62d11aa7d9464db2bcaa
app/Domains/WorkCore/System/Modules/Forms/Http/Requests/SaveFormResponseRequest.php,897,dec03f9aa1443eed14cf5546b00abc8853f3da392c7c59265db9c4edb5e2aaf1
app/Domains/WorkCore/System/Modules/Forms/Http/Requests/StartFormSubmissionRequest.php,640,9950574a1caf62c51b606c4a6f7b0e54f55eda83f68b013e381f516e9989e39f
app/Domains/WorkCore/System/Modules/Forms/Http/Requests/StoreFormTemplateRequest.php,2228,58892690d8a4bb8041fb7791062e1239cef474ba4ca0719f410cb56aad56aefc
app/Domains/WorkCore/System/Modules/Forms/Http/Requests/SubmitFormSubmissionRequest.php,427,a09d7983d75de5fa780008f1cec1279dc0deb19b9a08a00b0db9c42639400fc6
app/Domains/WorkCore/System/Modules/Forms/Providers/WorkFormsServiceProvider.php,3170,c1156571a66a58683153748e82ca6c1be64897a50d00111d59bf24c94e53a6a1
app/Domains/WorkCore/System/Modules/Forms/Repositories/EloquentFormRepository.php,26913,d569e6772cfb6cadcdb13c3de1dcb2e973067f14d145bf6d79572c594034d978
app/Domains/WorkCore/System/Modules/Forms/Services/FormFieldPolicy.php,1652,78292f1f24c60229812f99ea0620cb9abf84b52900a94492fa26facdc5d1274a
app/Domains/WorkCore/System/Modules/Forms/Services/FormSubmissionPolicy.php,1113,11ac2b8f067f2bca389f68339c30636fe9484cbc5d235b9c17f8c7305f3862fa
app/Domains/WorkCore/System/Modules/Forms/routes/api.php,1283,3a15b8097922cc063016a8c4bff0a49f93c2834fb75c184e64541f4b7ac1d095
app/Domains/WorkCore/System/Modules/Inventory/AI/InventoryToolRegistry.php,1486,647dde0114eba4553c29e49c7b050068e5539414ca420094a197bee55dec0db9
app/Domains/WorkCore/System/Modules/Inventory/Actions/ConsumeStockReservation.php,1144,a8bb2774d21eccc4c750eeb9a0ec9967876e32f5b7008314cb16b72c99b02d36
app/Domains/WorkCore/System/Modules/Inventory/Actions/CreateInventoryItem.php,1046,b73117ad5db40b8869b302e859f6e19acd5e68749acc41885a3c15dcc563b845
app/Domains/WorkCore/System/Modules/Inventory/Actions/CreateStockLocation.php,1070,63aaeb98239fadfdfd959714378933d73a5f8183eb860780b9633a8c8aedb1cb
app/Domains/WorkCore/System/Modules/Inventory/Actions/ListStockLocations.php,497,fd8c530cab8866bb319007037ca207469bd165f03a2d23ed6939476d4fc42350
app/Domains/WorkCore/System/Modules/Inventory/Actions/RecordStockMovement.php,1130,04408ed17a449719c5683264623ab4c0f142c3885b1745d333fb17fee113914a
app/Domains/WorkCore/System/Modules/Inventory/Actions/ReleaseStockReservation.php,1108,3db0964aa47699f6e1d4f57d922f0e596991f35d697a26dfe361590942957d77
app/Domains/WorkCore/System/Modules/Inventory/Actions/ReserveInventoryItem.php,1133,d1a251b3602c0a68f20a60fd9edc2eb1b90f7e736022901b9f3acc1dc7fe36c6
app/Domains/WorkCore/System/Modules/Inventory/Actions/SearchInventory.php,593,5cf46842a058155cc6eae0b7af8134366ec31b624b82690dee679d57c16f00f4
app/Domains/WorkCore/System/Modules/Inventory/Actions/SetInventoryReorderRule.php,1059,080a0118caefbc0ab66a3b389b15b156833ede7e8b929e122b41fc74db3c8c0e
app/Domains/WorkCore/System/Modules/Inventory/Contracts/InventoryRepositoryContract.php,1106,c2a2324d18a7ea0fc8b399a371eb533df7d47ebe436b0bad31906ee646fa4ba3
app/Domains/WorkCore/System/Modules/Inventory/Http/Controllers/InventoryController.php,4256,ea850d4ddd26c84c5919884c1c134b9119a877595fbb498615acfabd8b7837cd
app/Domains/WorkCore/System/Modules/Inventory/Http/Requests/ConsumeStockReservationRequest.php,672,d4745fd996ee3aeacb789c0fbe8b9dc4bbdcd20a748a33f6cfeb7d86b360dbf5
app/Domains/WorkCore/System/Modules/Inventory/Http/Requests/RecordStockMovementRequest.php,1130,4950cfda1e3118dd8d8046b55b925f609dc9a12e657e311a78c58b3684c4ddc9
app/Domains/WorkCore/System/Modules/Inventory/Http/Requests/ReleaseStockReservationRequest.php,361,7cca35a6e62e64a2585c018b9f6553f3970a30104f5cfa8e216a9be7d2a1e1be
app/Domains/WorkCore/System/Modules/Inventory/Http/Requests/ReserveInventoryItemRequest.php,849,a8b91482dbe5e01e969e76893b747603ec447a4407c00c643c6bdf7eb4fced19
app/Domains/WorkCore/System/Modules/Inventory/Http/Requests/SetReorderRuleRequest.php,462,7b03bea530662e0ae4cff66c2da5e2db4fe9b532299fb41c0a7639ab35075079
app/Domains/WorkCore/System/Modules/Inventory/Http/Requests/StoreInventoryItemRequest.php,1254,3639c2cbb0cc1e2cbbea4ceb2706b6d38de7023bdcb4b98fe352e7ab71f75389
app/Domains/WorkCore/System/Modules/Inventory/Http/Requests/StoreStockLocationRequest.php,1087,1541a613756a10e7652badd8e702bb8c1cb79b2f3dbd5a021fda77a762a73485
app/Domains/WorkCore/System/Modules/Inventory/Providers/WorkInventoryServiceProvider.php,3376,bddb72be77a0ff4362dd9fb01578874d59f147bbd23a717eb39a44d07d06ff06
app/Domains/WorkCore/System/Modules/Inventory/Repositories/EloquentInventoryRepository.php,26301,fe7d737bc4fdac787f6f6a22c87c1b6463b2aa803bb1252560b538216cd4d87d
app/Domains/WorkCore/System/Modules/Inventory/Services/InventoryQuantityPolicy.php,1513,5c2a8b198094838458ced84b781d3be6e120489d8cf55e685ad59758685c54a1
app/Domains/WorkCore/System/Modules/Inventory/Services/StockMovementPolicy.php,1910,20f9246a8b8405ec4a46d9d1288299535e17f5ba75a483d93bd3135b7bcfe2a3
app/Domains/WorkCore/System/Modules/Inventory/routes/api.php,1474,04abb21420ab542697acc6b3e24e6f77219930412cc4fa901ecba89ff295eb70
app/Domains/WorkCore/System/Modules/Knowledge/AI/KnowledgeToolRegistry.php,2078,dbd1cde71b68b4a204eb0ef9a57cc78d92a1ea32acaffdb96e4879715e154ba9
app/Domains/WorkCore/System/Modules/KnowledgeBase/Actions/ChangeKnowledgeArticleStatus.php,1104,33a13afd119b26eb8afb3f3f8a905ba60f05bf43c2484c10c9f1339952a480df
app/Domains/WorkCore/System/Modules/KnowledgeBase/Actions/CreateKnowledgeArticle.php,997,f854d95e98586ad04fa479feb98e0b5a46c8452bbd6d2a3102f13929a0958dea
app/Domains/WorkCore/System/Modules/KnowledgeBase/Actions/CreateKnowledgeArticleFromSupportTicket.php,1172,7eb9971641bbeab91c825c6ba36a222402ddce9b501cb9b615cd4230ece392f1
app/Domains/WorkCore/System/Modules/KnowledgeBase/Actions/CreateKnowledgeCategory.php,1002,7b5aaefa0e3fd43ec920bbe348a1528de47cdf19dade66685042bb7f97470de5
app/Domains/WorkCore/System/Modules/KnowledgeBase/Actions/RecordKnowledgeFeedback.php,1060,6c7e7bf5ace00cfcbba4394b55c03902e6dba19e609df8e9dda007adc9c17e33
app/Domains/WorkCore/System/Modules/KnowledgeBase/Actions/SearchKnowledgeArticles.php,594,e5c6edda22e6ebade278408f886b6d2d02dcc4b1ee10f4ff31d8bd67bf021777
app/Domains/WorkCore/System/Modules/KnowledgeBase/Actions/UpdateKnowledgeArticle.php,1054,8b0b4609c8f1db00aa5b7e129d8da08f7731384a77c6a693f5cf55311d9c108a
app/Domains/WorkCore/System/Modules/KnowledgeBase/Contracts/KnowledgeBaseRepositoryContract.php,1014,68c995515d95c3f282f9e1ce7c3d2d92606b6528cafdb4133bc1759d311598a3
app/Domains/WorkCore/System/Modules/KnowledgeBase/Http/Controllers/KnowledgeBaseController.php,3460,b4cd54bb444acc9dbcdd9d7734c24a7d9b1318bbf8fb53b5a83c6bfaa166b9de
app/Domains/WorkCore/System/Modules/KnowledgeBase/Http/Requests/ChangeKnowledgeArticleStatusRequest.php,432,6a67a27806ca297ea31e27c91a26da049ede2d4018de0560739910d965133588
app/Domains/WorkCore/System/Modules/KnowledgeBase/Http/Requests/CreateArticleFromSupportTicketRequest.php,972,4ed0386e154be480873a8ac77ac4c99016c4bee0ef3e70ab65b01f33bb3630bb
app/Domains/WorkCore/System/Modules/KnowledgeBase/Http/Requests/StoreKnowledgeArticleRequest.php,1399,5dfa0d6b172219c84d2a9bd75ab0aca1a4dd776297e8fe6aba0a53b8132cba35
app/Domains/WorkCore/System/Modules/KnowledgeBase/Http/Requests/StoreKnowledgeCategoryRequest.php,648,17dcc964396fe8f350f22a7258cf00a824a1525b3761f20fed422bb5e9fdc3d2
app/Domains/WorkCore/System/Modules/KnowledgeBase/Http/Requests/StoreKnowledgeFeedbackRequest.php,439,ad3e209032837879b5ca8a202110c7857698dda5dd3bfaf401b111fd0028c95d
app/Domains/WorkCore/System/Modules/KnowledgeBase/Http/Requests/UpdateKnowledgeArticleRequest.php,1170,9f12226e6e5682e47362a6fb878b47960de3853856c339d166042b68282c7ce3
app/Domains/WorkCore/System/Modules/KnowledgeBase/Providers/WorkKnowledgeBaseServiceProvider.php,2965,68963570de9730c872e0c55d86c4b82c10560b66c650ac35013de17521df14e1
app/Domains/WorkCore/System/Modules/KnowledgeBase/Repositories/EloquentKnowledgeBaseRepository.php,18093,571c045e6ca622ebc030f4bcf8b13bc2492a70f3a738e6b8bc7a62cd831df23b
app/Domains/WorkCore/System/Modules/KnowledgeBase/Services/ArticleStatusPolicy.php,1098,d77af4d19cdcc77db1389020842963e8f6d1ea021019d04e964b8a25807d9be4
app/Domains/WorkCore/System/Modules/KnowledgeBase/Services/ArticleVisibilityPolicy.php,782,c78cea5f3edb1bc70f11127eaf09a566af6942958b4272a5232a68c09e6a4ddf
app/Domains/WorkCore/System/Modules/KnowledgeBase/routes/api.php,1251,dc84b3e6a26e8b4ca6a326cbdbda6ae6cb1132021a894618ecdb738eaebccb2b
app/Domains/WorkCore/System/Modules/NDIS/Application/Actions/AddNDISCaseNote.php,4190,e1bfbca5d779867b78a7039605e16ebe607bd1b7fb278c27db7a4eb79017878a
app/Domains/WorkCore/System/Modules/NDIS/Application/Actions/LinkNDISParticipantIncident.php,3289,2e05a37ae5eb1f5e031e43c2bcf21f056cdbd978882e08c28bc885279f287112
app/Domains/WorkCore/System/Modules/NDIS/Application/Actions/MatchNDISWorker.php,3483,90a647cde487cae42df42fbd3eb41c20b6b17a6d9f768a31cb25081af5eff4cc
app/Domains/WorkCore/System/Modules/NDIS/Application/Actions/PrepareNDISClaimLine.php,6279,cf6233c4eae4cea6d12d9117cfaaf1f32f9423a541c580ef04c8750f6c52d9cc
app/Domains/WorkCore/System/Modules/NDIS/Application/Actions/RecordNDISSupportDelivery.php,10730,96b495b694128b48685305750f98cc48c75262a0ba5e76daa6135361a6fb1431
app/Domains/WorkCore/System/Modules/NDIS/Application/Actions/UpsertNDISGoal.php,3364,bffd8635f85a130e08a567d40aba0c0377b1ef903c29b3ee9c779ebbf082fe1c
app/Domains/WorkCore/System/Modules/NDIS/Application/Actions/UpsertNDISParticipant.php,6919,adc923fc3316cb09c02b91235c0d01475d1ee4a814acbed7e390dbc0fb74d525
app/Domains/WorkCore/System/Modules/NDIS/Application/Actions/UpsertNDISParticipantContact.php,4428,5addfbb2ca10f2057bbf99e3c2577fb9b0951531cda7a10459b8f045aed6058e
app/Domains/WorkCore/System/Modules/NDIS/Application/Actions/UpsertNDISPlan.php,9848,fc258f7d588a9ca531e63d568bfaf5182cc6919ce3c9998bf288a9b8574c4822
app/Domains/WorkCore/System/Modules/NDIS/Application/Actions/UpsertNDISServiceAgreement.php,12624,5b26bb28c1f5269208b27f75aee1e6a6531982fb651fe31d568bbdaab9e0e127
app/Domains/WorkCore/System/Modules/NDIS/Application/ReadModels/GetNDISBudgetPosition.php,3869,932f494f12b30b080a93f3ee8389f096dbed9525a7ac2124a0343ab61c636fca
app/Domains/WorkCore/System/Modules/NDIS/Application/ReadModels/GetNDISParticipantProfile.php,6353,610987ee941790b08d982993a542f480a95d70342e1a6d9d85e9df089309d29a
app/Domains/WorkCore/System/Modules/NDIS/Application/ReadModels/ListNDISClaimQueue.php,1902,aa726b263a7cf4672d33aded0163ec1f8092d6715ba3e113805be42c862ab133
app/Domains/WorkCore/System/Modules/NDIS/Application/Services/NDISActionSupport.php,4636,19f0bfce8682927de63e906dfb12d10bf1b44a37a665027b06469b252172a31c
app/Domains/WorkCore/System/Modules/NDIS/Domain/ClaimLineState.php,812,a13fce9deca00c073846bd3ca7cfa3dfbb762c927eb319f8859ae8fc6b093c38
app/Domains/WorkCore/System/Modules/NDIS/Domain/ParticipantStatus.php,787,33d7566afdefd8c41000fbd4d17ab8c947e0d92d919b51d4e49489a9c849e816
app/Domains/WorkCore/System/Modules/NDIS/Domain/PlanState.php,673,f5ecf4190fec7e99ed7038ecd05431382773b3c9f8fa5998992df6c4345db384
app/Domains/WorkCore/System/Modules/NDIS/Domain/RecordVisibility.php,785,eeb3dbe8627914a6f6ca2e4d697aa189197e1e3d91d13df1cb800d9d93b07f9b
app/Domains/WorkCore/System/Modules/NDIS/Domain/ServiceAgreementState.php,862,d34656587f9a15267ea27296a5e088cbcb918a91410c01272829da97bc0e210f
app/Domains/WorkCore/System/Modules/NDIS/Domain/ServiceDeliveryCalculator.php,1782,75209e5d8197399f27f6f1e37fd5cc0dee725498ad9f469ec04e4f03fd69a81c
app/Domains/WorkCore/System/Modules/Operations/AI/OperationsToolRegistry.php,377,20b3d56d072adf3a420aef4e163ec762429f0e3737339a849c64a688bb2bef65
app/Domains/WorkCore/System/Modules/Operations/Actions/AddTimeEntry.php,1423,d1f158f03f3fc2fa1ffcd85ca28a2b3c72d4bb2c88899ea1fe224ba32d8242df
app/Domains/WorkCore/System/Modules/Operations/Actions/ChangeWorkOrderStatus.php,1983,610d1faa836afc641657ac523d7e8ca54cd95499d9e837180f277e3b36dd065d
app/Domains/WorkCore/System/Modules/Operations/Actions/CreateWorkOrder.php,1127,bc633cc01a610a968d83ee68888301d2836332cc6cf3fec42aa5f1ec4c12c074
app/Domains/WorkCore/System/Modules/Operations/Actions/SearchWorkOrders.php,1613,8dd1dd6c5d542a46d62001aa95da54ae6418b7b0d6eb9b4f65d8af087b3be75e
app/Domains/WorkCore/System/Modules/Operations/Actions/UpdateWorkOrderTaskStatus.php,1303,b0b72778230ef66120fd71437fd9ca6eaa08fdc7be7b68fa90c121828d7e8a32
app/Domains/WorkCore/System/Modules/Operations/Contracts/WorkOrderRepositoryContract.php,1243,3fbdf01b6bb5cfff3225cf4291245971a0fd0974dd17f98e0f7c889e20a64a16
app/Domains/WorkCore/System/Modules/Operations/Http/Controllers/WorkOrderController.php,4405,37f88c42bee2dcf8fe1e3fd2b5d44cc0a0c794bdd196984a705830769baa5ac4
app/Domains/WorkCore/System/Modules/Operations/Http/Requests/ChangeWorkOrderStatusRequest.php,695,719e7ba50b5f71b6605df26f4a0503e6c56cf228a55e4351d41b2a541c6ded56
app/Domains/WorkCore/System/Modules/Operations/Http/Requests/StoreTimeEntryRequest.php,848,a956045745a4f76669ef3951e8cb41ecdd1712fd98fffe22cc7d8c655e614386
app/Domains/WorkCore/System/Modules/Operations/Http/Requests/StoreWorkOrderRequest.php,1863,0652f7cc31a5ea9589d8a1b576d6dca4770e4504670c0f59db7e52e98dd03e9e
app/Domains/WorkCore/System/Modules/Operations/Http/Requests/UpdateWorkOrderTaskStatusRequest.php,426,ce86aece5b62fa180ac5f7e7563b35d6ebb1ef84322af50fb7d491a224cd3d50
app/Domains/WorkCore/System/Modules/Operations/Providers/WorkOperationsServiceProvider.php,3695,0e68d6c3a8b1b1bcc46e08eb564d4a80cbc5acf9d82ccc258f24211912069e0b
app/Domains/WorkCore/System/Modules/Operations/Repositories/EloquentWorkOrderRepository.php,21965,06d74c3098af1ae9060d80239fa96005aa02caa0df7ee3a8b75f731d9ac64044
app/Domains/WorkCore/System/Modules/Operations/Services/WorkOrderStatusPolicy.php,2631,33db79e8c9079689d2e4448b42343a81a8cfb5580b3328fde15b74b19194a9c4
app/Domains/WorkCore/System/Modules/Operations/Services/WorkOrderTaskStatusPolicy.php,835,ed8b3148a6a48471bc6fedcd23545d7d4a581991824d1167fe551c5f38df65af
app/Domains/WorkCore/System/Modules/Operations/Services/WorkOrderTemplateExpander.php,5687,8211c1a8468d86a57b6bf7da73871dad60a4da60f8843e929dafafe33b35ac97
app/Domains/WorkCore/System/Modules/Operations/routes/api.php,983,bc812bbddd2cca2927003c74d6a703823dc977d9ae7568dcb63bce34dca472b9
app/Domains/WorkCore/System/Modules/Payroll/AI/PayrollToolRegistry.php,371,9cb6eb18be4b18ea3f5c7635092030be0c8880db805c0b0db6a2ed74787fda9c
app/Domains/WorkCore/System/Modules/Payroll/Contracts/PayrollRepositoryContract.php,294,9f1aba3262a8fd574e6ac9fb1189f80b07a885acf8046ed1acb415d9a2ffa84e
app/Domains/WorkCore/System/Modules/Payroll/Domain/PayLine.php,349,bf129cb3dca6233391b49549a137eba6266c8dcb6edf31cd6908e7d1dd37ef73
app/Domains/WorkCore/System/Modules/Payroll/Domain/PayrollRun.php,3501,4c02ef2ae2958b42fd362887e8f578eb0d6b9454fab34135741f38409d1be0d0
app/Domains/WorkCore/System/Modules/Payroll/Domain/PayrollRunState.php,325,1e910fe72a3d29b066dc4531cf4f3d2f9fa06e964b840098d6c9931d1fbe0299
app/Domains/WorkCore/System/Modules/Payroll/Providers/WorkPayrollServiceProvider.php,590,4d20a5f13a27054c624f3476b0a2e62337b29f56826ea7168262b1be79f5d097
app/Domains/WorkCore/System/Modules/People/AI/PeopleToolRegistry.php,369,746ee9bc023cd768967ba3d42dbf093da17c4db82e1ba85d3eefd27a2c7cc89c
app/Domains/WorkCore/System/Modules/People/Contracts/PeopleRepositoryContract.php,292,662bf59257307eb076bdac51b48ff6eab6ba28479194779b6d45bf4e2f8300d0
app/Domains/WorkCore/System/Modules/People/Domain/Compliance/ComplianceDocument.php,2346,27d9bc7375abe11672a5361cb1d7c89d2e408567fd3d069b5db976d833fe14fd
app/Domains/WorkCore/System/Modules/People/Domain/Compliance/ComplianceDocumentState.php,331,f6125bbe8a14c17955bb9e0194c671fa3c8f2ee166730c63a75eb241a1084a2f
app/Domains/WorkCore/System/Modules/People/Domain/Employment/EmploymentLifecycle.php,3339,0229eae80f053ae011d637899365552747b9ff7647086663e55422a171aba3f0
app/Domains/WorkCore/System/Modules/People/Domain/Employment/EmploymentState.php,370,f859b47ccb08351d2bba199edc661ebdca3ad52525b9227c70cac1aa5512268f
app/Domains/WorkCore/System/Modules/People/Domain/Onboarding/OnboardingPlan.php,2128,8cfab3cad57f3ed65b09e5ba43172d82a4309c5420913b9a39cc5769e2c59b0d
app/Domains/WorkCore/System/Modules/People/Domain/Onboarding/OnboardingState.php,261,354789254aebfb814de8b15a6f59b9fcff7ecd1d12cc3a346fa6a9f23091d433
app/Domains/WorkCore/System/Modules/People/Domain/Onboarding/OnboardingTask.php,760,9664f296877f5a7d47d408b36b88ce15d3a3ea8a2732884d51d0db648d9798a7
app/Domains/WorkCore/System/Modules/People/Domain/Performance/PerformanceObjective.php,2293,fc2fbf21f3bfed636224fc814e73bf6d3c3b7bdfa579e8e7f6c5d82a26787463
app/Domains/WorkCore/System/Modules/People/Domain/Performance/PerformanceObjectiveState.php,301,dc69e7692f4950433d0fd80f0296315349aec37e97d0fddfbc2a957bc4fe0aa5
app/Domains/WorkCore/System/Modules/People/Domain/Recruitment/JobApplication.php,3281,22942b1586a15d8dbb7711d289b03ccb2fd000536c81f09c692dfa01dd47350f
app/Domains/WorkCore/System/Modules/People/Domain/Recruitment/JobApplicationState.php,390,61b6c226d44099d986e0c93a2f8f7bdf7702851ac0753c771620dd30226525e7
app/Domains/WorkCore/System/Modules/People/Providers/WorkPeopleServiceProvider.php,621,956f52c289adaca88757b364360efbaa2c514afb9912cd4f342561407e49087d
app/Domains/WorkCore/System/Modules/Premises/AI/PremisesToolRegistry.php,373,afde3295318462a03638910e9042a21559cce1a83cc4a2d08aa1fa699958ef61
app/Domains/WorkCore/System/Modules/Premises/Actions/AddPremisesHazard.php,1360,d998e0e161f24c29f6239c12c1edcd0ac1e9bf4540ffdc38592a9fa01a6aae4d
app/Domains/WorkCore/System/Modules/Premises/Actions/ApprovePremises.php,1206,9e11790a0d2920979fb1bb1f7fa8d6257cb3293d3b91002993233957ce67daba
app/Domains/WorkCore/System/Modules/Premises/Actions/ArchivePremises.php,1241,cb9679dae6aa9d4912e5fe1c48e49da672e4a578b4f0266baf1de29ff3d81486
app/Domains/WorkCore/System/Modules/Premises/Actions/CreatePremises.php,1041,81907df64bdb38a6bfd5e382459b70ba51a83e7e545757db07a806ffb9ae2e05
app/Domains/WorkCore/System/Modules/Premises/Actions/CreatePremisesAccessPoint.php,1387,68a7ed2d74ab8fc3133e9030a5c4cadfa2cb33ed608cdf4478c09e246352b7e3
app/Domains/WorkCore/System/Modules/Premises/Actions/CreatePremisesServicePlan.php,1387,24625ca9ed0f3e6db1ee108046579673767b31c646ad1f5ac361d210dc080bf1
app/Domains/WorkCore/System/Modules/Premises/Actions/CreatePremisesServiceWindow.php,1376,341f1972d1fe5cfb873ae141515de9c120a1fd117b97d5bd2fce690d8a61b684
app/Domains/WorkCore/System/Modules/Premises/Actions/CreatePremisesSpace.php,1361,053f2add2a1ea3d02a56e41bf151efec46e8caa18a7c2fdaaa29435a50b9e925
app/Domains/WorkCore/System/Modules/Premises/Actions/GetPremisesProfile.php,1042,cbe8e76be3e1b113db5e749be883b3f09373b396e2996061088bd3a9c71cf702
app/Domains/WorkCore/System/Modules/Premises/Actions/GetPremisesReadiness.php,1047,bd5b24a1c6ea1f76d5aab7c906fde8382cba0b05125eeae675a523e2e2051686
app/Domains/WorkCore/System/Modules/Premises/Actions/LinkPremisesContact.php,1369,8ab0b2aa8058a49ecdab416a2120e481a9234f6d5d3db5580204ba8e35a33f3f
app/Domains/WorkCore/System/Modules/Premises/Actions/LinkPremisesDocument.php,1373,90ef2654e9d330c0cf89b7ec9d6df176e4a31fc26a30b312bc4d10d12382cc14
app/Domains/WorkCore/System/Modules/Premises/Actions/RecordPremisesMeterReading.php,1392,bf9572aeedb14c5ef82c7de70be4d581573535a30aa50ba4e00daece3f210939
app/Domains/WorkCore/System/Modules/Premises/Actions/RegisterPremisesIdentifier.php,1369,9bac4543127f177c7fc4485be521f1d4e0923b386d08ef953feac6114dece8f6
app/Domains/WorkCore/System/Modules/Premises/Actions/ResolvePremisesHazard.php,1521,f2c5fbe5b4eec61e31af4bf869e329dd6487338b2bfb27ca2b2293caa3d44839
app/Domains/WorkCore/System/Modules/Premises/Actions/SearchPremises.php,1028,29da211c1378bd3522549056076125816fa35ea885a3c10fd35b8747e50242f9
app/Domains/WorkCore/System/Modules/Premises/Application/Accommodation/Actions/AddAccommodationCharge.php,5366,f90e265eff396635f1cd53baf0a79197f26b1fa2d8322b939020cc316ae9a5eb
app/Domains/WorkCore/System/Modules/Premises/Application/Accommodation/Actions/ChangeAccommodationReservationStatus.php,4525,8195f3ef06e37ddcfb4049b3a365fa804bb1d8f1ae9bf4a6dfaf3697e93c30a3
app/Domains/WorkCore/System/Modules/Premises/Application/Accommodation/Actions/CheckInAccommodationStay.php,8548,cdede7f912afdc513851034d5e8d0090ce7fb505b9701a3a43abd787f8f23759
app/Domains/WorkCore/System/Modules/Premises/Application/Accommodation/Actions/CheckOutAccommodationStay.php,5844,3731dc2c9ae3cf8f931a8c243467a2d1596265e31bb01d1bc782fa74f2df6b65
app/Domains/WorkCore/System/Modules/Premises/Application/Accommodation/Actions/CreateAccommodationReservation.php,16274,e54f2cc3cb2f736edfe96592df9aa623949df60396696d477102009a89991383
app/Domains/WorkCore/System/Modules/Premises/Application/Accommodation/Actions/UpdateAccommodationHousekeeping.php,4894,c24839bf21709d80fcabdadbb9490cf6aa44f532b054ebed15a73ae91aeb7cef
app/Domains/WorkCore/System/Modules/Premises/Application/Accommodation/Actions/UpsertAccommodationRatePlan.php,6583,d9bd10d12239e1cf39f46591605e62b80a5b1e8a8086472c5269b35fe94205e4
app/Domains/WorkCore/System/Modules/Premises/Application/Accommodation/ReadModels/GetAccommodationBoard.php,5542,a819d39a7823fbb14ab0e5828963af757d6404e2d0efa4a17f545dca90dcfbca
app/Domains/WorkCore/System/Modules/Premises/Application/Accommodation/ReadModels/GetAccommodationFolio.php,4098,c3b65405d9e33f6d48afa2c88b4ecf5ebb9ce5bce91c1504d972ebaea9ed7327
app/Domains/WorkCore/System/Modules/Premises/Application/Accommodation/ReadModels/SearchAccommodationAvailability.php,1775,07361ada0eb41f6c8a6b7de94f87c03bbb2116739db67aba30483d0de4f95141
app/Domains/WorkCore/System/Modules/Premises/Application/Accommodation/Services/AccommodationActionSupport.php,3984,a98ffd8a33f91acd9c8b8031e5d83465fd47545ef39641022df4158d304173b8
app/Domains/WorkCore/System/Modules/Premises/Application/Accommodation/Services/AccommodationAvailabilityService.php,5600,ce91975626392352d1c8230419f9283d7bc0d0f7a8944ef75736abbcf8b37fdb
app/Domains/WorkCore/System/Modules/Premises/Application/Accommodation/Services/AccommodationOccupancyBridge.php,9867,5303edbc6bc195314d0ec3abda91f49dc03df165fbadae662a016508fc11052e
app/Domains/WorkCore/System/Modules/Premises/Application/Queries/GetPremiseComplianceOverviewQuery.php,3881,ae22cbe3dd404412d93b6ad55f9da635850412dccbfa57c90c397b13bf0c4c25
app/Domains/WorkCore/System/Modules/Premises/Application/Queries/GetPremiseServiceReadinessQuery.php,1940,acc5857edf99725979963f2dfa1b26b63a848f79232aaa0962432e91245f55bd
app/Domains/WorkCore/System/Modules/Premises/Application/Queries/GetPremiseTimelineQuery.php,2687,b1f5839ef834d666a8ca09309103cebe4ff1fcf75606e03cd2d4d0b85cfbde1a
app/Domains/WorkCore/System/Modules/Premises/Config/compliance_rule_packs.php,14705,c78c9f5608ffee181f67bbce050c9a6c825b9ecd228645a8bff0c3172988ac16
app/Domains/WorkCore/System/Modules/Premises/Config/config.php,2598,803c67e0a4b3af1a18b4f317c37127acc9718a38f8da6bf2ca913075ea368f7e
app/Domains/WorkCore/System/Modules/Premises/Config/generative_panels.php,1704,288e032e0d480952a0a896ea84006f297cfc465160c09c18327770e803255e84
app/Domains/WorkCore/System/Modules/Premises/Config/operations.php,16044,a168efb6a23f7091e421420c78a73fc755e9cf35b7c29ad0b48bd44bec5cc202
app/Domains/WorkCore/System/Modules/Premises/Config/permissions.php,359,f800704398c4b2bddb29b9da7a12fa7779c509956d28d8775cbefcfb8968dedb
app/Domains/WorkCore/System/Modules/Premises/Config/portal.php,1663,4e75f14d2495266cd13c428305d1b10780758782c9ecd861deb1f3ff514745c6
app/Domains/WorkCore/System/Modules/Premises/Config/premises_profiles.php,8722,6122b133f57d3b2e8769d09392f545abb88a8bbb72c6b1e19f7f224d8a1eacbd
app/Domains/WorkCore/System/Modules/Premises/Console/Commands/GenerateVisitsCommand.php,1048,c381fb94f7909d471fb3d22b939631b27e02e8302f26f76f6c1dde03509c935e
app/Domains/WorkCore/System/Modules/Premises/Console/Commands/PmDoctorCommand.php,1479,892781a46fed16803c2423ced1fde6f6584896ddfcdbc0767b0eec0377954bec
app/Domains/WorkCore/System/Modules/Premises/Console/Commands/RefreshComplianceCommand.php,1502,f9d978ddad37bdbbd434a0493396a43367dc9a87637bf32a648aae2674dd71a6
app/Domains/WorkCore/System/Modules/Premises/Console/Commands/RetireLegacyInspectionsCommand.php,8965,bef75d5b3def9d88175847c074d9eb44a5f4678ee20209d00ecf69f719cf7826
app/Domains/WorkCore/System/Modules/Premises/Console/ImportLegacyHousesUnitsCommand.php,2937,7da3977f5e0ba73eece1a6c178593d14ae12b04811a179d00df86004aaa6a521
app/Domains/WorkCore/System/Modules/Premises/Contracts/PremisesRepositoryContract.php,2260,b0a2e39b50c96c0d7d53f1a1edee508c34eeeb664c0863a1e337643c8e3fff29
app/Domains/WorkCore/System/Modules/Premises/Data/PremisesData.php,1987,9c0bacbc7b288d9f8e5e1aaaafd770cc729168b44004dc38cc4e291d46b7771d
app/Domains/WorkCore/System/Modules/Premises/Docs/DONE_REPORT.md,3335,cd3129a8304aac44ea539aab276878eb87857b6b3973875f438f4bebf73d9efa
app/Domains/WorkCore/System/Modules/Premises/Docs/PASS2_SPACE_HIERARCHY_REPORT.md,1166,32aa45c05df944909f807b8395178594dcbd3812a076992dae98c6e1829fc185
app/Domains/WorkCore/System/Modules/Premises/Docs/PASS3.md,111,91fc6a28dbf836dcc1c7a12e1976d11b3eafe0042c4319259dfef9ccb96ffce1
app/Domains/WorkCore/System/Modules/Premises/Docs/PASS3_PARTIES_OCCUPANCY_REPORT.md,5635,69b6f02ed59cb6bc2691145e1cb3d4b12ada2811c60552de035ff888519b0c4a
app/Domains/WorkCore/System/Modules/Premises/Docs/PASS4_HARDENING_REPORT.md,1028,13244c05333475f42e2386f0e127d92296da929fbbdb2568396e075f5e63c3a1
app/Domains/WorkCore/System/Modules/Premises/Docs/PASS5_RELEASE_NOTES.md,508,8957da1c6b43bddd5b4f8fc61f9a50df5f31842e0ad634d29d14be0a5ca96b0c
app/Domains/WorkCore/System/Modules/Premises/Docs/PASS5_RELEASE_REPORT.md,85,7cb805d83dc5ead6b51770395ed757fe7bd3b21dbf0a92876fe893399f26058e
app/Domains/WorkCore/System/Modules/Premises/Docs/PASS6_PROFILE_GENERALISATION_REPORT.md,1285,e19c5c7aebb94066cb739aeec08fc47178153ca3465c9d58a26554456693362f
app/Domains/WorkCore/System/Modules/Premises/Docs/Pass1_Deltas.md,1517,87b22f28b8d1fc856599c11ef23b3efd2c3a2db615b39e551932010b10b0521a
app/Domains/WorkCore/System/Modules/Premises/Docs/Pass2_Deltas.md,500,3d2a983c13afe1aedd25ba0289997139afc424d17b92fec7f7c8c40e7a491ebb
app/Domains/WorkCore/System/Modules/Premises/Docs/README_Tradie_Focus.md,2327,799faf404c1936a7df688a68ebdd2767f6d1786824e8a9db7c1b4c38a9fa7c3c
app/Domains/WorkCore/System/Modules/Premises/Docs/SECURITY_MODULE_CONCEPT_EXTRACTION_REPORT.md,3822,4cb18c1efd5ea9f9909269956db6db82f7cb88cb5e68b70658356d412a9107c8
app/Domains/WorkCore/System/Modules/Premises/Docs/Tradie_Use_Cases.md,388,2a343c6ffcab775c4166f0ac365e99352f62f3a47f3815b43592859be5b830ff
app/Domains/WorkCore/System/Modules/Premises/Docs/UPGRADE-PASS6.md,708,e8fb36733ec03ea31b28d890b70bbb6572ed4ab748616e4adc601e6eabf4f72c
app/Domains/WorkCore/System/Modules/Premises/Docs/UPGRADE_PASS10_PORTFOLIO_OWNERSHIP_APPROVALS_REPORT.md,1857,697216654c4eefbb914b639b17ced020fcc2a052a98840936745cbaf72580387
app/Domains/WorkCore/System/Modules/Premises/Docs/UPGRADE_PASS4_AGREEMENTS_FINANCE_REPORT.md,4008,6974ee68df4e3df095eec81c9c9941b2ec07203463be68a7d4db18afd2690fcc
app/Domains/WorkCore/System/Modules/Premises/Docs/UPGRADE_PASS5_ACCESS_CONDITION_INCIDENTS_REPORT.md,2865,9c5c83d197a72a75325ca590b83d9beb1ecab7780154df72b507e5e66fc56471
app/Domains/WorkCore/System/Modules/Premises/Docs/UPGRADE_PASS6_COMPLIANCE_REPORT.md,1260,e01b878e0295956bc2e39ffc97dab77319753ed5c46655e07e7cb78248480530
app/Domains/WorkCore/System/Modules/Premises/Docs/UPGRADE_PASS7_OPERATIONS_DASHBOARDS_REPORT.md,2668,a94df0899c2b230518911e8921f6d818a624f9aa639055a874d4a71dcf8deeb4
app/Domains/WorkCore/System/Modules/Premises/Docs/UPGRADE_PASS8_AI_PORTALS_VACANCIES_REPORT.md,2683,999d1491bb6e0fff53057e920095b6f88593287270c0651b030684048c7704ca
app/Domains/WorkCore/System/Modules/Premises/Docs/UPGRADE_PASS9_APPLICATIONS_COMMUNICATIONS_REPORT.md,2143,55710a7989e387c6050ea3be89e90c31f6dd08cf848b59936d3a13cafe96d520
app/Domains/WorkCore/System/Modules/Premises/Docs/superpowers/plans/2026-07-22-parties-occupancy.md,5345,15330ff7f342ced045d44ca5ba129911d9dc61f47e8b3a198fc8ece104f7687c
app/Domains/WorkCore/System/Modules/Premises/Domain/Access/AccessCardRequestState.php,975,de7a565e1aa5713314c5ee2e8b062be2102e3f09ef72c43be1801b08d10966f2
app/Domains/WorkCore/System/Modules/Premises/Domain/Access/AccessItemState.php,1267,7c2bbf2067573810343eceddb5352ff447f8cc4cdeea77b01feba956d7825d90
app/Domains/WorkCore/System/Modules/Premises/Domain/Accommodation/AccommodationDateWindow.php,1372,4a05ea762a8d168a957ec8c27bb40f8eea95cfc0ea7e0b0c406f2f01b3a8e83e
app/Domains/WorkCore/System/Modules/Premises/Domain/Accommodation/AccommodationRateCalculator.php,1495,cc4657268dc7658d022410d81704f74e536d7e05d79e8166221e35318e137c60
app/Domains/WorkCore/System/Modules/Premises/Domain/Accommodation/AccommodationReservationState.php,1593,8115e480f181c6cf558314e1cc142cf9287b0a72a244bb740e9010821bf969ba
app/Domains/WorkCore/System/Modules/Premises/Domain/Accommodation/AccommodationStayState.php,891,f7a9df3295155ce13cd4156d7c3dc85ca8875216826be2aa6ef6c70fab8ef0a5
app/Domains/WorkCore/System/Modules/Premises/Domain/Accommodation/HousekeepingState.php,1226,4c223e21de554f65dec0027f2bec65db02c4c00558307a108b980e8148bdd074
app/Domains/WorkCore/System/Modules/Premises/Domain/Agreements/AgreementFinanceLinkType.php,760,8ac4b15a7ab396d96f9a5b22c66add622546ee5eca509db2d22b013262031e8c
app/Domains/WorkCore/System/Modules/Premises/Domain/Agreements/AgreementState.php,2224,6e3210445fe8fb53bb5a07fa0139f4d98cc4a8bf14aaa1dfadc441f20c4ae0be
app/Domains/WorkCore/System/Modules/Premises/Domain/Applications/ApplicationState.php,1291,71ca94b971e8a8fc3f05456fe7f69b67f6d8d03a779b87c71f408ecca5123191
app/Domains/WorkCore/System/Modules/Premises/Domain/Applications/EnquiryState.php,810,9f976a81e845bed59947b19e4aaea8fd3f31a731a29393c29caa9f88f031983b
app/Domains/WorkCore/System/Modules/Premises/Domain/Approvals/ApprovalPayloadSanitizer.php,1063,f39e1bf73a8351705698a5b8592855593f15805372a6863e169a6f87a597cd12
app/Domains/WorkCore/System/Modules/Premises/Domain/Approvals/ApprovalRequestState.php,1027,1c870e34707d7ea8eb849e4392d981447dbd8727a46e0f2495e34522669f777c
app/Domains/WorkCore/System/Modules/Premises/Domain/Communications/MessageVisibility.php,288,a8e1983575d97c1c63451c9c54ff76a0e3515e8d000e4f4b64af38cf767cf9bf
app/Domains/WorkCore/System/Modules/Premises/Domain/Communications/NoticeState.php,915,3dc548c95244c71911f0d6ebf8a69b75f6656e92cef2d7be685456075d790249
app/Domains/WorkCore/System/Modules/Premises/Domain/Compliance/ComplianceDuePolicy.php,713,5b2e8773bdb745c46838c51e1d21c327409a98c28e08b295ca19a40ac91d85ef
app/Domains/WorkCore/System/Modules/Premises/Domain/Compliance/ComplianceOccurrenceState.php,1051,7270c623643cded504991a573acb7e1de9b525f2a03dd823cb3c9d1ef8ba7583
app/Domains/WorkCore/System/Modules/Premises/Domain/Compliance/ComplianceRecurrence.php,2932,78d94d0ca856bece74e28620e2531a09ae8071c41613b01249638436ae215e43
app/Domains/WorkCore/System/Modules/Premises/Domain/Compliance/ComplianceRequirementState.php,869,1e6295046381eb2c14263d4a09c4bdd39076cd6d18657a9484401e3269f0563e
app/Domains/WorkCore/System/Modules/Premises/Domain/Condition/ConditionState.php,1131,7e7387181743b4422cd6176920663b33e7fc5e2fc91de1aec6b41bedb3bcf410
app/Domains/WorkCore/System/Modules/Premises/Domain/Incidents/IncidentState.php,1434,ad7664b5bb44371e2328ba0c7f8d28a5550ba2056c7a3453afc7957a46a133dc
app/Domains/WorkCore/System/Modules/Premises/Domain/Occupancy/OccupancyCapacityPolicy.php,421,24b9b9d2a203ae0c61da37056a955f657fba7a456b2248afbac080e2633acaca
app/Domains/WorkCore/System/Modules/Premises/Domain/Occupancy/OccupancyState.php,2004,b494abbc39db9ea87ade20ee8a8b86c40763b76e2315e040b896fc5a49f33a4a
app/Domains/WorkCore/System/Modules/Premises/Domain/Operations/WorkflowProgress.php,1749,d928ee9865f4a53291cf1f07146c31467069b2d11c1c5b42ac950fbdb9552088
app/Domains/WorkCore/System/Modules/Premises/Domain/Operations/WorkflowState.php,951,e037a72af9be1bdc387245629cd08d171cedc09dfbde19d24a264e7b6d5ed0be
app/Domains/WorkCore/System/Modules/Premises/Domain/Permits/WorkPermitState.php,1234,c8254b5b15beb60870663b4f4455885f140186f04e34935d6960b4f4b225f3f3
app/Domains/WorkCore/System/Modules/Premises/Domain/Portal/PortalGrantState.php,838,870d185387f2bdb506432f5354b2ceb16e250bf2aac78de7a22bc61f767e7094
app/Domains/WorkCore/System/Modules/Premises/Domain/Portfolio/ManagementAuthorityState.php,1040,3f5a89e6025efc24edd31caf01f880d91595872b8007f83a2d569e27be8f959b
app/Domains/WorkCore/System/Modules/Premises/Domain/Portfolio/OwnershipSharePolicy.php,389,21c0257a86c2a5d8c45b40829776db3c27fd8c39ca5dae7b20835a94b615e601
app/Domains/WorkCore/System/Modules/Premises/Domain/Premises/Actions/AddPremiseContactAction.php,1500,57436b1512c1fde1f29244b5b2831663a4f68b8fe2dd641c9c807aecb9479fed
app/Domains/WorkCore/System/Modules/Premises/Domain/Premises/Actions/AddPremiseHazardAction.php,445,68568b5f78d734a73bdd318cfc0bf9db344771eb1865173c0eaa18f9cfabfe99
app/Domains/WorkCore/System/Modules/Premises/Domain/Premises/Actions/AddPremiseKeyAction.php,433,6071ffcb65b91f2596aebf3fa8ed24899e656035354b311837c12bb7004bbb36
app/Domains/WorkCore/System/Modules/Premises/Domain/Premises/Actions/AddPremiseUnitAction.php,437,6b1d2002a295f5a1a12fbc17a31ec2eb2f520ee8beafb8472a1fa457e3f70dba
app/Domains/WorkCore/System/Modules/Premises/Domain/Premises/Actions/ApprovePremiseAction.php,449,05c9296cd8c7f47b6f9c4627d612c768943bd95c4e9f66f2f45407eb1661fb77
app/Domains/WorkCore/System/Modules/Premises/Domain/Premises/Actions/ArchivePremiseAction.php,482,80e1d1f27e73d8f7750dc3e4f9c6d74ebc3c9c14945fd526e0669d58670b4a3d
app/Domains/WorkCore/System/Modules/Premises/Domain/Premises/Actions/AssignPremiseAssetAction.php,444,92b4236ccc6b2b4cb015bed5fa0c1fc0a545c0cc9e5631f9a4ed2132ad70e0e4
app/Domains/WorkCore/System/Modules/Premises/Domain/Premises/Actions/CreatePremiseAction.php,289,068189d73895eb252023de8eec6ce5f9dc98e63ed4eca01f6af3a6e723a0d9a4
app/Domains/WorkCore/System/Modules/Premises/Domain/Premises/Actions/CreatePremiseServiceWindowAction.php,476,212ab989175b79beaa53b46f88fef221e28e233a3bf88c19bfe74ae5a00b1710
app/Domains/WorkCore/System/Modules/Premises/Domain/Premises/Actions/CreatePremiseVisitAction.php,444,983ad8df287e5154d5fc672266d701ae38be911542362a5d637041315224fe3c
app/Domains/WorkCore/System/Modules/Premises/Domain/Premises/Actions/RecordMeterReadingAction.php,465,b6d2bd6338cdae64597abb175068ecee87dafbf523118b4f3ff4ae6e60ab8e67
app/Domains/WorkCore/System/Modules/Premises/Domain/Premises/Actions/UpdatePremiseAction.php,355,8f466ed651a779dd5bd26477a81e2b7529f1add386b5f3f75c9e6679fc86a4a6
app/Domains/WorkCore/System/Modules/Premises/Domain/Premises/Actions/UpdatePremiseServicePlanAction.php,383,eae1c574517b9411f0bd5b184bbab95ef63b61c6015ecd292aa13a2bf7467d99
app/Domains/WorkCore/System/Modules/Premises/Domain/Premises/Actions/UpdatePremiseUnitAction.php,355,2da5689b0d617b8295e94d2cdec60a103ad14d3abf072a0e2561e3bd256f6dbe
app/Domains/WorkCore/System/Modules/Premises/Domain/Premises/Actions/UploadPremiseDocumentAction.php,456,b42edd693f5f124769a455eb4fb6917646713fddfb3de3b576b095f34a40c2f9
app/Domains/WorkCore/System/Modules/Premises/Domain/Requests/ServiceRequestState.php,874,e37e58ea921a2215debbbe15c565459c98b9cc0735870843d7b28677cb8e9f79
app/Domains/WorkCore/System/Modules/Premises/Domain/Vacancies/VacancyListingState.php,1169,4c8af65d814c0a2aa64ee01a2e93592602cf995e8eb2630f97f87a614b1f8a31
app/Domains/WorkCore/System/Modules/Premises/Domain/Vacancies/VacancyPublicationState.php,755,d519ac9e0dc9b905a120a1d978f09971866786c5e4a08db4d822d1f7a66a5934
app/Domains/WorkCore/System/Modules/Premises/Entities/Accommodation/AccommodationChannelReference.php,1025,5147fe1e35d0205bd324107969be99893c371297b33ad13697d85e6046756c86
app/Domains/WorkCore/System/Modules/Premises/Entities/Accommodation/AccommodationCharge.php,1339,ef3b1700e1cce4c4f88faabb522fa66f1c4a28446fdbf67ac822af04f33a3ab6
app/Domains/WorkCore/System/Modules/Premises/Entities/Accommodation/AccommodationGuest.php,1229,e4aadb1fe6d12cba2393170f2bd6b09765850a8b2d0cbea85a5dfc5db369af08
app/Domains/WorkCore/System/Modules/Premises/Entities/Accommodation/AccommodationHousekeepingTask.php,1490,9ae7cb0debdb24e8640b36ca9fb2ae45d6d6a50120cf619fc98224a6d33651d3
app/Domains/WorkCore/System/Modules/Premises/Entities/Accommodation/AccommodationRatePlan.php,1274,eee1a163360e33ce8bb4e1fd176da8a6b4f040a59a85aaf01c8b730977fe5ce8
app/Domains/WorkCore/System/Modules/Premises/Entities/Accommodation/AccommodationReservation.php,2818,7b6c5a39a447656e9dee866d27f2d5a8e1fa113ccf23b42f660dfe6648ddd1c7
app/Domains/WorkCore/System/Modules/Premises/Entities/Accommodation/AccommodationReservationSpace.php,1023,65c2f2dc052fc3e4f07acc18458951d9ccc8520827fecb0a773d671f614f4143
app/Domains/WorkCore/System/Modules/Premises/Entities/Accommodation/AccommodationStay.php,2006,d9a7a206f8ca9a7ff7a30a112e8604c356b072043e54f16ef6ff6c181c2ec829
app/Domains/WorkCore/System/Modules/Premises/Entities/Concerns/BelongsToCompany.php,1446,62fcb5bd6a59da6138656d7c880459bad5a1f74a15d16a4c7432f8ab5ef6b33b
app/Domains/WorkCore/System/Modules/Premises/Entities/PremiseAccessAuthorisation.php,1052,5434d376720b6b961089e37f42162264d46de266eba61cfac6569521dfe80f02
app/Domains/WorkCore/System/Modules/Premises/Entities/PremiseAccessCardRequest.php,2152,ac7f16b6b6fc45f622d607efe174c7ea758a4a7d6428da3859d3a76ac71acaff
app/Domains/WorkCore/System/Modules/Premises/Entities/PremiseAccessCardRequestItem.php,1766,fd33934baf07c1fde9cc70769d43b810e1dc76d3455fc94eb5caf909e7307fb3
app/Domains/WorkCore/System/Modules/Premises/Entities/PremiseAccessEvent.php,894,ee77b57eab3331941a8e0b428dc121341624fe9a51eb8b734c4d8e57552abcb1
app/Domains/WorkCore/System/Modules/Premises/Entities/PremiseAccessItem.php,1731,cf3ae6b7dc7e8d21cc183d319e7512449992e8b4fb8768bf387ee03504388521
app/Domains/WorkCore/System/Modules/Premises/Entities/PremiseAgreement.php,3271,8e5042f73173291ab69a2c3e1cbcb0829b7b895a7889f75b3f6a41143bf38a58
app/Domains/WorkCore/System/Modules/Premises/Entities/PremiseAgreementFinanceLink.php,943,ec7953b76f56ad6e2bb730960b827886e1924e939eda4a9e530bdb13d1a70b31
app/Domains/WorkCore/System/Modules/Premises/Entities/PremiseAgreementParty.php,1293,0a8d1b4a7e3ea65ff324af1c88b71a7470e0f639ffbdb5fb4ab88c970611edf4
app/Domains/WorkCore/System/Modules/Premises/Entities/PremiseApplication.php,2783,632130cc83078903dcbf79a707bf1a3b54a841ae35baef9a96819924a11abbae
app/Domains/WorkCore/System/Modules/Premises/Entities/PremiseApplicationEvent.php,883,fdfd43dd420ff2d50bc766d9d99e4ca7358a541559555c1b6e8f001349c7ebef
app/Domains/WorkCore/System/Modules/Premises/Entities/PremiseApprovalDecision.php,1002,a9fcdfee90b161cb7a14eef340e49c7f3b233efa3a06551e5e57eb5f9a7cfac4
app/Domains/WorkCore/System/Modules/Premises/Entities/PremiseApprovalRequest.php,2314,d28ae5866b9ae5656af30cf702c79833848a710b60c714bada2d00f91bf075a5
app/Domains/WorkCore/System/Modules/Premises/Entities/PremiseComplianceEvidence.php,1134,ae1264cf46d04397d8d5b3ca6a0e8e396fae60d7f60bf34af82a44019e8e8d5d
app/Domains/WorkCore/System/Modules/Premises/Entities/PremiseComplianceOccurrence.php,1188,b1740a17d30801961ffc4f778e0e0b8b5ff469c635141916bb0849d041cdc54d
app/Domains/WorkCore/System/Modules/Premises/Entities/PremiseComplianceRequirement.php,2290,16ccfa1641c978e9cb5f9a6159d4fd8e540be6b9cc417260dd74b1961dc4e639
app/Domains/WorkCore/System/Modules/Premises/Entities/PremiseComplianceRulePack.php,1158,0abe912932391a6796fffedd471178ee9a8d1f80cf4051d48bc09a9bfbfb844a
app/Domains/WorkCore/System/Modules/Premises/Entities/PremiseConditionRecord.php,1568,4beba14c6b8d069505e0fb7b98c24eec76c37fe3ef808b75fca15065bc15b6dc
app/Domains/WorkCore/System/Modules/Premises/Entities/PremiseConversation.php,1597,af59275f8a42c806efedc849f5d2915d979ce5081ed9964b002b46ce3b33f1b9
app/Domains/WorkCore/System/Modules/Premises/Entities/PremiseIncident.php,1422,b8ccb5327aee39fa09515e1f738e7594d273845f5269b4e8229e12ab77b6ba41
app/Domains/WorkCore/System/Modules/Premises/Entities/PremiseManagementAuthority.php,2186,9acfd11d81414021d9b2f6a8e891f44fdd03fb8223e3afc0ab0017dba66d4327
app/Domains/WorkCore/System/Modules/Premises/Entities/PremiseMessage.php,1193,8f14db72bb6472eb3692aea2bde14d7dcd03db659672c3910508d273bc5a1b39
app/Domains/WorkCore/System/Modules/Premises/Entities/PremiseNotice.php,1779,21ee4e267c8c03e636f669bfe45adf9b576961ebcdeb6d50b5d947ef6060cb8f
app/Domains/WorkCore/System/Modules/Premises/Entities/PremiseOccupancy.php,2545,124a43a0127b3a0ac22237a8c8b40f389e0f3b8787359233ba1520d18b66eeb2
app/Domains/WorkCore/System/Modules/Premises/Entities/PremiseOwnershipInterest.php,1579,6769d57f1af9c04ccc16d29dfd3b031a3b442f1b90033d5ad74f07289587327c
app/Domains/WorkCore/System/Modules/Premises/Entities/PremisePartyRole.php,2329,eb316555f9e3d4c033dd0cb5b0a10ea6970406731be927639405ef305506d628
app/Domains/WorkCore/System/Modules/Premises/Entities/PremisePortalEvent.php,597,825abf5a7fb334f9ce279419f9b06bbf5a397d918c0e207b89cd7816158f1310
app/Domains/WorkCore/System/Modules/Premises/Entities/PremisePortalGrant.php,2400,f5bcbac5ded6c1397d86c3ee42df991929925fd840c17db0222602ea38942067
app/Domains/WorkCore/System/Modules/Premises/Entities/PremisePortfolio.php,1519,ecf8c77ef5e39d705ede8b133c7ac9c95187cd6f14c13c46b0db38ead688efbb
app/Domains/WorkCore/System/Modules/Premises/Entities/PremisePortfolioMembership.php,1422,8cb2c72008d74a9eac0b3a6fd1069c35746d3af3b2289b8c670269e3759db253
app/Domains/WorkCore/System/Modules/Premises/Entities/PremiseSelfServiceRequest.php,1796,59ba2119b546c2407a9cfe52f80b1c237795b937f08ef8234c20e5edd0ee06d0
app/Domains/WorkCore/System/Modules/Premises/Entities/PremiseSpace.php,4463,549be32492f2de4908a4e06295517e28e16ddf28211d5f30dfc4fdddabfef46f
app/Domains/WorkCore/System/Modules/Premises/Entities/PremiseVacancyEnquiry.php,1715,c7d28c479d666adb35d0ba1010fdc3d15871157b8c8d73cee8a3fa9bdeb9cd18
app/Domains/WorkCore/System/Modules/Premises/Entities/PremiseVacancyListing.php,2431,bf4123080760f6b96febf9b828a8ca24c75b74289466ae763d9e621f496733a1
app/Domains/WorkCore/System/Modules/Premises/Entities/PremiseVacancyPublication.php,1593,9c574ff82296aa583c8e32347a324244205dbf820bc20822625bd7501df8dc9c
app/Domains/WorkCore/System/Modules/Premises/Entities/PremiseWorkPermit.php,2420,ef97150ad3c584d727cb2b2d0dc868e2c2d0884b354123cfcabe1ea3d541f2d7
app/Domains/WorkCore/System/Modules/Premises/Entities/PremiseWorkPermitApproval.php,962,c6d31743ee1ad10e35d502c0b67bd4119b9b0325843b8cfdbaf01947438e5b66
app/Domains/WorkCore/System/Modules/Premises/Entities/PremiseWorkflow.php,2905,59ea3e857422fe892175819c7ee5f0ec2c75ef6dcf2ac84e0bf869f66979ae93
app/Domains/WorkCore/System/Modules/Premises/Entities/PremisesAssetLink.php,809,35c82ff1fcd9a39cb70fca42bff2e856cee4499881ba779173db7aaefa4b9f82
app/Domains/WorkCore/System/Modules/Premises/Entities/PremisesContactLink.php,965,44d929830bfb9dc50519cc4636dca579c91e03da4ee6fdb67b55d027878b2395
app/Domains/WorkCore/System/Modules/Premises/Entities/PremisesFormLink.php,849,e2041938ba1bea8d20b1703bf38b6ad83dcbc906424e828ee575da433bc7b7a5
app/Domains/WorkCore/System/Modules/Premises/Entities/PremisesWorkOrderLink.php,847,60f3fd816d1727767a99af8c401d51ff6cc26c4efc549f51202537a3aab3181f
app/Domains/WorkCore/System/Modules/Premises/Entities/Property.php,9359,5dc64f0b8b7eaa7f4388bbf3a1f60aeb98bdadded1e90f3a96dde7385691c641
app/Domains/WorkCore/System/Modules/Premises/Entities/PropertyApproval.php,861,d5508152ce58dbc9ddb2439ebfa90ee4c718515f2d7fd79e9ee66c75bd557913
app/Domains/WorkCore/System/Modules/Premises/Entities/PropertyAsset.php,421,0acbd5c2a05270bb00faae78a9958183c9f2003b8abf123bc101624e5f89c7d2
app/Domains/WorkCore/System/Modules/Premises/Entities/PropertyChecklist.php,584,7aeebc20e66ea3ee724170c310a63575dd9a4da4dc70d0d0bab926cfd7dbe986
app/Domains/WorkCore/System/Modules/Premises/Entities/PropertyDocument.php,763,23cc231c5da7c4c3e0966824b35226d19549173875f31eb0ce7b52693d2bb2ea
app/Domains/WorkCore/System/Modules/Premises/Entities/PropertyHazard.php,583,264ab5883ff40ea75af03a9ae071c2cb45b509db0553a9c9d2641c9c5ce3f5d4
app/Domains/WorkCore/System/Modules/Premises/Entities/PropertyInspection.php,2181,7e59218fbb6f4201f843074483387789b48a114c413af3dc58afbc0b6ebafc13
app/Domains/WorkCore/System/Modules/Premises/Entities/PropertyKey.php,859,4925e4872dcad8124cdb4b0005ab380c1cd168652a2e6c2f6f275f5ecfe2240f
app/Domains/WorkCore/System/Modules/Premises/Entities/PropertyMeterReading.php,890,2f5bfb7761bced0d3e8dbb97e1d757382eebd6debdd31a2bf0a2c4e4f30bdc2e
app/Domains/WorkCore/System/Modules/Premises/Entities/PropertyPhoto.php,674,dd146a987c7ce9ff70c57fe32dc72f80917754097ce965bd892f08f9f8c0de5b
app/Domains/WorkCore/System/Modules/Premises/Entities/PropertyRoom.php,568,51d2df80b0ed0ff2674837858d3f0df02129471af5eb25179e72ac4d11ac969f
app/Domains/WorkCore/System/Modules/Premises/Entities/PropertyServicePlan.php,886,c75bf015a02524255c0e69724e19ae625c99f59f769b37081eef246c02c42928
app/Domains/WorkCore/System/Modules/Premises/Entities/PropertyServiceWindow.php,428,f3ff99b24a4d6fceeb75de7b2394e9090d490829ad2f404109344148bc43c115
app/Domains/WorkCore/System/Modules/Premises/Entities/PropertyTag.php,376,2b8a63e58deeb1d2fd1e4bd2f4dc2534e494a47da0f2d064ac8a9010c2ebd7ba
app/Domains/WorkCore/System/Modules/Premises/Entities/PropertyUnit.php,515,bb897bbcbc98967c844e7dd8b3e8c54c4ec29a83968194d537d50531be3a62b6
app/Domains/WorkCore/System/Modules/Premises/Entities/PropertyVisit.php,852,747921012fea1e47b79a26d9e6130cd75e4142712c857d81ffc5d9dcc4a07331
app/Domains/WorkCore/System/Modules/Premises/Entities/Traits/BelongsToCompany.php,427,4e3d1244701074f4652fbdad2a74925bf91910fcc6b02e82cd04b9185411139b
app/Domains/WorkCore/System/Modules/Premises/Events/PremiseAccessCardRequestChanged.php,434,6298ab614cef2fdcfceff350aab967000b140ac7e4ebcfcf2390d2eceeeeea10
app/Domains/WorkCore/System/Modules/Premises/Events/PremiseAccessItemChanged.php,398,58de9c4022319ed871f3e7dfb2b269e04c0abeb469835bc0501014f61c460e4c
app/Domains/WorkCore/System/Modules/Premises/Events/PremiseAgreementCreated.php,380,7e598181110bb798595314c27b28c7a92bd85ec8367ac42ccdfaabe49138f130
app/Domains/WorkCore/System/Modules/Premises/Events/PremiseAgreementFinanceLinked.php,410,f3c36d12c2e6499f1a0848fffa9b08e9b60da284a2c3dbedab84935bd63df32c
app/Domains/WorkCore/System/Modules/Premises/Events/PremiseAgreementRenewed.php,424,00f0480ecc65fccdebca746b92dd56ffe014ff9a826280422ff8a529d454a7cd
app/Domains/WorkCore/System/Modules/Premises/Events/PremiseAgreementStatusChanged.php,417,f49f9f249dfbac2a3d1aa850ca6b07654731c851126f2acad55a89dd58191d70
app/Domains/WorkCore/System/Modules/Premises/Events/PremiseApplicationConverted.php,390,b54623b473b5e41e8e07893816dbfa26e7e9f14ac70d082d58b1be0aac3d466f
app/Domains/WorkCore/System/Modules/Premises/Events/PremiseApplicationStatusChanged.php,394,706dea76d2571a7cb612681596322088e9a4e5e17b2ce1cb326e7fde233b92c5
app/Domains/WorkCore/System/Modules/Premises/Events/PremiseApplicationSubmitted.php,390,5fea9b47508816932c6c1869237614917fffbb84d4762996823a18a808c45ed6
app/Domains/WorkCore/System/Modules/Premises/Events/PremiseApprovalStatusChanged.php,433,3e20c979e3971a9f469c1a1892d28d37ebf96b74d4ea88d70a5cc997af3438f4
app/Domains/WorkCore/System/Modules/Premises/Events/PremiseComplianceEvidenceChanged.php,417,fe7fb3859fdf418f7b373d683bf8b03f35a23d0a6a39f91acbe7a572839cb3a2
app/Domains/WorkCore/System/Modules/Premises/Events/PremiseComplianceOccurrenceCompleted.php,404,be0584f03c65b266daf82f245ddc171519f1017d84f323586d5884d97a47853b
app/Domains/WorkCore/System/Modules/Premises/Events/PremiseComplianceOccurrenceWaived.php,401,10828b24c0a7b616f851be1ad90758eed590fe67e9220eb8c8bcb6d89e1af700
app/Domains/WorkCore/System/Modules/Premises/Events/PremiseComplianceRequirementCreated.php,406,7835d81c0b25ac3418d91f805dcd7ab1e22d4759ce6103ec88fc120c644df699
app/Domains/WorkCore/System/Modules/Premises/Events/PremiseComplianceRulePackApplied.php,514,0f015c0910cb64e2fee86732dbf2c2ebad0c89258f5567c84ff4fc3f84e392f5
app/Domains/WorkCore/System/Modules/Premises/Events/PremiseConditionCreated.php,386,4b6c6d1ab96fff17584829845b4537e31235ed40a6473403fd12c9269fc28d5e
app/Domains/WorkCore/System/Modules/Premises/Events/PremiseConditionStatusChanged.php,423,a3a7befb21b992455de9e7d2864b3b9e50624ed522c67b6dc0343b66ac963022
app/Domains/WorkCore/System/Modules/Premises/Events/PremiseIncidentCreated.php,364,b7341f71fbb3ead1fd960ebcf6da4371b791f921259cdc7224df5ecccc7d5ecf
app/Domains/WorkCore/System/Modules/Premises/Events/PremiseIncidentStatusChanged.php,401,0c2d0ad84f9e48e1e4536ee69255539619db03dcbb8500452c647572c3bb8f83
app/Domains/WorkCore/System/Modules/Premises/Events/PremiseIncidentWorkLinked.php,367,640337d18d7e3c72a574b0004e7f9df6bd2bfb15692e4c327a5d4275118b8a3c
app/Domains/WorkCore/System/Modules/Premises/Events/PremiseManagementAuthorityStatusChanged.php,446,d63296de8860a27d180fded6ae8b2d6ff9df156a16d59f363e4f2baed19fb631
app/Domains/WorkCore/System/Modules/Premises/Events/PremiseMessageCreated.php,372,dfd8991c136ae8640fc6c1d4eee881fa30684119009f7a4512bdb6ea4ed2958b
app/Domains/WorkCore/System/Modules/Premises/Events/PremiseNoticeStatusChanged.php,374,abc9cb04ccc88b2765a99742543ed411165bb8b07b760928cbac2059659093c4
app/Domains/WorkCore/System/Modules/Premises/Events/PremiseOccupancyCreated.php,380,4f3543b0cb1c79dffb5d69edefb5c9f1e9e250db0aa2818ae297076219b525ef
app/Domains/WorkCore/System/Modules/Premises/Events/PremiseOccupancyStatusChanged.php,439,f88863a979dfb67c583931096b9a6152b1308614f14ed2b9d097a149e23d3780
app/Domains/WorkCore/System/Modules/Premises/Events/PremiseOccupancyTransferred.php,430,233c9584ddc803b401536d55a4de0f17207f8ebd399fb4433272828d8a429c1b
app/Domains/WorkCore/System/Modules/Premises/Events/PremiseOwnershipChanged.php,417,73a629178afb2195156db74c91ebe9e4a478719c8481bed1ee5cef610b1ab1e6
app/Domains/WorkCore/System/Modules/Premises/Events/PremisePortalGrantIssued.php,369,6ac919f56fe98900f7354ce3592f7bff0cadd62f6f78434ad093d0bbbf224b5d
app/Domains/WorkCore/System/Modules/Premises/Events/PremisePortalGrantRevoked.php,370,19c5f0575eec0a31557cc2f41ec0bbab6fbed5d5fe665b1ab6630451d1abc5b0
app/Domains/WorkCore/System/Modules/Premises/Events/PremisePortfolioChanged.php,402,4729e67bf90301a540bfefece32980672b127755c8e05332dbbf66d917b9e5f7
app/Domains/WorkCore/System/Modules/Premises/Events/PremiseSelfServiceRequestCreated.php,412,3e779dffae985201475a38c6e1f287a0fc960458f11609102b1f0e0661c224c5
app/Domains/WorkCore/System/Modules/Premises/Events/PremiseSelfServiceRequestWorkLinked.php,415,acfafacd5bdac4925114acc8707db52f9b7a0dcbfb65456b343c411c02874a25
app/Domains/WorkCore/System/Modules/Premises/Events/PremiseVacancyApprovalRequested.php,384,75fe7dddc96931d60e3d9f5dbb380a6f4b0ad711fe6f8f85db3b26e0e579dab2
app/Domains/WorkCore/System/Modules/Premises/Events/PremiseVacancyPublicationRequested.php,399,528de26759f56da093d664dccc6233e7e3292e627438cd0e7e96ebb9603b1990
app/Domains/WorkCore/System/Modules/Premises/Events/PremiseWorkPermitStatusChanged.php,422,256e5df4b5fc71140defcfc99c6fc29a84e8ea6689cab562169b4da1746adb7b
app/Domains/WorkCore/System/Modules/Premises/Events/PremiseWorkflowCreated.php,376,784316e158a9ea08578d55ac34e62416f11d9e2e7558815fcafb5a9bb129c412
app/Domains/WorkCore/System/Modules/Premises/Events/PremiseWorkflowStageAdvanced.php,471,4619f8736828fadf4325a95de7340a017049107772b35814a54ef9cd0c1e4c05
app/Domains/WorkCore/System/Modules/Premises/Events/PremiseWorkflowStatusChanged.php,451,73a1475e5c39f8558b8c1ab06fb10d2c386046d78bf27b771806123a4213df46
app/Domains/WorkCore/System/Modules/Premises/Events/PropertyApprovalRequested.php,380,d093e87adc07b02179baf86e4e2f2572b309e23c1869b5152b193f3ce2f92785
app/Domains/WorkCore/System/Modules/Premises/Events/PropertyCreated.php,355,abaece6168fac2e95ad5b75d20d5bf09dee338b784d8ed9c18893bacbdeaa94f
app/Domains/WorkCore/System/Modules/Premises/Events/PropertyDocumentUploaded.php,379,77297f0b2d38ee74f8704eb030e1e38e07609b8000776a7d183d21271c421a3d
app/Domains/WorkCore/System/Modules/Premises/Events/PropertyInspectionCompleted.php,697,d8cc87741f0db30cc93146363b5b7cb0b187d13b5f0ef3bdc07197415768f921
app/Domains/WorkCore/System/Modules/Premises/Events/PropertyUpdated.php,355,0c53682a670ce95b9b27c081c83a06eaa3b1fb62864f13d99e9792be6108f9ba
app/Domains/WorkCore/System/Modules/Premises/Events/PropertyVisitCompleted.php,368,284aaf11fd48e55f95928f8e909e227d97503b2c8323f9201ecaaf9574db4004
app/Domains/WorkCore/System/Modules/Premises/Events/PropertyVisitCreated.php,366,3dc19dd71b3aa3644ee03e64e3e3f446a80803a1f7b64ae1d532e5c03d0e2025
app/Domains/WorkCore/System/Modules/Premises/Events/PropertyVisitScheduled.php,368,ff3dbf9f2244d170b614dd0346dfb840e22f54f5ab62ba32a9654f4b4f320630
app/Domains/WorkCore/System/Modules/Premises/Http/Controllers/Api/EnsuresManagedPremisesPermissions.php,432,7992dd6cffd08e256e4094209a15ce47670b6931d7e6321c7523142417f62fc3
app/Domains/WorkCore/System/Modules/Premises/Http/Controllers/Api/GenerativePanelController.php,1166,23e5961b8f54a110c9c8ed7eb5720ea2e66ff2c66c1e442308094295dca7ab50
app/Domains/WorkCore/System/Modules/Premises/Http/Controllers/Api/MobileWorkflowController.php,4547,be9508a62ed3cce61255f20c06bea60a462c77ded2ca18ce79987432b7c32860
app/Domains/WorkCore/System/Modules/Premises/Http/Controllers/Api/PropertyProfileController.php,800,7a3daa824568ef2b64d277f1bf69a5d542548769342793199bd597ccc428e52a
app/Domains/WorkCore/System/Modules/Premises/Http/Controllers/Concerns/EnsuresManagedPremisesPermissions.php,437,ba0d0ff95b988fee7d069bc7d30a9cc48e97cbc2db21746b3bdf44041f6fdf95
app/Domains/WorkCore/System/Modules/Premises/Http/Controllers/PremisesController.php,7117,3233463ca6d95938461260fdb67291fc38aa1d52d40141ef5f46bfb9bc0c2649
app/Domains/WorkCore/System/Modules/Premises/Http/Controllers/PropertyApprovalsController.php,3276,3101ad86bfb56d1ec5fb1e6a7da22035fa1379982b7ab94a9c75e9f98024633b
app/Domains/WorkCore/System/Modules/Premises/Http/Controllers/PropertyServicePlansController.php,2935,19a2b7ac01e7d9b9ae4a1d0ac757f04c2bba898f86abc1eb016cf8d854178b3a
app/Domains/WorkCore/System/Modules/Premises/Http/Controllers/PropertyVisitsController.php,2830,9b9b5a9770ed84d10d3665b732e93f832e362040c62de1dc1e1f2ea0c5a6a3fc
app/Domains/WorkCore/System/Modules/Premises/Http/Middleware/EnsureCompanyContext.php,383,67084eb5f33a105e30800c536a1b3238d0d3bce222e9b959992acf332111fab9
app/Domains/WorkCore/System/Modules/Premises/Http/Middleware/EnsureCompanyScope.php,348,bbf1f73cd2f1bf4b5f70cff36b1d047e1da874338589236d28e471314223534a
app/Domains/WorkCore/System/Modules/Premises/Http/Requests/ApprovePremisesRequest.php,386,0ff0668df7fa7f1cc273da79e4612c35ee3869d1e21a5d2c413c911a07a58d3f
app/Domains/WorkCore/System/Modules/Premises/Http/Requests/ArchivePremisesRequest.php,387,f3cfb1e70be32a2242fd5e7e0195dcde2f4777e764e6fa9ef89a83f549f9bb52
app/Domains/WorkCore/System/Modules/Premises/Http/Requests/CalendarFeedRequest.php,552,9bdc347cb4d35bcbcc8ad17b62f03d5abb6b6a99ff3cdb4e31ca7e6321f9cfd3
app/Domains/WorkCore/System/Modules/Premises/Http/Requests/LinkPremisesContactRequest.php,532,c9f6cf97a4c85aae0a2b5976f338d80904825fc7b68072658b415e3b7bbad6f7
app/Domains/WorkCore/System/Modules/Premises/Http/Requests/LinkPremisesDocumentRequest.php,588,f1e11bce32278d76726815830a0be021bc4b35b09fb6acd29f91fa62873299d0
app/Domains/WorkCore/System/Modules/Premises/Http/Requests/ResolvePremisesHazardRequest.php,609,8de15741aec1770a49e386818619cf3ef251a51a9c413f0d4a44e2b797a5d931
app/Domains/WorkCore/System/Modules/Premises/Http/Requests/StorePremisesAccessPointRequest.php,875,c5020010ad71bbadbe5e1f9a54f4f36e66e1f8b6b2d7de8dfbe3c3e416815e60
app/Domains/WorkCore/System/Modules/Premises/Http/Requests/StorePremisesHazardRequest.php,872,4fa637efa5242c379d45ad49533fed2145fcdab79df7ebc28ca5038bb92b2ec1
app/Domains/WorkCore/System/Modules/Premises/Http/Requests/StorePremisesIdentifierRequest.php,564,a609e8b703ac5ea6b541cdd6f486bfeb75649c425348390677f7ed0181836eca
app/Domains/WorkCore/System/Modules/Premises/Http/Requests/StorePremisesMeterReadingRequest.php,807,01bb4c894b772c11ef4864aff1bfbe4e9fc0a61b5deb9cb633995c3e3cb578f0
app/Domains/WorkCore/System/Modules/Premises/Http/Requests/StorePremisesRequest.php,1027,22fee2c155f2d38963de0b6ba2b5a8db97bb581c711b8be20ea7767f6fa85898
app/Domains/WorkCore/System/Modules/Premises/Http/Requests/StorePremisesServicePlanRequest.php,1106,fcd88aa158bd0f98f5554f5234ae56d9d98e28b4ad1bbe48ed5255945a64f0a1
app/Domains/WorkCore/System/Modules/Premises/Http/Requests/StorePremisesServiceWindowRequest.php,813,59964ad399f1acede3c14cf083878ee0239414367f0db062a98970093de00d8f
app/Domains/WorkCore/System/Modules/Premises/Http/Requests/StorePremisesSpaceRequest.php,825,c52ad41e9a71202a587c70d20346d1947b1f7a38605ac29ef6b69ecad6c2a8bc
app/Domains/WorkCore/System/Modules/Premises/Http/Requests/StorePropertyAssetRequest.php,578,4bbebaf9dcd7c85b50b3375ffc9fd64b82218de5cb7d3e6fc330d4947f059402
app/Domains/WorkCore/System/Modules/Premises/Http/Requests/StorePropertyChecklistRequest.php,548,989e22fa57ce2d582f9de46ca11b552752f71dab9bec59c993f92a0b3b51df99
app/Domains/WorkCore/System/Modules/Premises/Http/Requests/StorePropertyHazardRequest.php,499,3885a3bb8604c25c9bfa6e977e50f4262b1760ee99938a3f15864c339bf731fc
app/Domains/WorkCore/System/Modules/Premises/Http/Requests/StorePropertyInspectionRequest.php,753,2ab4c6a7a1a8b2f7da9cca8811edba0c3cd3aac8683c42fde275773c9d289bdb
app/Domains/WorkCore/System/Modules/Premises/Http/Requests/StorePropertyKeyRequest.php,534,b730d2d1d4c42432a8a209d4ac35dd9cf113a2a28e8eec98bc0cfb1d00d2479b
app/Domains/WorkCore/System/Modules/Premises/Http/Requests/StorePropertyMeterReadingRequest.php,1577,33cb5c6a5d4e733584520487f4fd7fc8069c25a8a90f63d58b21227d27fedfff
app/Domains/WorkCore/System/Modules/Premises/Http/Requests/StorePropertyPhotoRequest.php,483,36b60b53c653a3b1caffbec9f91d78917a1f2de4301cb4a48872352d3a823b2c
app/Domains/WorkCore/System/Modules/Premises/Http/Requests/StorePropertyRequest.php,1897,97d6a8f06412287ff1a81c07b323cf31a2179a2269d6da3a8c6043fbf0a4beb9
app/Domains/WorkCore/System/Modules/Premises/Http/Requests/StorePropertyRoomRequest.php,486,f0a7ea7d070174d1257d26073d93c12d879b64a8ef8fd387d90be7c21b972d8f
app/Domains/WorkCore/System/Modules/Premises/Http/Requests/StorePropertyServicePlanRequest.php,805,71b200bf9c4ef530b3d3fc76642f24af5f48af05937e7959c18d69b32eceb70f
app/Domains/WorkCore/System/Modules/Premises/Http/Requests/StorePropertyServiceWindowRequest.php,541,98fc487b67f361dc22ce780a31acb5a719a60033fbf9cb0fe644e7ca7020d45f
app/Domains/WorkCore/System/Modules/Premises/Http/Requests/StorePropertySettingsRequest.php,518,5bc1bb6403c29f756198e9029c9b03387f09ee8ead635da15c7ddf5945c01736
app/Domains/WorkCore/System/Modules/Premises/Http/Requests/StorePropertyTagRequest.php,402,67e89a0e61a0d1158b7edc5b1e4b08af7a51e4166144ee3296b48ff70a4d0a0f
app/Domains/WorkCore/System/Modules/Premises/Http/Requests/StorePropertyUnitRequest.php,506,d3f8dd99a24e03d6a081dd0b1df18c84a537b6c1a97d219a4275ebfbcddceb68
app/Domains/WorkCore/System/Modules/Premises/Http/Requests/StorePropertyVisitRequest.php,685,8d927ef8684ae5c801dada9407cc88368172597b159637ddc9ad07cffe57cffb
app/Domains/WorkCore/System/Modules/Premises/Http/Requests/UpdatePropertyInspectionRequest.php,754,9f798dd48753bb7a569e93369e0e0b16837689071b9ad4c936bd0a1517c7ed8d
app/Domains/WorkCore/System/Modules/Premises/Http/Requests/UpdatePropertyRequest.php,432,1297d6bef0686d991785af9afb6693fb5a9bd15244c1ab3bd808cabcf2b3130f
app/Domains/WorkCore/System/Modules/Premises/Http/Requests/UpdatePropertyServicePlanRequest.php,790,fe3a8ba233361360ecd1717c6d1cf07d44718ef57a0743128268c07e8bb2aa62
app/Domains/WorkCore/System/Modules/Premises/Http/Requests/UpdatePropertyVisitRequest.php,686,92ba01f206ecfcd9d80ee210a6e3b750013138ed44c1c3ba7e910f48b12df4d7
app/Domains/WorkCore/System/Modules/Premises/Http/Resources/CalendarItemResource.php,546,877d4bc6abffd45ed048dc9b78c1dda2159c423901cd946d3035be01e6f68c37
app/Domains/WorkCore/System/Modules/Premises/Integrations/Core/HrAdapterInterface.php,330,7dd075a58957832d56fdad8436e7388a85c79a9b3f1743255839be0623c3b8a9
app/Domains/WorkCore/System/Modules/Premises/Integrations/Core/NullHrAdapter.php,304,33e274ee5e1b5b7ebe488390164ad9b0c3fbc90837099f43657fa1d79cf0d8a7
app/Domains/WorkCore/System/Modules/Premises/Integrations/Core/NullTaskAdapter.php,313,c9cf4e518edf44816549b443377f947154f95bf1a88222736f18135e75a87202
app/Domains/WorkCore/System/Modules/Premises/Integrations/Core/README.md,587,18e265c0aaec0472b060a354f396225036d48b87e150a8fd456b96246de63972
app/Domains/WorkCore/System/Modules/Premises/Integrations/Core/TaskAdapterInterface.php,354,9e8a2d9bfae16bb5b1f22cce0c9635826aa11dfe7240e1c4eb2075f41a51e9ad
app/Domains/WorkCore/System/Modules/Premises/Listeners/LogPropertyEvent.php,236,5fa9320aed7ee58acaa6f936370dd3068fb791c8c26d2f1d22970ba74bf385ed
app/Domains/WorkCore/System/Modules/Premises/Listeners/LogPropertyLifecycle.php,591,867ef18628223ea057aa6e85f9b5d7faa9c4ea3977c247108a5a222ed2a60524
app/Domains/WorkCore/System/Modules/Premises/Listeners/NotifyPropertyContacts.php,235,8a284c1c6829e2543f78a534819c737a0d0bc1997df199c390c0aff88bce5b8a
app/Domains/WorkCore/System/Modules/Premises/Listeners/SyncCoreTaskOnInspectionCompleted.php,593,3c956efd1c31980fadd50f8fcfc08af1d2c012463a53981f0aa127fa1e537569
app/Domains/WorkCore/System/Modules/Premises/Listeners/SyncCoreTaskOnVisitScheduled.php,783,caeff64a043974fee9335cce6efadc052b5edbddefcc23c1b3476c733be389a8
app/Domains/WorkCore/System/Modules/Premises/Listeners/SyncPropertyToWorkOrders.php,237,ffaedc3a26977d213dd4355e059199f2bd067c2a865f2a01428547fd566061a5
app/Domains/WorkCore/System/Modules/Premises/Policies/Concerns/ChecksPmPermissions.php,338,0f193f37665e1c7a5807447e9763ca3188fba59192eaa5e9255d49b10571813f
app/Domains/WorkCore/System/Modules/Premises/Policies/PropertyInspectionPolicy.php,1799,2a0bd11418cf98a2e7eca5cf253b31a23de1a6f5c43d247d196600e194698575
app/Domains/WorkCore/System/Modules/Premises/Policies/PropertyMeterReadingPolicy.php,2253,53ce1f9b6a262b3383622d6793225ef5905dd04fa11846ca30ee66e4abcd8425
app/Domains/WorkCore/System/Modules/Premises/Policies/PropertyPolicy.php,691,a02e95c5fb6554ab92c15ef60fe946c28aade9c48d4381ab1f40d550f2fdf20a
app/Domains/WorkCore/System/Modules/Premises/Policies/PropertyServicePlanPolicy.php,732,d4fbbbd94b49b45fba737d87a1f50da31a9134ced9c946b542d30284c0b9605c
app/Domains/WorkCore/System/Modules/Premises/Policies/PropertyVisitPolicy.php,731,5bbd47d5d05862f3a12fb49881dc5481f55069f99ac7773980dd9d3494b619cc
app/Domains/WorkCore/System/Modules/Premises/Providers/AuthServiceProvider.php,1443,b9474989cfc39da2bade2bab6b6dec9808ec2aaf26e27e0cf939585663b978e1
app/Domains/WorkCore/System/Modules/Premises/Providers/EventServiceProvider.php,4538,ca5662e318e0988f719a39d002d256490a91005f41e4d7840193d8cbc982684c
app/Domains/WorkCore/System/Modules/Premises/Providers/WorkPremisesServiceProvider.php,3861,87569e19a4c6a6fb5c8d25ffb62fa3aed8a0d649962325b277463f8cd2878134
app/Domains/WorkCore/System/Modules/Premises/README.md,2219,db010f5c6f0741efd97a086d2322e6da174e8fedf8aa2bca4b8afa836a3c19ce
app/Domains/WorkCore/System/Modules/Premises/Repositories/EloquentPremisesRepository.php,30095,bb5fb13318d9c67f7bec3334c576c2f0ba159a03ca69b09c69af51ecf809485d
app/Domains/WorkCore/System/Modules/Premises/Resources/lang/en/app.php,3681,d8e6b9a37daf8fcc3e4c9e2c659af7eb6be2651fa4fd59b1802ac71482a8aaf1
app/Domains/WorkCore/System/Modules/Premises/Resources/views/applications/index.blade.php,3909,aed0835579efe0d9f235c31ecbfb79d1808ba9c64f835f0c74d90a691a0ac7ca
app/Domains/WorkCore/System/Modules/Premises/Resources/views/applications/portal.blade.php,2215,ae9d8cd5d80b39486d9e0a08f74bf179e54c8f19412985704de542f17918392d
app/Domains/WorkCore/System/Modules/Premises/Resources/views/approvals/create.blade.php,804,af6c82d78a8f605662cd65d08deb880fe2110d4848c89fbfe4c0d2502a501db7
app/Domains/WorkCore/System/Modules/Premises/Resources/views/approvals/index.blade.php,1540,cfd496dcf6034bde9625b22049ef59e490df96fdc2f75a66f1b01d5c9d9760aa
app/Domains/WorkCore/System/Modules/Premises/Resources/views/approvals/requests.blade.php,4660,9a3c9beafe86fc03e7feea3451d29475bfe7797a9e12428a4a2ef5fadd9c8e53
app/Domains/WorkCore/System/Modules/Premises/Resources/views/calendar/index.blade.php,5570,1db59453f61aecd85be5dc8cb21db7aed56166047a4b74eee2e1ba30b82e182e
app/Domains/WorkCore/System/Modules/Premises/Resources/views/communications/index.blade.php,2921,4471ed19a596187aff8dcf17dc0985392c2363a2ad0d544f0bc90e63a7443481
app/Domains/WorkCore/System/Modules/Premises/Resources/views/compliance/rule-packs.blade.php,6114,5309dc0fae3b57e13e4ede434d5dbb44fa3a8ebcefefbefaa4bcd66a59e3f202
app/Domains/WorkCore/System/Modules/Premises/Resources/views/documents/create.blade.php,1159,351369fa75431ccadd72882d4b2e3b52bb73a642650694efda97b12115cb4ba7
app/Domains/WorkCore/System/Modules/Premises/Resources/views/documents/index.blade.php,1259,b079a7fee64fed390e377b6b302e2a292428a3162c20c4e02403e0d1e01b743b
app/Domains/WorkCore/System/Modules/Premises/Resources/views/global/checklists.blade.php,3977,19f5722cac407d146d2d8bdbcde9d18faafb41c855d6d23913fc195f48624404
app/Domains/WorkCore/System/Modules/Premises/Resources/views/global/documents.blade.php,4441,4fb19eaa583c68f266ed14f1fe370256ff5a8cacae7ae23886679400755ba245
app/Domains/WorkCore/System/Modules/Premises/Resources/views/global/hazards.blade.php,3878,98deb2599e57900d8b87ebce884d336a4ed9be1a45f089fd8e252d7820b784de
app/Domains/WorkCore/System/Modules/Premises/Resources/views/global/keys.blade.php,4442,42cb397fb9edc6f3b6d99ffee473e7362892e30a060ddd733d9b516a5be73b5e
app/Domains/WorkCore/System/Modules/Premises/Resources/views/global/photos.blade.php,4051,3369aacd4cc2c183e46c8c8996104479628a1ad564407195bf7c51585632231f
app/Domains/WorkCore/System/Modules/Premises/Resources/views/global/rooms.blade.php,3779,8ed0e6ac764b23445d2b0e4079beaa056cc258d8555031367dbd9633d82b01fb
app/Domains/WorkCore/System/Modules/Premises/Resources/views/inspections/create.blade.php,510,d3a70c37896c9726c52ae2766f2b041aa028c279fa955e67536fbc92aa9b3c02
app/Domains/WorkCore/System/Modules/Premises/Resources/views/inspections/edit.blade.php,502,95bef5563efa7a553852ccaedcfaeee008910001a7b58a74ef8753762062a0e9
app/Domains/WorkCore/System/Modules/Premises/Resources/views/inspections/form.blade.php,1341,27dfe67cefeccafc282e71de93da728ebad988bc52b9d532694e5d2149276bc9
app/Domains/WorkCore/System/Modules/Premises/Resources/views/inspections/index.blade.php,596,f8767cc212c5c26c38028117c6979b24e40b9af9834ce908e354ed59c1d26edc
app/Domains/WorkCore/System/Modules/Premises/Resources/views/mobile/workflows.blade.php,1390,8119898152c6d94b4491ae2dd993f5f370187b6ef9a44c5f33c92d39c0dd60e8
app/Domains/WorkCore/System/Modules/Premises/Resources/views/ownership/authorities.blade.php,3277,c260b116ebe5b31366224bece295851a8811e2ed67597f27dfd820cb57296593
app/Domains/WorkCore/System/Modules/Premises/Resources/views/ownership/index.blade.php,3132,ab5cb4b5c6c5031a5b8974d7d114a78cc10b9c4693cd359b6fab05c10879d448
app/Domains/WorkCore/System/Modules/Premises/Resources/views/partials/empty-state.blade.php,145,ea04aaea6c8ce0f563a2906c9c6a9ce50cd7dd3c878831cddf7409f07d2d64f8
app/Domains/WorkCore/System/Modules/Premises/Resources/views/partials/empty_state.blade.php,151,35c06d1cec4cfe67effbd61204f8caccd2b33049733fa48efce366ddb717ae25
app/Domains/WorkCore/System/Modules/Premises/Resources/views/partials/property-tabs.blade.php,4922,3d9650dbd212e467be64a9a3c79f6e56da858e151abafc39320e83b9d7847232
app/Domains/WorkCore/System/Modules/Premises/Resources/views/partials/property_tabs.blade.php,3574,207e6999117bc1e90c7db5e04e734aabe286cf675140c9243d0573882662402d
app/Domains/WorkCore/System/Modules/Premises/Resources/views/portal/index.blade.php,4613,96a2d34ada73337c3d62fac98a9fd0c1110e203867303fc895c8077ddc573e73
app/Domains/WorkCore/System/Modules/Premises/Resources/views/portal/show.blade.php,9188,73179357355ad30bb1034efcc14871af679bca88fad959755b51785f92d9d505
app/Domains/WorkCore/System/Modules/Premises/Resources/views/portfolios/index.blade.php,3846,96f41df97e78d2bc3e9abe5dcdaf36e2f9caf9164e05fc9d0b4c0e80a4280d10
app/Domains/WorkCore/System/Modules/Premises/Resources/views/properties/access-card-requests.blade.php,9908,563673986be23e03445f5a06bc3dd4f37df782e0c87cf9623f2af6871ce2a8e1
app/Domains/WorkCore/System/Modules/Premises/Resources/views/properties/access-register.blade.php,9978,8825117f3613b0edb1e1317e65421b5d395304ae83d90b5a1793b1b288368cfc
app/Domains/WorkCore/System/Modules/Premises/Resources/views/properties/agreements.blade.php,17445,c22a6c788f5ec7d803c4bee2e1c736adcf7f3cf648d7b97a5a5e3fe81f2e27e8
app/Domains/WorkCore/System/Modules/Premises/Resources/views/properties/ajax/form.blade.php,5181,90afc42a31e76f8aa33ca42b72638ec1b5248b265762004b49ce7e710424342c
app/Domains/WorkCore/System/Modules/Premises/Resources/views/properties/ajax/show.blade.php,719,1da86503f6f570a519de64cce20b0697120cdaec979340a22767822e569a958c
app/Domains/WorkCore/System/Modules/Premises/Resources/views/properties/assets.blade.php,2920,d58cbe6fe0c3ccccd8029641efe51b78a0420c36fb967eaa5f1c7a8504c6dcb0
app/Domains/WorkCore/System/Modules/Premises/Resources/views/properties/checklists.blade.php,3713,6c0948672ce1ca5e8c5863f1ef3443c4652f85e1a8ea52fdc516dc5a84fcb177
app/Domains/WorkCore/System/Modules/Premises/Resources/views/properties/compliance.blade.php,16306,b6a8d0e2320d2a0c01cf11fa30505026127ce697d0deef94054f2c956ff83130
app/Domains/WorkCore/System/Modules/Premises/Resources/views/properties/condition-records.blade.php,6151,ecf8093190d5b7898c6cf6452404523d3d0e1576febec909d683fe6d8b22ffc1
app/Domains/WorkCore/System/Modules/Premises/Resources/views/properties/contacts.blade.php,3766,a15bb19818c2164bc946a22ab050ac8bfd871abd291c30a0ade647c299c0cfc6
app/Domains/WorkCore/System/Modules/Premises/Resources/views/properties/create.blade.php,223,fb6a0ff49639bf824b9f68c276972cadf5e4ce9d8398d4fae2d2f2ee43f82a89
app/Domains/WorkCore/System/Modules/Premises/Resources/views/properties/edit.blade.php,222,a4bc609841b8fa9faacd8351ff68ddc93ea094fa8202118ff113ab03243ae74b
app/Domains/WorkCore/System/Modules/Premises/Resources/views/properties/hazards.blade.php,2858,7dfd2eec28ad262ea887523b211e4a4b93d8d40de0c6391ff9c18f724029d1f9
app/Domains/WorkCore/System/Modules/Premises/Resources/views/properties/incidents.blade.php,6316,1e150b08d4f1062b45c3731f635c5128f4234fd1c0b2ec27748818d55f31bb7a
app/Domains/WorkCore/System/Modules/Premises/Resources/views/properties/index.blade.php,5632,f1e4af5f5b0affa7c6097e3cd9276a51427ad75756c6d5423672b34d4553bddb
app/Domains/WorkCore/System/Modules/Premises/Resources/views/properties/jobs.blade.php,3882,39a5bd78d71c8883b8a42666c130710dc0276fa5688e0f667f928c17f98acace
app/Domains/WorkCore/System/Modules/Premises/Resources/views/properties/keys.blade.php,3955,3b61209a93ab7241f5f110356991d5b879c85dcbc7945cf10f05b84a1c79ebde
app/Domains/WorkCore/System/Modules/Premises/Resources/views/properties/meters.blade.php,9359,6efc9769a7f04d92de44fbb0a0a6688b149d22d608639b72e6c0f41bedb66e37
app/Domains/WorkCore/System/Modules/Premises/Resources/views/properties/occupancies.blade.php,7773,659cd8fc694d24c726c7c190d5b46f77653e1056a8a670b64a21ad82a0ab3c85
app/Domains/WorkCore/System/Modules/Premises/Resources/views/properties/operations.blade.php,12080,2bb880a5686f9fafda980f5ac6b90b499d87ab988c236dc6b00efce762107e06
app/Domains/WorkCore/System/Modules/Premises/Resources/views/properties/overview.blade.php,2937,9e09c71213fb1525be10f7e52f2fd5ba63d03ae983963cbf512a6992505714c3
app/Domains/WorkCore/System/Modules/Premises/Resources/views/properties/parties.blade.php,4879,d4e41a87e79cacf3fe77ab0bffdaef7da83ce913facda88d1878e0fa1fd907a8
app/Domains/WorkCore/System/Modules/Premises/Resources/views/properties/photos.blade.php,2658,bfd8cbf34d79c2a6b2eba97a312b95eed91309f74180524a63f346d68647bb07
app/Domains/WorkCore/System/Modules/Premises/Resources/views/properties/rooms.blade.php,2513,59f0039455fc62210613116d376aae84092586419d75b6b8899cf9707f3cec6e
app/Domains/WorkCore/System/Modules/Premises/Resources/views/properties/service-windows.blade.php,2843,34b4b4a78c9e39e78197110589df1703016a19b6b52d64f70fbf853b7a2dbebd
app/Domains/WorkCore/System/Modules/Premises/Resources/views/properties/show.blade.php,8929,7f9b7aa6023948b90a68e6c7cc921534c7adcbc60812e16f4e2fbfd63bd8335a
app/Domains/WorkCore/System/Modules/Premises/Resources/views/properties/spaces.blade.php,4349,009d7199cb2489f34edcc4b26c97595ca712c74ea1e89cd1634bfbe2274af6c4
app/Domains/WorkCore/System/Modules/Premises/Resources/views/properties/tags.blade.php,1974,9ada4ad2046dfe128ceefc1f351321e662b5b468a8cdd95ec1f2c139e7b5d3eb
app/Domains/WorkCore/System/Modules/Premises/Resources/views/properties/units.blade.php,3481,62d3112452856145715575db846dfeda452e526840168ac4bb760fbfacd168b5
app/Domains/WorkCore/System/Modules/Premises/Resources/views/properties/work-permits.blade.php,9915,96428828ffd24b925d9160ae3a7ca7d110db20cf759898c0b2cc762359d70f9f
app/Domains/WorkCore/System/Modules/Premises/Resources/views/requests/index.blade.php,2008,9ff881b6722543bfd3bd2468f8609c729bd8560e8738e48c4098f73a2483d63d
app/Domains/WorkCore/System/Modules/Premises/Resources/views/sections/sidebar.blade.php,1860,924b89756fb0db864345f4f3872935ff84e7be57f9cc99d55a2f9980dd37dbc2
app/Domains/WorkCore/System/Modules/Premises/Resources/views/service_plans/create.blade.php,288,dd086dbc15796dafe4fb4732d89818dad567898c8f632c9d714d10c058e2a1de
app/Domains/WorkCore/System/Modules/Premises/Resources/views/service_plans/edit.blade.php,314,bb690ab0c5073908eeb9290aa5f93e5abeeafdfc0e09a22b17e3ca4d8fa55f1f
app/Domains/WorkCore/System/Modules/Premises/Resources/views/service_plans/form.blade.php,2092,0b2a8d4e8c0b6be60037a0afb4060a28fd68e12b1da0b0bc3c6d6b67d1e17fb9
app/Domains/WorkCore/System/Modules/Premises/Resources/views/service_plans/index.blade.php,1427,15af2b28aee3a32b37c1843fbdf9b2f038f641864d8914fba1147d350ccc1383
app/Domains/WorkCore/System/Modules/Premises/Resources/views/settings/index.blade.php,1872,79d5d939f2fd4624edf69397552f6142ab051dcbd490006eb4ed9fc98b642dd1
app/Domains/WorkCore/System/Modules/Premises/Resources/views/vacancies/index.blade.php,5852,9e8e701d44f9cdd5ac2fe83bec7d6b09cce32af13ba2de3648deee264c25cc55
app/Domains/WorkCore/System/Modules/Premises/Resources/views/vacancies/public-show.blade.php,3484,a5e2ae33e3f082a850888c0fa42ec02f808996a98e17cfa045d2a7554dac5c82
app/Domains/WorkCore/System/Modules/Premises/Resources/views/vacancies/public.blade.php,1346,66eb36d0b8234b18327caf0519e55ce4ee1cb9e7a52c1dd5d643d39cd6c2129d
app/Domains/WorkCore/System/Modules/Premises/Resources/views/visits/create.blade.php,267,b5c8dcdc0d00cb5625ff14bf0bc7f771e2d859687ec31ab59f832722d68bd142
app/Domains/WorkCore/System/Modules/Premises/Resources/views/visits/edit.blade.php,296,b5445a2a0a9d64b3874359286c8b05a407544d45e250049e81b80da0c4364692
app/Domains/WorkCore/System/Modules/Premises/Resources/views/visits/form.blade.php,1210,da8eea073e280cf88261a66488c71f4c13def08db209a612989af8bc5612b78a
app/Domains/WorkCore/System/Modules/Premises/Resources/views/visits/index.blade.php,1380,a6301e535bc52d3d1927e48994f3d2f50984ab4117d46f0a6ed3871128acbba6
app/Domains/WorkCore/System/Modules/Premises/Resources/views/widgets/next_visits.blade.php,995,07e2ecd1ee6eec9e08212b94424ff14deb3a58f66de8703374c46073fbab86f3
app/Domains/WorkCore/System/Modules/Premises/Resources/views/widgets/overdue_inspections.blade.php,1042,340ae26eff51e700dbf40df89c4ebd8978445adde9cac1111e4166f5940d5a20
app/Domains/WorkCore/System/Modules/Premises/Resources/views/widgets/property-profile.blade.php,533,37cae1514e06befca78de1f99d66ce3d49a311cee0f4c4248e6e9e94f9c63a7c
app/Domains/WorkCore/System/Modules/Premises/Resources/views/widgets/property-stats.blade.php,773,4b1333319330df13b2e076ce242a71a0da7a91aafd7983413b04e7ab79def33e
app/Domains/WorkCore/System/Modules/Premises/Services/AssetService.php,470,5d98791c606b900131259f7672c0bd05b05fdcf6776b7b84a3a43efa300dc4a1
app/Domains/WorkCore/System/Modules/Premises/Services/ComplianceRulePackRegistry.php,1216,541e81927ca65a7af70983ee93a09e0c6717d6dd2973d6373d7ff28ef9c71614
app/Domains/WorkCore/System/Modules/Premises/Services/GenerativePanelService.php,9582,7dc6b87c3854798d1f09b2694a055d31b06efc245b2c01642e8506014102d4a5
app/Domains/WorkCore/System/Modules/Premises/Services/HazardService.php,473,cb3fa1b0106356ba0ea3e1d2492a649ef935df71b0fdbf4f078a228aefad7f4a
app/Domains/WorkCore/System/Modules/Premises/Services/LegacyAccessSynchronizer.php,2049,f03ee4077519624379c4e7ad80b4354cc0c4b3dc52790c48dd954776b60093ab
app/Domains/WorkCore/System/Modules/Premises/Services/LegacyAgreementSynchronizer.php,7157,8ad695370a7543327e6f94ef8fc082d40d56f2a1f6bbbe92a55c5f5a1fd542e0
app/Domains/WorkCore/System/Modules/Premises/Services/LegacyPartySynchronizer.php,2490,b8532e21e4250fee529ef0b6a2d7a3301c651b1c77629a5dbc2220fac8f052b4
app/Domains/WorkCore/System/Modules/Premises/Services/LegacySpaceSynchronizer.php,2064,cc1eba7faf34dec36a1c59e7396cb447cb730fc62d12de8b5725216ade80e0b5
app/Domains/WorkCore/System/Modules/Premises/Services/MeterInsightsService.php,3853,8da8a9101c5a4d852398b2745ed9b2e372fdfbcd51a509c4efcafef0f251bf51
app/Domains/WorkCore/System/Modules/Premises/Services/MeterReadingService.php,809,71631ecd25f9e3724d0e4fbbb4b23fe8bb95ab62c6778287fc8226ecf74fd478
app/Domains/WorkCore/System/Modules/Premises/Services/PortalAccessService.php,16567,80d2dfa07b6bfb79c5c8a9eb74221833ffbb409511a7276fdf53dc8dfbf95312
app/Domains/WorkCore/System/Modules/Premises/Services/PremiseAccessCardRequestService.php,11897,c3abe8fa22a94ee6c9f251a839b14c58ebd28130bb978fca15291728b02b3101
app/Domains/WorkCore/System/Modules/Premises/Services/PremiseAccessService.php,8494,6502e6078c803f1d21cb86338a64801d1423390f58bfa6bedfcfb6837fe3b9e9
app/Domains/WorkCore/System/Modules/Premises/Services/PremiseAgreementFinanceLinkService.php,5568,3c615c55c6833539bc7dacd458922497946c117ac18a9ef6808d5aff2a5de6e8
app/Domains/WorkCore/System/Modules/Premises/Services/PremiseAgreementService.php,17685,4396aa79ce23f2f4ce27c91b63d8cd4accd81f8dcf9df6d84c09b42e121971fc
app/Domains/WorkCore/System/Modules/Premises/Services/PremiseApplicationService.php,13897,3c538a96f4ab941e4bada947d7623e3bb2fde16cdd5c3490e9938e64c2a29a57
app/Domains/WorkCore/System/Modules/Premises/Services/PremiseApprovalService.php,10034,37cf6c7811096feee96ad47e579ba2ff353926b165ccf10fbb450a583a20368b
app/Domains/WorkCore/System/Modules/Premises/Services/PremiseCommunicationService.php,4729,4a161428228d460be6e90a9c461bd74249b43f88ef526fa7a867e8d7d639776f
app/Domains/WorkCore/System/Modules/Premises/Services/PremiseComplianceRulePackService.php,10320,8fb671111c1a600eafdf3418874e4e2ad23be38b654f3045a3941f87a3d7a58f
app/Domains/WorkCore/System/Modules/Premises/Services/PremiseComplianceService.php,17002,de84de1821f213eb17ed3ff777d5332103585468a23c9482a33d6e751d231c24
app/Domains/WorkCore/System/Modules/Premises/Services/PremiseConditionService.php,3010,b3442cd8855d63d59f8c0fd71a77cbbaba5fd67129aa1ed0983c58b1937d1352
app/Domains/WorkCore/System/Modules/Premises/Services/PremiseIncidentService.php,4202,ad25e003afdecae3793fb2a744a9a58ec62ff87f8183083d4f522b2bb8ab0f9f
app/Domains/WorkCore/System/Modules/Premises/Services/PremiseManagementAuthorityService.php,4910,57b296783798486882a7da2185b6cd65874b2d6c146ef612d57a93251cf8aefd
app/Domains/WorkCore/System/Modules/Premises/Services/PremiseNoticeService.php,4311,f9dc8bf86fea1fcdea22beea1b98f85409582cd27a0ded04067d6e47d65f56a0
app/Domains/WorkCore/System/Modules/Premises/Services/PremiseOccupancyService.php,14776,3f9951244234c3c1a9ecf5866f5fe3dd69f20e3c60f1996ea474e573aeb2df05
app/Domains/WorkCore/System/Modules/Premises/Services/PremiseOperatingDashboardService.php,11813,aaad12a9540e9aef1b7dce8c1ed671733c939613c559d71f59ce6caa60dde96c
app/Domains/WorkCore/System/Modules/Premises/Services/PremiseOwnershipService.php,3859,78ca4522fa6ff502a64574b1b069be235cdd6ad34f49260ee646e6515216788d
app/Domains/WorkCore/System/Modules/Premises/Services/PremisePortfolioDashboardService.php,2032,b58beaf77c194e7be311ebba5558fcb52198391009e5c78a542a779b84f32a98
app/Domains/WorkCore/System/Modules/Premises/Services/PremisePortfolioService.php,5402,0d4f3db0818718aff1ba7ee5a88a1c36fb42f2801d00d5a145fbbe14ff5bdba8
app/Domains/WorkCore/System/Modules/Premises/Services/PremiseSelfServiceRequestService.php,4507,4b747f1510984e395d9fa586f609c38ba255102606c3587b616b1e4af0dacd1c
app/Domains/WorkCore/System/Modules/Premises/Services/PremiseWorkPermitService.php,8791,44f00fefad8ebfd0cdc309ae70a0b464d0ee54e10a192871cc690d6861bb82ac
app/Domains/WorkCore/System/Modules/Premises/Services/PremiseWorkflowRegistry.php,1513,c573d099d93e8eceb2c71a792c336bc617589c985a357c5154225baa1caa3aaa
app/Domains/WorkCore/System/Modules/Premises/Services/PremiseWorkflowService.php,8891,ef2ca5dffb6090a0ec24b91fd312e0bbf7eee0ce69512b93fd1379c0df31991a
app/Domains/WorkCore/System/Modules/Premises/Services/PremisesProfileRegistry.php,2115,28f7fb6c69cf661c11772dc88e3f6fb420ba715b55b4a59064fdf0e7cb795534
app/Domains/WorkCore/System/Modules/Premises/Services/PropertyProfileService.php,1319,e5d253a7a200ee1ed83cece8106eabac50884330641326c760274809d0a3db3d
app/Domains/WorkCore/System/Modules/Premises/Services/VacancyListingService.php,9691,0febe33b3d8ae156735cf71612217fd839a3f6432bf1919f5bc3d3ebeef7f0cf
app/Domains/WorkCore/System/Modules/Premises/Services/VisitGenerationService.php,2464,08998ec12299caf8e72d650572841d53c9e322a428915ef46648c0ca14f91de0
app/Domains/WorkCore/System/Modules/Premises/Support/Enums/ContactRoles.php,477,2e0ae3621e29ce0c5025d09cf5909e37a0011110e4428749e06624c944ae064e
app/Domains/WorkCore/System/Modules/Premises/Support/Enums/RiskLevels.php,303,466af4bffdc67a1b0d9c7e631f25e73ad1e6281092f70464aef4a64f22514cb5
app/Domains/WorkCore/System/Modules/Premises/Support/Enums/RoomTypes.php,332,e10d59b77f7f1191ae824847ffa1d2c540a5eb9bae6a25112f9ce4fb8e45d0c9
app/Domains/WorkCore/System/Modules/Premises/Support/Exports/PropertyCsvExporter.php,492,cd0b7ba83d2e36df0d4222215ba127c57197ee7e8bb5d02a7f679335e3d1eb81
app/Domains/WorkCore/System/Modules/Premises/Support/IntegrationPoints.php,5755,2260dff3414a3828bd6a170953db9375deaeb5f2f94c1bfb7498de2ca5bbafb9
app/Domains/WorkCore/System/Modules/Premises/Support/Permissions.php,653,c126f6398748efedeb3348dda8d970eb04d4f76ce628f0fdfa9d5f50e069e6bf
app/Domains/WorkCore/System/Modules/Premises/Support/PropertyCalendarService.php,677,d2c4c0bd7ff3dacb843dad91d61089bd2f97c1f5ea3624a48196c78606408725
app/Domains/WorkCore/System/Modules/Premises/Support/PropertyContextBuilder.php,8176,a223429fc16b321de8546fce86e27cbcc4297b8f685e4af3945511c6bdd91c88
app/Domains/WorkCore/System/Modules/Premises/Support/PropertyLinkService.php,360,35b1a1eb34605b8f0881da890ebe145ea6e8601fdc91ca4ac92c6a7c4da013d6
app/Domains/WorkCore/System/Modules/Premises/Support/RecurrenceService.php,5065,9a3e5538ef57321696c173b1e6ddb9baa186c3fcd317a6537a9b612ead155571
app/Domains/WorkCore/System/Modules/Premises/Support/RouteNames.php,223,22a3756c9d2e1896c7a9637165f7b4208ef83846bdb078d5d5413d12daccc30b
app/Domains/WorkCore/System/Modules/Premises/Support/Settings.php,970,1b3fc54440819b11f824bfcb8b53e64ebc36de7d6ad4f2faf5cb5056abc49a9d
app/Domains/WorkCore/System/Modules/Premises/composer.json,485,3e51d85b69b9653c0893e658293f2eae49c80e128125cc719b1a4496a9fe5bb6
app/Domains/WorkCore/System/Modules/Premises/docs/superpowers/plans/2026-07-22-managed-premises-generalisation-pass1.md,2976,c469fe7ed8a614b282d1d6760fbba0a9c248ab42e565d0765a5253b052b7d6c2
app/Domains/WorkCore/System/Modules/Premises/docs/superpowers/specs/2026-07-22-managed-premises-generalisation-design.md,1814,45b5739d1ccd4998c6c471fba76a8faa86a46a3c869547b66629c5c225646210
app/Domains/WorkCore/System/Modules/Premises/health/checks.php,2757,d75d6da867ce1bc3b60e258ce3402cb3891cdc07e21e088259d215c2ade3411f
app/Domains/WorkCore/System/Modules/Premises/manifests/ai.php,6163,169607a60e9d5966403d7e7e1c6c7b531424ed37c107efd50b7a3cabda13b95b
app/Domains/WorkCore/System/Modules/Premises/manifests/api.php,1940,e2ee5e8b7104c4caf9328d14ba17f28fda003b03860a97d1a8c34ba4d9aaf5dd
app/Domains/WorkCore/System/Modules/Premises/manifests/lifecycle.php,7135,2c61ea5a3d77e04c11d0ed03bb0fa1c276daa3767334419c1ad829398692fc0a
app/Domains/WorkCore/System/Modules/Premises/manifests/menus.php,1900,f320b67f1d1f19f1c0f0a7ccc8b2f8f2aecca4a5996af644fb1a44bf31bc8a2b
app/Domains/WorkCore/System/Modules/Premises/manifests/permissions.php,8091,700aeffd246754e0ce1f55c5a077d59c8b6631f07be71f122db30d903621882e
app/Domains/WorkCore/System/Modules/Premises/manifests/seeders.php,540,4610a9639db6749e48840314156ebd1a2ec2c663789fe82a975323c4e8465665
app/Domains/WorkCore/System/Modules/Premises/manifests/settings.php,992,64b2696686be7b6ddd1b76882b8d50de0d7cd8a4ded0b325918e3476a2064bfa
app/Domains/WorkCore/System/Modules/Premises/manifests/signals.php,3165,e561601a22de640b4341070b6e32631e9a4318571e25996ed1fed3d0aae84ebb
app/Domains/WorkCore/System/Modules/Premises/module.json,1664,45a2106ecb12948e01138f452cbe783703c3d65a5fad903575a98d69804bd02d
app/Domains/WorkCore/System/Modules/Premises/routes/api.php,2291,bb9db5c546fa709e7374d9632bc42bb9c2be0683b548ccc940ad0a381c1cfdfd
app/Domains/WorkCore/System/Modules/QRCode/AI/QRCodeToolRegistry.php,369,f2bf798f5c098670fc1bd7d5c75450bd7656aa24f9f8aa4236566a46e9d80ddd
app/Domains/WorkCore/System/Modules/RecurringServices/AI/RecurringServicesToolRegistry.php,391,49c512bddec9b99bf5d854980b03c9ec0700e2ccf6f6f248928be594111d4bcd
app/Domains/WorkCore/System/Modules/RecurringServices/Actions/ChangeServiceAgreementStatus.php,1049,0b3f880f15a7d7aa6d089344643ad631a2819c787717693ac2024445e645388f
app/Domains/WorkCore/System/Modules/RecurringServices/Actions/CreateServiceAgreement.php,981,9c38e3bc2fe891ad3ae73fe83fb60bcdab7076f0971f1b7541e110cff1b0423c
app/Domains/WorkCore/System/Modules/RecurringServices/Actions/GenerateRecurringOccurrences.php,1034,7e1b1a89ab143d900719a28a790cad41d822c6d0c17142d1b8f5766535280801
app/Domains/WorkCore/System/Modules/RecurringServices/Actions/RenewServiceAgreement.php,1028,937b0d9051a6c3956fa0d87e47beb7c20703e13fa42008f9efdbac94f7b0e1f0
app/Domains/WorkCore/System/Modules/RecurringServices/Actions/RescheduleRecurringOccurrence.php,1051,6c3afef342bb6dc30579958e72d4fa2642e00d14c33b6827ec7947babbc09adc
app/Domains/WorkCore/System/Modules/RecurringServices/Actions/SearchServiceAgreements.php,479,72b5bc03edd29b506f08d273c0e6b9cb0a202f00b478f48010671b6cabfccce7
app/Domains/WorkCore/System/Modules/RecurringServices/Actions/SkipRecurringOccurrence.php,1035,6dfe4000118ccaca6dfb0cf3425d74fc3381b589669c9df287f7694c2be73196
app/Domains/WorkCore/System/Modules/RecurringServices/Contracts/RecurringServiceRepositoryContract.php,947,20ea5cc70266caf6b91ca378f2f1c32452eb311896f02b53973deb0dbe187352
app/Domains/WorkCore/System/Modules/RecurringServices/Contracts/RecurringServicesRepositoryContract.php,314,db38fc0a4556c730f8c5f6a7b2f048c20e285860f1567a34c799f7cbfcb4c108
app/Domains/WorkCore/System/Modules/RecurringServices/Http/Controllers/RecurringServiceController.php,3282,d65eaaa06311c12ce7dc3633d13b3165b6048fc7b5c95d0804919a6d0956cbc1
app/Domains/WorkCore/System/Modules/RecurringServices/Http/Requests/GenerateRecurringServicesRequest.php,435,cc659f836439d1df1e80feaf531023099ee2615c5f43490e1ef8aefff5ea4bb1
app/Domains/WorkCore/System/Modules/RecurringServices/Http/Requests/RenewServiceAgreementRequest.php,328,89890fd10d68f4c5a6a4b7eefa5bca85c501e58e7c498647c48eefcb90e6f9c0
app/Domains/WorkCore/System/Modules/RecurringServices/Http/Requests/RescheduleRecurringOccurrenceRequest.php,409,42567c2ae58457c700d2bfdf785d6dad8c6a1718777f7a577f42edf65e23ba27
app/Domains/WorkCore/System/Modules/RecurringServices/Http/Requests/ServiceAgreementStatusRequest.php,370,2723f30d749f6b3c26ba800a93d037cf5670ac552acbaad70bfb6e94fb698f9a
app/Domains/WorkCore/System/Modules/RecurringServices/Http/Requests/SkipRecurringOccurrenceRequest.php,343,4e37116dde0d04b5e76a31585bbdcfbef89d19079945372bda129d7baed290d9
app/Domains/WorkCore/System/Modules/RecurringServices/Http/Requests/StoreServiceAgreementRequest.php,2002,57f1d597cea75aab7590cb2c3e91ffb7aa5c161c3c625a9bae407cbeb77deadd
app/Domains/WorkCore/System/Modules/RecurringServices/Providers/WorkRecurringServicesServiceProvider.php,2700,03f9aa2282245d66d515565e8ab770b4875c4a8e092728227f779205111c1e53
app/Domains/WorkCore/System/Modules/RecurringServices/Repositories/EloquentRecurringServiceRepository.php,29610,b5db0a091a95f3b1dfdf9ca1b9630e04c20e34018535c129eea121313d4cb790
app/Domains/WorkCore/System/Modules/RecurringServices/Services/RecurrenceCalculator.php,3554,eb2cd7f7f94c43d42e578aeecebef8be258dc72dd74a37b96327b1536b453198
app/Domains/WorkCore/System/Modules/RecurringServices/Services/ServiceAgreementStatusPolicy.php,1839,b7d539bc28e808fb596370e587f287262d123d87dbbc64eca9c25240d31307b6
app/Domains/WorkCore/System/Modules/RecurringServices/routes/api.php,1413,cd28bde4a508ce60b58c72ab3bf7d8342526caba9c9930e549d54ff017f2396e
app/Domains/WorkCore/System/Modules/Repairs/AI/RepairsToolRegistry.php,371,eb85e2786f0bade8c45f96c42e18c33fe5ad823e3c80252e5a64e409e18fb23d
app/Domains/WorkCore/System/Modules/Repairs/Actions/CompleteRepairOrder.php,1154,b29d720dcee793a74f2ebd226271a895e6fc737b71c2ed90b07988f2c8565347
app/Domains/WorkCore/System/Modules/Repairs/Actions/CreateRepairTemplate.php,946,80dfa82b6b60d7035505f12b7fe627c4c6f46fdc59bb644183dae6b3a9c0122b
app/Domains/WorkCore/System/Modules/Repairs/Actions/ReportRepairOrder.php,948,70961a4390059a69dfd630c81e8d93745e88ab2156e058e896ca20eb0e1fe6bd
app/Domains/WorkCore/System/Modules/Repairs/Actions/SearchRepairOrders.php,907,f17ba10caed7dee55b244fee25bc4c40f2113cec2f73b6363952411bbb55571e
app/Domains/WorkCore/System/Modules/Repairs/Actions/StartRepairOrder.php,1146,92955b06fca20300f586e5bebc2fe45cf9842bac77b76cf69a832eff2fe2f52c
app/Domains/WorkCore/System/Modules/Repairs/Contracts/RepairRepositoryContract.php,635,f681527d197d3fba281aaff7642db2f5e3a5cc1a0845194e95f094c7f168053d
app/Domains/WorkCore/System/Modules/Repairs/Http/Controllers/RepairController.php,2522,45b958a5ac306467b13346ec75f08d32c32213b29737cc93903135814392dbdf
app/Domains/WorkCore/System/Modules/Repairs/Http/Requests/CompleteRepairOrderRequest.php,633,966ae1987a0e30a3e47bcf8bbb374a0a6fc4214a66703249fd0ed2e4aa329e1b
app/Domains/WorkCore/System/Modules/Repairs/Http/Requests/ReportRepairOrderRequest.php,972,b78ed485310782bf65d180490a9772ecc2e770ee69c8742626424cba6189a99c
app/Domains/WorkCore/System/Modules/Repairs/Http/Requests/StartRepairOrderRequest.php,443,de42860c61208b75b61a5ddcc089d589c24cee378add83e41e28a9d14733f24b
app/Domains/WorkCore/System/Modules/Repairs/Http/Requests/StoreRepairTemplateRequest.php,542,ad29fe0a0b3c2c80e97835de282311bc28dcfbd9f2c6b7d60a455100e9d10f71
app/Domains/WorkCore/System/Modules/Repairs/Providers/WorkRepairsServiceProvider.php,1937,0d0686c166997f94cb85225a2890f74d9a99b120204488b4b651039a9db614e5
app/Domains/WorkCore/System/Modules/Repairs/Repositories/EloquentRepairRepository.php,16126,5866b6446713ff54ad0fe8e6a0db682d3195ae1a78946b1446e6baef7382b558
app/Domains/WorkCore/System/Modules/Repairs/routes/api.php,819,a98dcc84a9bf569c18cdb16705e7ff4033dd55ee0bde5591cecedf3cb6362973
app/Domains/WorkCore/System/Modules/Reviews/AI/ReviewsToolRegistry.php,371,954b45613a527fc8b03d33102ca7cb8ed26a7cf9ccd71f1539a289b979c7dc16
app/Domains/WorkCore/System/Modules/Reviews/Actions/CreateReviewRequest.php,928,cf125ce68b27e14eba813ba80967f6da58dec9c63e2d6c1a74dea9bdf3b147a8
app/Domains/WorkCore/System/Modules/Reviews/Actions/CreateServiceRecovery.php,924,2dd93aec74aa65191201b4136c3941339185b5e6c730458f7dff21b2ec4c4130
app/Domains/WorkCore/System/Modules/Reviews/Actions/PublishReview.php,903,825fb603523ac8ecfcf472f258f1a3b2d213e74e6f9ba9d86584b2d7286cc875
app/Domains/WorkCore/System/Modules/Reviews/Actions/RecordReview.php,905,47a7ecb3dcdfbb548200e91fc7ce0e9df156b4ce45b2298715ede4e238e20109
app/Domains/WorkCore/System/Modules/Reviews/Actions/RequestRebooking.php,880,b3f4b4970f839794c45f045293385742a0b8d328f118ae98d8f6e118a5b90a26
app/Domains/WorkCore/System/Modules/Reviews/Actions/SearchReviews.php,428,4d18e0040b9e2352ab8fb65ab06d5a610aaf7eddf2b81c707f5a26a90540d78a
app/Domains/WorkCore/System/Modules/Reviews/Contracts/ReviewRepositoryContract.php,746,4f8ca72cc10f044d91fe3710c71be86edcd8366ada67aec75f0c4dadadc423dc
app/Domains/WorkCore/System/Modules/Reviews/Http/Controllers/ReviewController.php,2014,a25d0033f7a986b53bc4c50b5d30ba0fbde9884cc79a6ce01524faeb0daa2a91
app/Domains/WorkCore/System/Modules/Reviews/Http/Requests/PublishReviewRequest.php,331,4f47293e82f86c082ab9deceee64652834b4d808db45863ff1b092ad94eeb8c2
app/Domains/WorkCore/System/Modules/Reviews/Http/Requests/RebookingRequest.php,616,cf47b0591476b4f91a6fb2bfe5eba220bf7a426dcd93b5cd20a450f036944de0
app/Domains/WorkCore/System/Modules/Reviews/Http/Requests/RecordReviewRequest.php,678,de76c3692e098cf6b5702eaedd35909533dae987147e71f50e33cf3ac2dde346
app/Domains/WorkCore/System/Modules/Reviews/Http/Requests/ServiceRecoveryRequest.php,406,150981283a8bfdefde4ba510ab4ce2b722b6d30160fa54518ed805670d1ff3c6
app/Domains/WorkCore/System/Modules/Reviews/Http/Requests/StoreReviewRequest.php,614,d76d062cd9ed70756887d4f613532b09138fd19617c2a78d5307520484490e00
app/Domains/WorkCore/System/Modules/Reviews/Providers/WorkReviewsServiceProvider.php,2232,f11afcc5f9f64e812b2bbbd927ac9869f64bee162efd4f9e5e53f782ada22ece
app/Domains/WorkCore/System/Modules/Reviews/Repositories/EloquentReviewRepository.php,8343,ad33fbfb78f9ae618ee409307651c0350ccf1b7a9b7727420eda1c3d7f925a65
app/Domains/WorkCore/System/Modules/Reviews/Services/ReviewPolicy.php,883,11acb7a63cb4683195e9e055d2036d0db57d9fe5b6c43234941389b614b5f7e4
app/Domains/WorkCore/System/Modules/Reviews/routes/api.php,928,a673459d759a53ebbcbd949efd931d3478b6af54a932ba8bd94442913c887c4b
app/Domains/WorkCore/System/Modules/Rosters/AI/RostersToolRegistry.php,1943,cad30bc735be740d2a5fd3a05678ba5b22ffc5afc6807e1eb0514fcc19765bf8
app/Domains/WorkCore/System/Modules/Rosters/Actions/AssignRosterShift.php,1041,260391a299aafb5a30a0fadf00c34e3497c8c5b8b6c923b3a96011a0341b21bb
app/Domains/WorkCore/System/Modules/Rosters/Actions/CreateAvailabilityRule.php,1007,818f437425ca04b203b2598757d7ee5dd9c3eb98d514ebb00ba32be6f17057bf
app/Domains/WorkCore/System/Modules/Rosters/Actions/CreateRoster.php,952,d389b140fa534a809aef06d2f1533b8ad8cf9ffbf9df6081ec754e194135d710
app/Domains/WorkCore/System/Modules/Rosters/Actions/CreateRosterShift.php,967,fa1b5bd5964e179583105224e8457f13707b7d8598bc90d1c0d85a380461a378
app/Domains/WorkCore/System/Modules/Rosters/Actions/PublishRoster.php,1038,ec80897fa4442445275b7495559162339a9ec8f631d9bf6f0a0b0847615b408a
app/Domains/WorkCore/System/Modules/Rosters/Actions/SearchAvailability.php,673,35b8d2bc580b888013c01daf597bd8fc2a33348b9737f695475b8f55dd4049d3
app/Domains/WorkCore/System/Modules/Rosters/Actions/SearchRosters.php,765,99fa6aabb4f85a944a58629f48069975dc1b04386e91f7be29261889c6618c04
app/Domains/WorkCore/System/Modules/Rosters/Contracts/RosterRepositoryContract.php,1197,9a59c7c344fd4faf9338930c939f1e52e2a954bf5450e3130bfedad4f62b8e9f
app/Domains/WorkCore/System/Modules/Rosters/Http/Controllers/RosterController.php,4430,5f67696fd848b1f2be608ed9c1f15c8c12121cc3ed7f9b5cdda9f8544a544337
app/Domains/WorkCore/System/Modules/Rosters/Http/Controllers/RosterUiController.php,495,a3bd824d8acfae009df030f4501abea8bd308db313bb9e5ba2b200b5d712a252
app/Domains/WorkCore/System/Modules/Rosters/Http/Requests/AssignRosterShiftRequest.php,761,111caff6dec0636d88eb695ad303cdb49cccab7977ed04737ac58c993be9e40b
app/Domains/WorkCore/System/Modules/Rosters/Http/Requests/PublishRosterRequest.php,527,eb7ac3ed1b084b615315a727c7dfc16d4032e6500b5d6172ac896ac340c2659a
app/Domains/WorkCore/System/Modules/Rosters/Http/Requests/StoreAvailabilityRuleRequest.php,1098,48f2cd058b3b3dfa1f0d4c4da24b946d4c30f248a2eef9094c6c9faee01bce8f
app/Domains/WorkCore/System/Modules/Rosters/Http/Requests/StoreRosterRequest.php,1149,71a99bb2970672348182974b2f209f4be7f9d04256272ab72eb062e0bdbe047a
app/Domains/WorkCore/System/Modules/Rosters/Http/Requests/StoreRosterShiftRequest.php,1867,8a80dd18bbff4e1ca7e13ee0e4568850fb36e8eb251c711077b3d1330e0c6b48
app/Domains/WorkCore/System/Modules/Rosters/Providers/WorkRostersServiceProvider.php,3319,109c5b21061b8348bb7dce10223dd8bbdc5f11224735860ea49de7487f8b4ed9
app/Domains/WorkCore/System/Modules/Rosters/Repositories/EloquentRosterRepository.php,32383,5983b483e87ac91e826e5e1c00fe66bd887ea117e6bc40b923527d3180b71fd7
app/Domains/WorkCore/System/Modules/Rosters/Services/AvailabilityRulePolicy.php,1979,df9b9da6a91f903d5c21986440a05e057b046a9772c9a149b82378aa72bc3a87
app/Domains/WorkCore/System/Modules/Rosters/Services/RosterStatusPolicy.php,976,bb5c9138e447ce3a286a2af258bf6adeff2369d9da84823978c580a00ab9415d
app/Domains/WorkCore/System/Modules/Rosters/Services/RosterWindowPolicy.php,1261,15916e720ea003d3b3158eb98f7ef9a26f1dbe07a0d333febd8ad0bab0a7e2f6
app/Domains/WorkCore/System/Modules/Rosters/routes/api.php,1197,120ea617798fcfaddeb2a68cbd24756d2d683915f04b0fa99c7af77320f2b957
app/Domains/WorkCore/System/Modules/Rosters/routes/web.php,497,bc637d6429a6ad2a824b241521ba4a212058c2c9003677e3943d79a533ef4d2b
app/Domains/WorkCore/System/Modules/Scheduling/AI/SchedulingToolRegistry.php,377,ed96b2ed21bc5d8cd8f1a4f92b92fbd5714706921b8334dcde78d845b49c1f3e
app/Domains/WorkCore/System/Modules/Scheduling/Actions/ChangeAppointmentStatus.php,1509,fdf5ea79cad0cf68444adea6a6194f70f737b8a2eeed47b3e276aabdd46c77aa
app/Domains/WorkCore/System/Modules/Scheduling/Actions/CreateAppointment.php,1136,9bcc7763499f92aa8d862ba4f548b87db4f3a67a34faa8425d7d544156a913f2
app/Domains/WorkCore/System/Modules/Scheduling/Actions/RescheduleAppointment.php,1609,787e316d47c556dade0ce68bf96477d828920f5f3481983d40586afe59b0eac6
app/Domains/WorkCore/System/Modules/Scheduling/Actions/SearchAppointments.php,1810,1e52b0ec18708b63434f564d6abb2115ecfb65ab5c1421f37169e6704cca0f07
app/Domains/WorkCore/System/Modules/Scheduling/Contracts/AppointmentRepositoryContract.php,1239,354e9b8e80b92b2b91daeb8bdb3f1c8054767a7fc3b37da93816385e23e71485
app/Domains/WorkCore/System/Modules/Scheduling/Http/Controllers/AppointmentController.php,4097,1c126e8cc1434d898d1fe32b41cc702b49396d821c2d589e06873ce8c62024f2
app/Domains/WorkCore/System/Modules/Scheduling/Http/Requests/ChangeAppointmentStatusRequest.php,539,45899e9a56ebe7ccfcb826830e8de90ba6fdde2b4567008beb39bedb9eb5a888
app/Domains/WorkCore/System/Modules/Scheduling/Http/Requests/RescheduleAppointmentRequest.php,1032,62c113b50d635dc3f14fd1aacb293634f1469bfee849a7dfe9451d5fc3cd3744
app/Domains/WorkCore/System/Modules/Scheduling/Http/Requests/StoreAppointmentRequest.php,2722,a406b76b9697a53778680f39661c1ca2ca86c5fd0afbd8ca8cc09b9c6d93aa4c
app/Domains/WorkCore/System/Modules/Scheduling/Providers/WorkSchedulingServiceProvider.php,3048,8685584bd837df936c9ecdc16da06a5c4c5843c98dec7ee0bdc20a796b84bc44
app/Domains/WorkCore/System/Modules/Scheduling/Repositories/EloquentAppointmentRepository.php,28966,a66998e44b3a70e84da491e3364a18d0fca37aa0219121a426a591a03aac7db6
app/Domains/WorkCore/System/Modules/Scheduling/Services/AppointmentSchedulePolicy.php,1461,e89760ba97c9f6ad1df7ca848e2296db24ae11184e59b3e9bc2e5563ac01942f
app/Domains/WorkCore/System/Modules/Scheduling/Services/AppointmentStatusPolicy.php,1361,f8ed9efce8b14243b60e304358886f0d68e9c73380b1909869c195b1dcdac130
app/Domains/WorkCore/System/Modules/Scheduling/routes/api.php,855,7e28cc8355f5230392a230d602a941d0b4c74a39aa3b8ed47e5c7c55a540b44f
app/Domains/WorkCore/System/Modules/Supply/AI/SupplyToolRegistry.php,369,4c05a755a6fc96a2d6cbafcfc0002fa751573ec2a59c5b0deb355de63f3fe749
app/Domains/WorkCore/System/Modules/Supply/Actions/ApprovePurchaseOrder.php,1281,68071dadc3d25753173cbb17699634047df22d7585d242c506f1ac20c1650f0f
app/Domains/WorkCore/System/Modules/Supply/Actions/CompleteStockCount.php,1333,47084bd886e5d006db350e6e7e5ac1718cc85c0b1d0c994081cf66a33d5dd402
app/Domains/WorkCore/System/Modules/Supply/Actions/CreateInventoryCategory.php,1043,2daec8d3a10a2eb5ea40b2f8ac0fb0a72cd4e4dccc9a95a9354babef3a9e674e
app/Domains/WorkCore/System/Modules/Supply/Actions/CreatePurchaseOrder.php,1062,f8ae9173a7d9a924baf40b500a52945d5cd6ba28555195d8b85157d601092413
app/Domains/WorkCore/System/Modules/Supply/Actions/CreateStockAdjustment.php,1059,41158ca28db09b1f4d2937faa8339d039a783a16ee16c38467574396a95be332
app/Domains/WorkCore/System/Modules/Supply/Actions/CreateStockCount.php,1050,52c5d63bd0057688542490cea79a9cd0e6922c1ef0bec38c13a239069baf0e1c
app/Domains/WorkCore/System/Modules/Supply/Actions/CreateStockTransfer.php,1051,8aa219b6003a3b84686e1a3e22f3e2066788f6ec1515bc5b32c5d72e1d57470d
app/Domains/WorkCore/System/Modules/Supply/Actions/CreateSupplier.php,1040,4f208df75932448470ebc6711f6c5421d0961b08055cb018779b81c75857befa
app/Domains/WorkCore/System/Modules/Supply/Actions/DispatchStockTransfer.php,1256,b61b56b4f6fc7cac4a3c36ad39df8bd146bca19c0e4256f108919e45ded8129d
app/Domains/WorkCore/System/Modules/Supply/Actions/PostStockAdjustment.php,1258,8337804c56775ec0efac67ce6667f96de24009b0ea27beba7cfdcd5073d7f30c
app/Domains/WorkCore/System/Modules/Supply/Actions/RateSupplier.php,1306,4d0f8b7f3d902084c0ef2a8e4d9b8ca13bf508434ffaac9b9817c9f91082c35a
app/Domains/WorkCore/System/Modules/Supply/Actions/ReceiveGoods.php,1039,09658e9852469467fd4828da2bfdddf4a9e2bab365be85251b575cf97cd518ce
app/Domains/WorkCore/System/Modules/Supply/Actions/ReceiveStockTransfer.php,1252,1b8290707bfba4498776d395c339c437bc56aa5d4dae4306a80dca7fe04c57d3
app/Domains/WorkCore/System/Modules/Supply/Actions/SearchPurchaseOrders.php,920,3738e1ceffd3b2d119588c82c41e6a73c0aca26e32436f933725f9588a2a9281
app/Domains/WorkCore/System/Modules/Supply/Actions/SearchSuppliers.php,910,ffa6737c8c2f4539c7b95d34f518491ca0efd1a061f2c1b87a86345a55f19ee6
app/Domains/WorkCore/System/Modules/Supply/Contracts/SupplyRepositoryContract.php,1666,8fbec971063df2cc705d42e59360b165233767b94e25774cfd9c9fcd55c9b369
app/Domains/WorkCore/System/Modules/Supply/Http/Controllers/SupplyController.php,5459,278176d352b35b497af6fa940729e11c4489d3a2f4f2490ed9f2dab2429e6bdc
app/Domains/WorkCore/System/Modules/Supply/Http/Requests/CompleteStockCountRequest.php,576,faeaabc8200729068b00dc3212961524e8752be5433539b58513d6bb767d9c4f
app/Domains/WorkCore/System/Modules/Supply/Http/Requests/RateSupplierRequest.php,536,33387aa03f5b98c874964239df899a2148504ad2c92049b3312e972713bcb06e
app/Domains/WorkCore/System/Modules/Supply/Http/Requests/ReceiveGoodsRequest.php,1512,dfbace7136ef14b9e04637ada657178bce22933fe1f4736eaaf1f147c09ab80e
app/Domains/WorkCore/System/Modules/Supply/Http/Requests/StoreInventoryCategoryRequest.php,520,aa1abe8ec408a0838e7e27fcbdf2fe944bcd7a9bcc240aeeeb7b638702cd3a59
app/Domains/WorkCore/System/Modules/Supply/Http/Requests/StorePurchaseOrderRequest.php,1108,8569e7c73ca44e109023cd8c5ef5594e5a40b6670b466ea6938addc259857f32
app/Domains/WorkCore/System/Modules/Supply/Http/Requests/StoreStockAdjustmentRequest.php,907,6f1e86c5731fd3e2e272a74cf798ed0d5fe4126d17addf37a3a0e6288a13b0db
app/Domains/WorkCore/System/Modules/Supply/Http/Requests/StoreStockCountRequest.php,528,13d2e0230ad281387d82ea1307c324e2092cb099c3622a6ec96a89c2aaa770d7
app/Domains/WorkCore/System/Modules/Supply/Http/Requests/StoreStockTransferRequest.php,785,f8e9abe30e61f3ea74900934e67422efd5dd10835ece8ca2bc3b9f06b5f5a55a
app/Domains/WorkCore/System/Modules/Supply/Http/Requests/StoreSupplierRequest.php,909,b66f0f8670c497ac84b13c4f20aa8015166e2ba5220e77ed9759658cf78c4068
app/Domains/WorkCore/System/Modules/Supply/Providers/WorkSupplyServiceProvider.php,3309,2ac9b146c08b5125a343f3b6d6c48e02a45b7921dbc5a001cdade33e161d9bc1
app/Domains/WorkCore/System/Modules/Supply/Repositories/EloquentSupplyRepository.php,43415,bd0641d62ae997f4e6cbb28a0820af5789a51779eb057a753a8bdee63277ac31
app/Domains/WorkCore/System/Modules/Supply/routes/api.php,2093,653d8f57afb3311922a092df53332baaa9c0fb9f00cf9967f9d49e06dd3b4169
app/Domains/WorkCore/System/Modules/Support/AI/SupportToolRegistry.php,2416,ce2b438e50fed6aab96a35cdb11f7192166b9ff6a8ffbf18d6cab93b5ad6ab4e
app/Domains/WorkCore/System/Modules/Support/Actions/AddSupportTicketMessage.php,1077,3162e5f124ab13c3ee4c3f11a59ab48a17cc96547361da338134b451b558a2c7
app/Domains/WorkCore/System/Modules/Support/Actions/AssignSupportTicket.php,1035,3e414f7dbbce37d253ef87b7575d06775cec4b9f81baf0be68412a422f2adcd5
app/Domains/WorkCore/System/Modules/Support/Actions/ChangeSupportTicketStatus.php,1053,50ae298b19e64cd73eea2aaee5b818a20519a1e7df127956776c6e4b399a461d
app/Domains/WorkCore/System/Modules/Support/Actions/ConvertSupportTicketToWorkOrder.php,2754,c13a6f790c6fef655ecf0c18489d32d675e56e60c7772cb056d1768277634c2e
app/Domains/WorkCore/System/Modules/Support/Actions/CreateSupportQueue.php,977,edef46d6d543794e02f829cba64afdd55af95e5c4501c1fb6f9c3c57de4de862
app/Domains/WorkCore/System/Modules/Support/Actions/CreateSupportTicket.php,982,52baf56453a642063276fc090635a79bc4a731b16265433ec9e2c1fa60cb067e
app/Domains/WorkCore/System/Modules/Support/Actions/SearchSupportTickets.php,588,9a86bd207ec24b87a7215f9fd6942af313d4c91fd2fb62a7376c2dc69bbc9788
app/Domains/WorkCore/System/Modules/Support/Contracts/SupportTicketRepositoryContract.php,994,a812ea1ba8741324035b2ed46fe760d181ae2df4096044d11e18f380545bf3b9
app/Domains/WorkCore/System/Modules/Support/Http/Controllers/SupportTicketController.php,3440,cc8244d60169b15ccee0d45e9662c746f1ec0f430bb7f55baf56c73bb5f3e79f
app/Domains/WorkCore/System/Modules/Support/Http/Requests/AssignSupportTicketRequest.php,390,ac6cde9dce700abc3c4e199428b3f5cf46c574dce8f9235a52d1bcd9417b31d2
app/Domains/WorkCore/System/Modules/Support/Http/Requests/ChangeSupportTicketStatusRequest.php,467,c675e8f1333c502d0511583fd80309118250f49f44358f5c451ee01eea2a0e7a
app/Domains/WorkCore/System/Modules/Support/Http/Requests/ConvertSupportTicketToWorkOrderRequest.php,500,3e321f6976b866a2a3b5d496b66a2b50a0d48fe44df393d6735bf844a468b82b
app/Domains/WorkCore/System/Modules/Support/Http/Requests/StoreSupportQueueRequest.php,763,a19017f0774d20fc8f9904e94f534e33327ab8c6b470733644e9433e283fda36
app/Domains/WorkCore/System/Modules/Support/Http/Requests/StoreSupportTicketMessageRequest.php,683,a57003df57a30bf1b8821675006b62be857197b27f81830c831dd9653dc7b50f
app/Domains/WorkCore/System/Modules/Support/Http/Requests/StoreSupportTicketRequest.php,1694,8fe48f5c6aead9ebf31f4a5861d16bb1e1e3eeda6907e1ec7940ec6f8562c31d
app/Domains/WorkCore/System/Modules/Support/Providers/WorkSupportServiceProvider.php,2844,6fe050ec200b16801d3f1f10cb0c8501784415910e0d02c561d63d91e2364323
app/Domains/WorkCore/System/Modules/Support/Repositories/EloquentSupportTicketRepository.php,25049,39d7c7acbade0bd08011f39868753f8f4ad2f16e8e1fe64466e0879eef2f0dd8
app/Domains/WorkCore/System/Modules/Support/Services/TicketPriorityPolicy.php,865,358668b5a58290d4c956ff2f8fe4fb2ce6aa664dadf0536802f0d65dc9e5ceea
app/Domains/WorkCore/System/Modules/Support/Services/TicketStatusPolicy.php,1832,597989375347b31464d61299b3390b54d6ad0daee8900974fa34ca88ff29fcbd
app/Domains/WorkCore/System/Modules/Support/routes/api.php,1189,fbdd58d8136b152d71e00b9787563e8cbbef8eb5f2851c4965e7c5e63d025f82
app/Domains/WorkCore/System/Modules/Territories/AI/TerritoriesToolRegistry.php,379,6005af50b5807bd08a4cc99909cb7c2b94d21cd9d9d07501882977d1731cff2a
app/Domains/WorkCore/System/Modules/Territories/Actions/AssignTerritory.php,969,6795f0d10d1f1e026722d5b6256bb2cac603d858ffae624069af4be98fc08e5d
app/Domains/WorkCore/System/Modules/Territories/Actions/CreateBranch.php,954,5a2843a9e9d3718d7f7e85b5fd2fb433e6185e50243703e73aac9dff983bada0
app/Domains/WorkCore/System/Modules/Territories/Actions/CreateDistrict.php,962,2b250532d009f7ea53d4e377c8bc6c84d1e5dbe5a18ea7f8774c12201a0121db
app/Domains/WorkCore/System/Modules/Territories/Actions/CreateRegion.php,954,d428cfedeeddd6780c4b116e5507d8847cba57c2fcb6b4532b3ac3e78610b91d
app/Domains/WorkCore/System/Modules/Territories/Actions/CreateTerritory.php,966,a34acee46146aa0f59ccc0b96a8d4c1ad3a38895bf108c12ea0890fe757a55b2
app/Domains/WorkCore/System/Modules/Territories/Actions/MatchTerritories.php,905,94b873dba620caf94c150614d7f70c4cf55e5b4493cc40c0618c132d976dcb7b
app/Domains/WorkCore/System/Modules/Territories/Actions/SearchTerritories.php,1003,9ba30c369b539b04f3be3ffe32bb16526e843057c9bddcc3de78b58327c624ec
app/Domains/WorkCore/System/Modules/Territories/Contracts/TerritoriesRepositoryContract.php,302,355ba9c3926cdd08e9198fa00418d3cbad011b33e9c4601bd76bf4127adcc3e2
app/Domains/WorkCore/System/Modules/Territories/Contracts/TerritoryRepositoryContract.php,1051,4b53e1e86c6371e71abf01ae8a3ca2f6f0e1058d6fffee8a16721b33c57668f3
app/Domains/WorkCore/System/Modules/Territories/Geometry/GeoJsonCentroid.php,2140,b683c67c5cb2427344eb16dd4e9ebbb2f9ad6a08632b07f3f200838989335bc8
app/Domains/WorkCore/System/Modules/Territories/Geometry/PointInPolygon.php,2242,12744064628b4b8331c4712c784fe2b634e0702dd5f9c6ac0767d7bd06b71127
app/Domains/WorkCore/System/Modules/Territories/Geometry/PolygonGeoJson.php,2966,4a6bd106d95e698ee38ab0c4b488f2ce2f1961af39b38126c9b7033983aa8d93
app/Domains/WorkCore/System/Modules/Territories/Http/Controllers/TerritoryController.php,3322,3a110842b73f8521612977883a635d76373173d52421d40b2ba5f1d8bdd94f0c
app/Domains/WorkCore/System/Modules/Territories/Http/Requests/AssignTerritoryRequest.php,732,82aa5a7ba171325524d52a931e4ac4e9565e07ae258356119dc174a7d3f1825b
app/Domains/WorkCore/System/Modules/Territories/Http/Requests/StoreBranchRequest.php,756,508b6d8bf0bdef165cac4f3a088de2989393dd395475fe72afb4247b460e18ce
app/Domains/WorkCore/System/Modules/Territories/Http/Requests/StoreDistrictRequest.php,622,d9fc80b55ba5d5723f9fc4c232c451b0273030e31b54c4e2ab3deb6ca58c1e8a
app/Domains/WorkCore/System/Modules/Territories/Http/Requests/StoreRegionRequest.php,604,dde87986bc79b91063c17a239c87d069f8fa39f0555cd58423fd6e2362d2fbac
app/Domains/WorkCore/System/Modules/Territories/Http/Requests/StoreTerritoryRequest.php,3573,20d4ad202951831fb058e2ab7a043e402f7c665425bc22fc9bb8a879c81afc8c
app/Domains/WorkCore/System/Modules/Territories/Providers/WorkTerritoriesServiceProvider.php,2802,1d5b39c12ff0d711ea3f666880c0bd75fc7c3673303dde2b9bfd650c50d163e1
app/Domains/WorkCore/System/Modules/Territories/Repositories/EloquentTerritoryRepository.php,12931,17cf8ee322f70f4b356dbeb2713549b8e6d211ae75eb268764510ffc1a745dac
app/Domains/WorkCore/System/Modules/Territories/Services/TerritoryHierarchyPolicy.php,1097,2ed7791ac3ed720377a09ed43b67fee3495546247a0742ee881ad70410d057c5
app/Domains/WorkCore/System/Modules/Territories/Services/TerritoryMatcher.php,5028,b3d26712933b048c721e5d50142f926f6bb3162b8691638086156e6d3b93cb2c
app/Domains/WorkCore/System/Modules/Territories/routes/api.php,1046,1c9edae7890a83afdc9f289f437eae22d5d26f6214b3a1b346a21661428a4bfe
app/Domains/WorkCore/System/Modules/TitanVault/AI/TitanVaultToolRegistry.php,707,b8a0d86e855132d5ce347f9cdeca3cc98069030f6824cd74164bbc8cd3bfd1ee
app/Domains/WorkCore/System/Modules/TitanVault/Providers/WorkTitanVaultServiceProvider.php,790,ddfbca2882472dfcd3d3fda5b20ba766eebf937a102b49e37c7d8541c188ea09
app/Domains/WorkCore/System/Modules/TitanVault/ReadModels/SearchVaultDocuments.php,2574,23c4fb372990f517b23fb07caffef3328cb6235ee3d0f037540fd674f64dd3f1
app/Domains/WorkCore/System/Modules/Wizards/AI/WizardsToolRegistry.php,1813,faf87590770caf8d88ad9f5a717f0283570f71266342f0c1c50c40df5b91625c
app/Domains/WorkCore/System/Modules/Wizards/Actions/ApproveWizardSection.php,960,2a6fb0d0c6383829adbda692a43df52d2b387b66225847aee833886128c5a485
app/Domains/WorkCore/System/Modules/Wizards/Actions/CompleteWizardRun.php,868,0c2e103d208cbe03cc2983ae3667437a38a87ea9938e852a1a1a2b119387b3f3
app/Domains/WorkCore/System/Modules/Wizards/Actions/CreateWizardDefinition.php,912,ae895bb6404509f18291b71c6f16bb8ae87aa47131d5d34eb46166720a0d5e5b
app/Domains/WorkCore/System/Modules/Wizards/Actions/PauseWizardRun.php,1008,5425f833f5613fcd80f2d6e2c26dbf96920b4c69af26951ef366fa55805c070a
app/Domains/WorkCore/System/Modules/Wizards/Actions/PublishWizardDefinition.php,948,5a4a3431b4994ff9ab3e153d2e1b61fad183b5ea7f280540696d2205feddc5a5
app/Domains/WorkCore/System/Modules/Wizards/Actions/ResumeWizardRun.php,1015,fbb7187e1e42909417f56ef0c0db9b58e8c76b7fcab94793db34f08bb0688b35
app/Domains/WorkCore/System/Modules/Wizards/Actions/SaveWizardAnswer.php,1270,d7f05c8c37ed37e90bbaffee15529092caf38bb580e489d4e587037992a5b2ae
app/Domains/WorkCore/System/Modules/Wizards/Actions/StartWizardRun.php,983,7a5ca3348963296ac39a0d9017193dfbd5022a6fdc5a567ad8701461197ca53f
app/Domains/WorkCore/System/Modules/Wizards/Contracts/WizardRepositoryContract.php,1027,69b7656d64bff61b860ea8ba796bd8041f559e808eae11723cc87d02a32e3187
app/Domains/WorkCore/System/Modules/Wizards/Http/Controllers/WizardController.php,3768,08af9c1b01014bb329141cee35cb72fe9fdfcfca4ae3160feb6ec47292a57c95
app/Domains/WorkCore/System/Modules/Wizards/Http/Controllers/WizardPageController.php,712,1df68f41ce78bcf9e49eb065271e50e615b59fd44de7e0dbbc9bdc8a2fab095b
app/Domains/WorkCore/System/Modules/Wizards/Http/Requests/ApproveWizardSectionRequest.php,384,ae579e411f14bf2cf757b938df42df6691c27dd68435b94828ddae7675eb537d
app/Domains/WorkCore/System/Modules/Wizards/Http/Requests/CreateWizardDefinitionRequest.php,740,037e02f3116f6551c66e182e5c914e931d77d71bfc313025fa1662cfc9431205
app/Domains/WorkCore/System/Modules/Wizards/Http/Requests/SaveWizardAnswerRequest.php,624,ff5b7596957cb6b8c17313970ef6589fd6e357dc3e1b8e5a688555340210d1fa
app/Domains/WorkCore/System/Modules/Wizards/Http/Requests/StartWizardRequest.php,483,7d16f3f9a59eeed19f50b707f48d242d7788419ec4cd95591e89d4418bceef05
app/Domains/WorkCore/System/Modules/Wizards/Providers/WorkWizardsServiceProvider.php,3686,4c264058c929e331571cac08dff7c88de61368f734ecc963ecb1354e86093cf5
app/Domains/WorkCore/System/Modules/Wizards/ReadModels/GetNextWizardQuestion.php,395,96ff89d7c105f2c333fa80fa0781c9d123eae548e7af885a3b9b8e34e52efa71
app/Domains/WorkCore/System/Modules/Wizards/ReadModels/GetWizardRun.php,388,867d5d92bc9d72df91de0810c066a73752b1b8d096636cc3321fcc64115ad06b
app/Domains/WorkCore/System/Modules/Wizards/ReadModels/ListWizardDefinitions.php,535,ab4df0806a5198a0ff6af4df8f14e6aae58d10949ea2f1d0486c5fbef9160595
app/Domains/WorkCore/System/Modules/Wizards/Repositories/EloquentWizardRepository.php,7656,a8c845a6f5756575c4f2363119868d7ac04a436bd73c12e82dfa9446954ead9d
app/Domains/WorkCore/System/Modules/Wizards/Services/WizardAnswerValidator.php,1397,f94623e04526eaf3d13f511dea71664867c2b2b31218a9c269dd76ab2a8a07e5
app/Domains/WorkCore/System/Modules/Wizards/Services/WizardBranchEvaluator.php,1480,b0914edc2b6434d9c4c0ad326ce88d335de459ab4697fa8f0d161a3350077a97
app/Domains/WorkCore/System/Modules/Wizards/Services/WizardDefinitionRegistry.php,1526,04ffd6a5c0da90686b78c3d267ea3664d982cd985830d1a4e3d494f3f7f39e3a
app/Domains/WorkCore/System/Modules/Wizards/Services/WizardRiskPolicy.php,809,2094976bc9327f900af55777e48155eb29ddcd373f21cb106ae524c24bfe3304
app/Domains/WorkCore/System/Modules/Wizards/Services/WizardRuntime.php,6005,052c38bff5e7155f323bcbcf4e1851edf2fc83f4d8b196418b9f3bc3f9c69c9a
app/Domains/WorkCore/System/Modules/Wizards/config/definitions.json,87544,70e721346b198927f6ccf4f67177755251d2b621d7884e456d95422c78487bdf
app/Domains/WorkCore/System/Modules/Wizards/config/definitions.php,144,f63884b9fb1da9b09af77d03210176a2f5e9746e934c68b5a6fdfcac81053e03
app/Domains/WorkCore/System/Modules/Wizards/config/excluded-settings.json,2427,be522b884f77bd62d5f4c6a903e58a5d2a0814434a375e5a4612b740ac53182d
app/Domains/WorkCore/System/Modules/Wizards/resources/views/index.blade.php,1041,2402cde3886e3bcbfb8532ab4fac9bc2ff55d1b5783155def9c36f241a39730a
app/Domains/WorkCore/System/Modules/Wizards/resources/views/run.blade.php,9440,8eedc567a47b8e165d13f8cc299ced7f27ae6440cbcbca87a2f775d990461a94
app/Domains/WorkCore/System/Modules/Wizards/routes/api.php,1168,36a5f992b8314d0b43fbbe55c8866e7161df78a5c911390f4fde8e499a16703e
app/Domains/WorkCore/System/Modules/Wizards/routes/web.php,495,273e60b3e760a37dc7bd6355e339af73e460b1633f27cde311750808d8d74a9c
app/Domains/WorkCore/System/Modules/Workforce/AI/WorkforceToolRegistry.php,1539,4dbbe232b7ef4f1a87f5fda84dd2a823d014546f0e3d7652f24582c51f00d21c
app/Domains/WorkCore/System/Modules/Workforce/Actions/AddWorkerCertification.php,1024,b3a8789ffe256237c28e371d6530cc7dae6c5e8fd741552e4c8ba276ada48bab
app/Domains/WorkCore/System/Modules/Workforce/Actions/AssignWorkerSkill.php,1001,779937d10e109475e1fa57a12775b7a73e064ec1d37b3f2563e45b416bff3f23
app/Domains/WorkCore/System/Modules/Workforce/Actions/CreateSkill.php,933,51f2c8e5739c46b411c0981f5f305e2f8982bdcd8de78a93b31983b6bcb2741b
app/Domains/WorkCore/System/Modules/Workforce/Actions/CreateWorker.php,938,0b09d7d6542667ef70b1d8e76a380744d9a0838948e4eed4b5aacdae03a3c6d9
app/Domains/WorkCore/System/Modules/Workforce/Actions/SearchWorkers.php,603,449ab7330bc9dbe1bcc7968e6376716f37081f1deddeff71bfa81c5ed5d63e12
app/Domains/WorkCore/System/Modules/Workforce/Contracts/WorkerRepositoryContract.php,727,73d8379ef1a6f633cf23450e722b126967914a13e954c7657bdb1639d03808fc
app/Domains/WorkCore/System/Modules/Workforce/Http/Controllers/WorkerController.php,2440,006e2dfe360f29ab98678254de500fc8c39babd96bad94fb7116a4403ab62be7
app/Domains/WorkCore/System/Modules/Workforce/Http/Requests/AssignWorkerSkillRequest.php,557,4ddf779afefa5799ae7a840ad46970d47bd93b4a1158becc1d55455198ccf824
app/Domains/WorkCore/System/Modules/Workforce/Http/Requests/StoreCertificationRequest.php,735,3ba0c31b11bb0767df718c6ac533f8946c00cf69c87983c4a1734fc5179cd358
app/Domains/WorkCore/System/Modules/Workforce/Http/Requests/StoreSkillRequest.php,543,e4748ebfe17661d3b319c7ed6b7fa0c21edab0e70b6cd85e5f2c258cff00beaa
app/Domains/WorkCore/System/Modules/Workforce/Http/Requests/StoreWorkerRequest.php,1407,0ee48db7edf621be9fc84d8585cd23ba9d89fac09497e60e3f3f6404373452f8
app/Domains/WorkCore/System/Modules/Workforce/Providers/WorkWorkforceServiceProvider.php,2192,308ea2cfda05ee88c3957ac48bb3e6c4d82e3f9d763dc434207cc8dc1b5e63a6
app/Domains/WorkCore/System/Modules/Workforce/Repositories/EloquentWorkerRepository.php,7344,729da335fe06adb1c88ca69da9144ca228c39c036808f853fb3808441fb8701c
app/Domains/WorkCore/System/Modules/Workforce/Services/CertificationStatusPolicy.php,607,e519970df93b64838579f8bb558b052023d4c9800823f796fc98863bfc9081ed
app/Domains/WorkCore/System/Modules/Workforce/Services/WorkerQualificationMatcher.php,1390,ccb09e8ba7e6ec2a9429c6b887be2c9d9800b87ceb7b48a9d1571968168fb677
app/Domains/WorkCore/System/Modules/Workforce/routes/api.php,822,76db3922277524feb5b181d7f1740f9b2ea507a3d9bea287807deecdd72f8343
app/Domains/WorkCore/System/Notifications/NotificationDispatcherContract.php,196,f1e2e8bb2b449b0135c38a0baf17f6fcbb8bcb1fd2b8f24d0b6eee05b70d847a
app/Domains/WorkCore/System/Notifications/NotificationIntent.php,806,58d724ff0b8bf2ece9220cb072824ae791547dc6124475cb6d0fc39411ecaf9d
app/Domains/WorkCore/System/Outbox/DatabaseOutboxPublisher.php,3680,30ba38fa5a9e383a4fd5dfbd647cde49c4d308bf855efea9b4efba8bfd40a533
app/Domains/WorkCore/System/Outbox/NullOutboxTransport.php,439,e7190e10db6d18d08bd971a43d12c9b0e0a66d382bb89af2b8bbaacd0076b591
app/Domains/WorkCore/System/Outbox/OutboxMessage.php,473,184091899d830c9d9cc56257a3badd47081b33d01130103a59e56239a0cafffb
app/Domains/WorkCore/System/Outbox/OutboxPublisherContract.php,242,249f6c5b8c26c9199422a69d80ad256a7887cd63cb11a3247f276b01054722f1
app/Domains/WorkCore/System/Outbox/OutboxTransportContract.php,177,ac329e2f84723c5ab705fb82d29d9b5fbd7472f17e1fcc64c1973c0b7cfa7dc0
app/Domains/WorkCore/System/Permissions/DenyByDefaultPermissionResolver.php,596,2d71106df7dc1e4e7535bdb19ad15fd0cf3cea4e8bafed6d6a8d1d62dac7de27
app/Domains/WorkCore/System/Permissions/MagicAIPermissionResolver.php,2481,8966896130cb8d79310a93030732b604e6f36eb4e2bade9a2b76403acec741b0
app/Domains/WorkCore/System/Persistence/TenantScopedRepository.php,1197,8e47dce777a5ec8d8cb812ac73cffa7bfbc5186edcc77d77ba5b0e55d8c79387
app/Domains/WorkCore/System/Queue/CarriesWorkCoreContext.php,252,a31d6d342d787aaf2c0e4edfc2aeef83bd5047946550b22989e8fd1b46b8c0b0
app/Domains/WorkCore/System/Queue/HasWorkCoreContext.php,640,1e0903af9c44d9713370ea55c1e583efef4db056fba4696269a630815d63388e
app/Domains/WorkCore/System/Queue/RestoreWorkCoreContext.php,2059,51923d428763916b61d9a7742daef3268aeb58b93fa98468f408dce371c13f4e
app/Domains/WorkCore/System/Queue/WorkCoreContextPayloadFactory.php,863,9a54523d7e00089cf951668d4ed6fca4759ed79ffc100d1edf399a442204c7be
app/Domains/WorkCore/System/Queue/WorkCoreJob.php,1019,1b1eb042e6c07b0a173b8be9e81fd910c1decc26fefaeeb7fe52e75241c37c0b
app/Domains/WorkCore/System/ReadModels/ReadModelDefinition.php,615,912515db01891ff21fc346c01043d58d140d6c184b6ec77efb61167a16efab76
app/Domains/WorkCore/System/ReadModels/ReadModelRegistry.php,959,6e41811a058b2a85cf8a3bb5807396e227c0455cc17b1670f3f97821c572819f
app/Domains/WorkCore/System/References/RecordTypeRegistry.php,1116,b11b35889975f2aee28ab80f53e3659d36346734abe4a30faaccab006bb71f75
app/Domains/WorkCore/System/References/TypedReference.php,792,0fa03068ce9281037ea04e12700c699fbca1dd465bca84743906cbcabe721af2
app/Domains/WorkCore/System/Registry/WorkModuleRegistry.php,2239,c31d967d750eecbcb14a033121e20d8e6f7959f838cd6740b226c3ea8daf7501
app/Domains/WorkCore/System/Support/HasPublicId.php,384,bd38e96c7f40866b19ba1349e1b060a08254554ccf45a603106bf6640d346cde
app/Domains/WorkCore/System/Support/helpers.php,1842,65076bf7f1c1b5d948af17097573484e2e53f5e30f9ab074745098a7a87b355c
app/Domains/WorkCore/System/Tenancy/BelongsToCompany.php,1536,38c19c291e8c323f7ce5fa6b3c56b6befbea2cc3c5ed7a2147e7c00d1db27dfb
app/Domains/WorkCore/System/Tenancy/MagicAITenantResolver.php,1411,0de1a8491ad2ff0c2759a1ae41f372cc1908b0d74d373ed9aa94352d02bd0c05
app/Domains/WorkCore/System/Tenancy/NullTenantResolver.php,317,aced2618b10470dbccc8ac7be68b80c084b75a9773b42ae83a6bf0e8a9189fdc
app/Domains/WorkCore/System/Tenancy/ResolveWorkCoreTenant.php,2881,ade5afa15e192c3e3526c0af8ce3ee55f7e619907dafe63e85d7772734e91969
app/Domains/WorkCore/System/Tenancy/TenantContext.php,1225,845411a6f59f9a36b5859a7f86efc49453fdf37430bba969038a9483946e02a3
app/Domains/WorkCore/System/Validation/CompanyScopedReferenceValidator.php,1874,a49ef9d978f04d6cd08cce2307ddafab97d90431f6321d8620af3ebcfa94a04a
app/Domains/WorkCore/System/Verticals/Actions/ApplyVerticalSetup.php,1434,694a1f2d8afc79c7d4bc0e42bdf2572b4aabb0d8390cc4e1c50535ac4e49ddc7
app/Domains/WorkCore/System/Verticals/Actions/PreviewVerticalSetup.php,1191,d95af09ef472797d78c221bbb54266f748f1e0de950387d7693b0dc3b2d41208
app/Domains/WorkCore/System/Verticals/Actions/UpdateBusinessLine.php,2865,63a98bd99710b6521b5b7daabe091a60074eed8d17ad2906130349cd0672fb0d
app/Domains/WorkCore/System/Verticals/Codebooks/CodebookRegistry.php,2514,a9b8084c0e6256c8e2d1e7d45ad28a70ba60b68819c03550ef6161814494dcf9
app/Domains/WorkCore/System/Verticals/Codebooks/CodebookResolver.php,2211,5346a7a53de8581f90053464824c9ae8a72cf9cc3b1d80502ff6b76cf23ae8c0
app/Domains/WorkCore/System/Verticals/Codebooks/VerticalValidationRules.php,2593,341461c9e562ec69d51cb2f989eae2076221fc61e97975331b6fc5c99b37d3f8
app/Domains/WorkCore/System/Verticals/CompanyVerticalManager.php,6845,a2c4cde7c3b69609cc743a43113265a5e7174c9aad5839bf13414f043cc2ba34
app/Domains/WorkCore/System/Verticals/CompanyVerticalProfileResolver.php,3512,f08cbb088a0282546d4d38a0d825248e3f17e800d98c271de9e0e9dbce11538e
app/Domains/WorkCore/System/Verticals/CompiledVerticalProfile.php,1877,08b69d07a1b860406bffe4dc4796702527c2ea53972b1c3ea10590656c125375
app/Domains/WorkCore/System/Verticals/Operations/Actions/AssignWorkerBusinessLine.php,6300,ba4e26adadd308586635bafd71e9baee6f449e0f4493de96b27fd007b7c275bb
app/Domains/WorkCore/System/Verticals/Operations/Actions/IssueWorkOrderCertificate.php,9522,4f7442a5d9f06fa37e5bc99f83d95448c2613dcad416c53194e2e7bffab2ef6a
app/Domains/WorkCore/System/Verticals/Operations/Actions/UpsertTradeLicence.php,7258,c7c41a84623ee7342bb205175c67801a928f40abd3dde465133c3f4221f7ce00
app/Domains/WorkCore/System/Verticals/Operations/OperationalBlueprint.php,1114,abfc0b0cd4619d782c918b91d2e4b306bafae68419dd2dcf0b96d511d56d1951
app/Domains/WorkCore/System/Verticals/Operations/OperationalBlueprintCompiler.php,4729,0a3043737a5866d1809e86c7ea6efef556d4d1fe29589006b0f5a9f6c9608007
app/Domains/WorkCore/System/Verticals/Operations/OperationalSeedInstaller.php,17967,0d98f02b3da75f0462fdac479093c527ec8f3a38c8769c0f21e407064a422e9f
app/Domains/WorkCore/System/Verticals/Operations/ReadModels/ListTradeCompliance.php,4759,3dc4b7a1351ef48356405de8b90ac2f842cab021608309f28c8e3ef7c0a29657
app/Domains/WorkCore/System/Verticals/Providers/WorkCoreVerticalOperationsServiceProvider.php,15049,ae0f22c6b3bc820cfc4b8197551764d7ed35486783d07b3cfe8dea3df5b22290
app/Domains/WorkCore/System/Verticals/ReadModels/GetCompanyVerticalProfile.php,3001,0a0cc15b35c1cce98d1d32fe152adbe44ee0d53c690ca696415dc63b889a1eb6
app/Domains/WorkCore/System/Verticals/ReadModels/ListVerticalCatalogue.php,1772,3ff8fb38aba3d9eb0604105de6078cccfda4b9dc17fcd3fcdb9b292a354a1b32
app/Domains/WorkCore/System/Verticals/Setup/SetupAnswerValidator.php,4757,3136c4f774fb2df4855eb203f34aa5fdcb962a670fac19e7f91e2b6d73632d19
app/Domains/WorkCore/System/Verticals/Setup/SetupQuestion.php,4346,a1888ac8a8f070239e11bff6442a9cf3519f6b5b4faf91d29080b617146e49ed
app/Domains/WorkCore/System/Verticals/Setup/VerticalSetupApplicationService.php,14689,9d3c78503043f42e8b63180a944436327ff97a7ddb34bbd1260688f7d94c3332
app/Domains/WorkCore/System/Verticals/Setup/VerticalSetupPlan.php,1531,7b61821586aba3ad05ea49fb0943fa5d5180b4e0f968f31bbca10b2abd35e4bd
app/Domains/WorkCore/System/Verticals/Setup/VerticalSetupPlanCompiler.php,7913,8805d44cdc107612990a3ebe57b3c911d264e97e12d87ef3a232b73f1d78c794
app/Domains/WorkCore/System/Verticals/Setup/VerticalSetupQuestionBank.php,3779,dfa211d30888430ffd2622489c1630ecfadd01727e378fe1b6531dcdae673270
app/Domains/WorkCore/System/Verticals/TerminologyResolver.php,674,bf7acde766694b697e240abc92aba3fc61518676e592400c5a80024d3e68dd1d
app/Domains/WorkCore/System/Verticals/TradeCompliance/Actions/AddWorkOrderEvidence.php,4100,0947d633eb488e0baeb24bda76defe8bac7203230fdb4fd782329a2b0392a297
app/Domains/WorkCore/System/Verticals/TradeCompliance/Actions/CreateWorkOrderCallback.php,4314,9cbf2d52bf20a9ccf89740ffe3f7516a407d07904dd057f7c425a16c6fb2ca00
app/Domains/WorkCore/System/Verticals/TradeCompliance/Actions/PrepareWorkOrderCompliance.php,4107,d5a0350f75f16b1887f5f2c12b03f6835bc79cc23b1b3302c9796dd80ab339c2
app/Domains/WorkCore/System/Verticals/TradeCompliance/Actions/RecordWorkOrderPermit.php,3122,6fc2f9e415d1546791281db8c02c56e319e5316a56ca3475497927e28c3355ed
app/Domains/WorkCore/System/Verticals/TradeCompliance/Actions/RecordWorkOrderSafetyControl.php,3063,e146e10023275c45cfc9b3c68f5737ae3c6df4bd21fbbcfb279804eed3ab8532
app/Domains/WorkCore/System/Verticals/TradeCompliance/Actions/RecordWorkOrderTestResult.php,5483,f6cbcbccb7530749d0ac5d9f2e2f374d4a8501b8a2a31c0e21e1a9724d4c2f2d
app/Domains/WorkCore/System/Verticals/TradeCompliance/Actions/RegisterWorkOrderWarranty.php,3008,968237246f51baf0878807e42dee47a1b812ce826f9c3f095378495d9ebd8c34
app/Domains/WorkCore/System/Verticals/TradeCompliance/Actions/UpsertTradeComplianceProfile.php,4962,4e754248104b30062bca0fa1eeae2c477f7915bf93b7f15274424d867d468935
app/Domains/WorkCore/System/Verticals/TradeCompliance/ReadModels/GetWorkOrderTradeCompliance.php,5790,c883b4740da5697e88abff5386d3a71e4c9b13409f38f2ad12d89b0b292d56fc
app/Domains/WorkCore/System/Verticals/TradeCompliance/ReadModels/ListTradeComplianceProfiles.php,2579,3556de77eb3eb0c115d3ac051d24a24fee80628be4c44fc782e661df24107d02
app/Domains/WorkCore/System/Verticals/TradeCompliance/TradeComplianceActionSupport.php,2824,2f1a1d7f74825ae4b6642753c8e7e5ef58bc207231653e69082dbe30da35c09e
app/Domains/WorkCore/System/Verticals/TradeCompliance/TradeCompliancePolicy.php,5453,3596c584478275cb9a312d3cd4ce3c5df8ffd906ffb5b200240d195213595767
app/Domains/WorkCore/System/Verticals/TradeCompliance/TradeComplianceProfileResolver.php,5292,844dec96434584ad23c86b369b21dbf191ca6b100a32107248ee4927129dfff9
app/Domains/WorkCore/System/Verticals/TradeCompliance/WorkOrderComplianceGate.php,6055,72a72b7786355fa48a4cdae98c407890cecc99b0db6336a93ca8bf902f2045f5
app/Domains/WorkCore/System/Verticals/VerticalDefinition.php,5392,3511e35e691328b4c946faf57fdbe9d5f7b871312df862b68946c0bb20d1b672
app/Domains/WorkCore/System/Verticals/VerticalProfileCompiler.php,5940,5c9f832683c3e1cdf07ac3535f244be0ddd3742b7fcccb6a1ad3d8d264d48b38
app/Domains/WorkCore/System/Verticals/VerticalRegistry.php,3201,922a578595b9f03a197cd50a2eddb441074dddb5b4df5f5fd0ca65472806dcc9
app/Domains/WorkCore/System/Verticals/Workflows/WorkflowResolver.php,878,d12d9b82c1c1b408603df11ae4dd26918a5d9d07ef547e13db26d6d99caf0310
app/Domains/WorkCore/Verticals/Definitions/accommodation_core.json,2922,c4d681a0c80b5ecaa5329cf81085dbc2d8ef66d6cd6ed02b0f20c393a41c6305
app/Domains/WorkCore/Verticals/Definitions/cleaning.json,2747,3c52151c30fa005214a667d11c18e4964a06f4b41776798e6a776c872f0faf3b
app/Domains/WorkCore/Verticals/Definitions/electrical.json,2579,1272b68ed15b03ecdf933ef35504b53ab64b6c24460f921693d8e87be32f8943
app/Domains/WorkCore/Verticals/Definitions/facilities_management.json,3173,f10e8549d1241797e93156533497921cf8ff56f070d238527cdc8ddfef312185
app/Domains/WorkCore/Verticals/Definitions/field_services_core.json,1805,5b9e7ce81cdb72282b2a5632c110529ec3283c53a5fa1e89e88af3bcaa007245
app/Domains/WorkCore/Verticals/Definitions/gardening.json,2262,5baeea51adeba33419ce25fec93fad719c27f6612e1babe844e782cc944eca86
app/Domains/WorkCore/Verticals/Definitions/handyman.json,2234,7d575c10c81e0f86e21a4159602160d1399213b3c01b02e143f336b9d7d429b0
app/Domains/WorkCore/Verticals/Definitions/hotel_management.json,3496,7ce20c7d795223f99e89de8b2eaa2db32819be0978a8803d89e2bbf153e056b0
app/Domains/WorkCore/Verticals/Definitions/licensed_trades_core.json,1529,9cc6b49bf65df7a23154e0278de295a13a6dff0b1c46c70dde528d47e4101450
app/Domains/WorkCore/Verticals/Definitions/ndis_accommodation.json,3706,0443b13c9beb06c0a57adc697bafc91ead7f64d5ff00f8ac4356a5240f074755
app/Domains/WorkCore/Verticals/Definitions/ndis_service_provider.json,4141,dd0afc9c4640bc3aaf4d247a8a3e40506f1b0abd1c108edb994c5787bf4deee9
app/Domains/WorkCore/Verticals/Definitions/plumbing.json,2505,0d6ff4c7d496269740a1b9ae6460e2ae56ee4d219c9229743f487a1feea3f352
app/Domains/WorkCore/Verticals/Definitions/premises_services_core.json,2497,29e3d7c2b31b767463861a73d9076f7d9171ac786ff2ebc5169222305f48efa7
app/Domains/WorkCore/Verticals/Definitions/pressure_washing.json,2135,9c994b67b786d76d6890642463d4f309af7b7fc745f050aacd5aa45c53d457be
app/Domains/WorkCore/Verticals/Definitions/property_management.json,3518,11b6d02e1b19426d90bf975b34cd9a1c15dfbc62f5ce21ef996536a9c5eb8eb1
app/Domains/WorkCore/Verticals/Definitions/real_estate_sales.json,2917,7c6ec0d37b1ffa6af3ef1d5ead6fef9df806b1ebed668f32a0d951b9eba1338d
app/Domains/WorkCore/Verticals/Definitions/regulated_care_core.json,2285,c388ab64019b38eb41eae378cbab3f9ee6119c8da4969bd220ed81ffa3e10b9f
app/Domains/WorkCore/Verticals/Definitions/rooming_house_management.json,2587,729f40f2b4539bb574e2a642ed763b5c53ef3608e65090b674e4b4133a9f3c34
app/Domains/WorkCore/Verticals/Definitions/short_stay_management.json,2968,464eec8ee4ec7dba43b07626ca4d8af084ea24f5ce5d25d479a715fb5910845a
app/Domains/WorkCore/Verticals/Definitions/student_accommodation.json,2885,3b48da42e05aeaec8a51c318ab669f4d10469d204def581b04e0488cfc1203be
app/Domains/WorkCore/WorkCoreServiceProvider.php,9917,1327fd4ed639ae289e91814738d9cedc9f73cd863f1fc17e5744e353e3aba402
app/Events/ConversationCreated.php,2292,0e7bf62c09f782a403ac1cbc7f105563968b1e4c5e493761b73381f4b5582413
app/Events/MessageRead.php,1214,2f33b3529ab8f525b32fba91e4c96435721a13f25c595cd5a4803876f29a452b
app/Events/MessageSent.php,1126,bd7cd14625d82fb574593466778dd8ebd069ef0af428a99ac13eb6e3d6f6258d
app/Events/UserTyping.php,979,7bde66730778e72c3f7678dfe9066662bf8b0abb2e731970a5387f695a1d663b
app/Helpers/FileUploader.php,1606,97c3178868d9331437fe231f73a92f7df1086a3a40c219c68ab3c52f133938c3
app/Helpers/helpers.php,2766,52df9c02d00b3975db82c40a0ba866a932cda79a1ede517b9fcde42e30f7e7b4
app/Http/Controllers/Api/V1/Sync/OperationController.php,4091,0f8b68913162ab05bb1f93fd19c609c4ccc24b23dd0b86ff569f9f91df727291
app/Http/Controllers/Api/V1/Titan/ConversationActionController.php,2055,354125f9c170808d7dbbbb5fff58950f6646190e8d1f2963c82e51fa44b64683
app/Http/Controllers/Api/V1/Titan/ToolController.php,1096,36572597d29c78c7c15d428c5682f927e33bbe5eabc77106598f7312d15f1704
app/Http/Controllers/Api/V1/WorkCore/ActionController.php,2580,09abe5e69dcba6247a6390a2155120bc251ffe16ec8fcfa6a459cd4ba47e1896
app/Http/Controllers/Api/V1/WorkCore/BusinessFlowController.php,1531,b4155added4b504712e1761d7cf3d427c0993abec2ff3dda61c0b243e496b5d7
app/Http/Controllers/Attachments/MessageAttachmentController.php,696,7ed96cf3bec60784fa618a9aa5226406e29ecde8e9b93467408c054e0a8fc1fe
app/Http/Controllers/AuthController.php,3093,1af48dc9b94cf48971403162c0d836bfbac39a25933263841e4143942ce6331b
app/Http/Controllers/ChatController.php,26281,23bc7bb0d9955efd5d57048b6a82b367227a5fee16e42d407cd96843dbfd2bee
app/Http/Controllers/Controller.php,77,25d1c1ef8e6cc8a376553faacfba2b07d9dfaee9bdbb84f14f77517580e9deb1
app/Http/Controllers/DashboardController.php,861,26448d6d70c9a617b77c24c0d1431bd79d8856b03aeda63fe909c025ab400d11
app/Http/Controllers/SettingController.php,765,a24f01c9fa038381a56f5ba996b9082ba9e59b77754a2ec0e00bc86669d9f5a8
app/Http/Controllers/SettingsController.php,2246,b986773c17fc13dd5b18aaeb181874b6002af5d2b2a4a75459e1464716074498
app/Http/Controllers/UserManagementController.php,5285,cef03969e50332399e6307e5f4cfeb917ea028ed668e1d21702e43605906104e
app/Http/Middleware/IsAdmin.php,830,07fe2d8ca557e4756ddbe701298ca229e30753aa2ee6b6355719254eb4327028
app/Http/Middleware/RequireActiveCompany.php,390,14e2ddfd291341f5947a0dfe2c109b7687ad37634369de652fd1c629e3f2de48
app/Http/Middleware/UpdateLastSeen.php,565,a2fd062ee1cb49f3614640a32c902ab5475f1313b99a96de722dc4872bd24093
app/Http/Middleware/UpdateUserLastSeen.php,491,de13588b424533bf091ad75190436932580dcc746af3b8a11c31c3b5a8a47692
app/Http/Requests/ImportUsersRequest.php,1069,211e4153bb9bb76b9a114f708c84dc93a86c27cef037670419901d595ad2fab6
app/Integration/WorkCore/MeetupOutboxTransport.php,3459,51034259884b1272873696c39e38a9178c7e9d89490d1c8ad68b3a87bf045446
app/Models/Conversation.php,1050,7ff8c294463274fb1cd727636a6be125821c014dc29ea8c4da4d783b7b3a0c85
app/Models/Message.php,1064,b988245d659931e61a258fcf13c0772970acb05397d07aac9bab5801e53a43e8
app/Models/MessageRead.php,496,ea792c28c426ef0db0bdf0fb099b47f830c9e4506ff7b2fa6fc404c2fd744893
app/Models/OperationalConversationLink.php,359,2e31dda349361ff339436c9b6409d5bcf3046e084111db34798538f62dbe2377
app/Models/Participant.php,504,c84e3e5c2ec014c005600c76c7646db78d6a304554dc28981892d27e5a601f10
app/Models/Setting.php,148,4dfe043f6c9f5944fba54c0b559820ee66f1e432b50afb34dea9d058b99377aa
app/Models/TitanActionProposal.php,910,3fa3ce541a2cd70e7d7951f99f1f55fcab52b217a730ba00f826fdece7f68ea9
app/Models/User.php,2268,b5403438f261a8c245c3bf77fd67b43f22d8e85f9bc3e75fd234089d9948246d
app/Policies/ConversationPolicy.php,504,65bc8816e74cf2711e2546f914bcc52280c9b6eb5618f34a767ee8ea4af21a76
app/Providers/AppServiceProvider.php,570,4aff93079d635611628bbd491663dcec3fef270a61451e441fc8c03a8b7126d7
app/Services/AIAssistantService.php,9044,06f11e8b3a574fc9294663c950596cd0634ff33eb02323347ea399ff8302f6b8
app/Services/Titan/ConversationalActionService.php,6749,5e443eedacc9e2193755d05e6015f70d296b7f5e910e3a143427870f09e8b933
app/Services/WorkCore/CustomerPropertyWorkOrderFlow.php,4619,8c33224e11daaf224e9140356fb0c6161e78fd48b4612cf7720d32a3049d6236
app/Support/WorkCore/MeetupPermissionResolver.php,2020,8178e3e5c390a4fe3baf2e6368cba977faf766366218671446e0a71520d3eb6b
app/Support/WorkCore/MeetupTenantResolver.php,1448,f397ea51eab4c26fcbcaf16b31fd39125277b248a59eaeb426335fcbdeed1d77
artisan,425,f91a517c0c5d3a904c3f390933964a5e08ec1fc68146882730daac4aca4ffcec
bootstrap/app.php,1047,74b23fb0072d396c24586aa8d14571c33182321798f931093f48285a54e0198b
bootstrap/cache/.gitignore,14,240a3e0d37d2e86b614063f5347eb02d4f99ca6c254de6b82871ff8d95532a7d
bootstrap/cache/packages.php,1575,eb89fe55b4e3ccf28540f0a83d78c43664b84bae9926051340de56e5b1e71c9b
bootstrap/cache/services.php,22285,e9ba255674a21ed9695eb50a372a408f908ec08e6f5427e8c3da2c7a370a3151
bootstrap/providers.php,121,c653c712322bc66b2df0fdeaff316d1a0e7f5dd04a8b39cb13a1a33f08f6bd52
composer.json,3118,b81a7e319aab38da46dddc4a13c28ca0d70e89d9b6544017f6e06aeed23ff656
composer.lock,365971,f43d4bd38c44d3e28a1a6747584caefa4ffe863c679f8a1a86e9ea0cec1f22fc
config/app.php,4359,86d093f1d87f5a093986be0385e20025358537f23d46b604cc6585103b7320ca
config/auth.php,4029,50f8a6fabf848d20ea42a21e01066dd8a75bd822c8251a45f8939616432424dc
config/broadcasting.php,2682,a88c7427c74c9b4c2c0eb367be22c9fcf84cd5846f9090c1b80fa90cb9bf3bee
config/cache.php,3683,b8bcf382283330b94c0a602ff06452de819041ea709e28eea5065d51d1d7d085
config/database.php,6850,91a2d30f4bd74d3317f62ff0cd4c37e7cc553d060cd8a28fe64327db6bdb159c
config/filesystems.php,2500,46b977d9555ed617aa0d42055a0c76a34c9d16c63ee634ff6683bc95712c9317
config/logging.php,4327,d90f24826a3330437f2f2fc12bb28680abe1281d35d62b082c234f4b69873835
config/mail.php,3614,825c4b149f2fe412a2e37199794e7c05df7ed86fb51811777faf80238f748aae
config/queue.php,4199,6101774da7c8b79af46d0028f2b8b31a484c3f7eda10b76e5b27b6093ad364a4
config/sanctum.php,3037,797bd69c696b20299d61b0a4b373b4ebf6c23403346e270d5a03e0005e410fe1
config/services.php,1485,af7cbe34cc634250d56172247f8844237dd37f200e898d8f8f6fceb34f0c90a2
config/session.php,7848,12e3f94eb0653d2b44d754f0a8ef30f7ad5de7536ecb3382617dfebb6577c452
database/.gitignore,10,e758642d95e83e907e010b6e46b07b3f953c7cef11fe5ebefc2a77b9d7b4d5f7
database/factories/UserFactory.php,1075,05c4cfa8e4dc7ebe659c66717b30ea6970f62d732a1bbce32b55650cccc6aa8d
database/migrations/0001_01_01_000000_create_users_table.php,1699,268dc4c556796b0feab9f1b46494729a4df45b55cfe79a7390cb9095c77850b2
database/migrations/0001_01_01_000001_create_cache_table.php,849,20f769d3c11748c1cc42c41cd3789b0b9b2cd0db44ee22d378addac3ff8aed4f
database/migrations/0001_01_01_000002_create_jobs_table.php,1812,7c9c712adf4091c87bf2612f4d0dccdfa1df4501553e4ac068b83d7bd5462fa5
database/migrations/2025_11_24_083018_create_settings_table.php,618,5638f4297017d9de9d37ffc2edd90e7a69323862715774bcaf2bd485b78e7ed5
database/migrations/2025_11_24_185342_create_conversations_table.php,709,f937589a9cf0375df7d352b70cfa827f83c1f4b99b990b15351d4b95441be202
database/migrations/2025_11_24_185343_create_messages_table.php,730,41ea1ff706c6df3ec0f45a7aa9ec5ed9ed6f888311e55fdaec9d7fb40bc44cda
database/migrations/2025_11_24_185343_create_participants_table.php,821,7b999de969d14dc33fde34ec1c433661452eb5df2f2bfd0a624c02264b389f19
database/migrations/2025_11_24_185634_create_personal_access_tokens_table.php,863,c81ecde85ea5072188c468dcaf79776728b6eb8f684d63fc0d88a4908484ca75
database/migrations/2025_11_27_154923_add_attachment_fields_to_messages_table.php,853,b8ca9f0b3c4b67f596547a9be6d9a2e8834e3aabc3a4e8ec8517d35ca8748533
database/migrations/2025_11_30_130136_create_message_reads_table.php,880,b2de5293d84cb4b79b98720c4d77da366e7a8a91cda321fd2f81e51f847fa979
database/migrations/2025_12_06_074908_make_user_id_nullable_in_messages_table.php,536,650c9905817ece4636ef6daaa74885efcc87cf5962f77ce4f59515d1a9b0531b
database/migrations/2025_12_06_075858_add_ai_assistant_type_to_conversations_table.php,546,27ae35f2a288c9546bf187c8c96d4f2fc7a91350b4094f9e014f4656524a0b30
database/migrations/2026_07_25_000001_add_workcore_tenancy_to_meetup.php,2383,d619d1d54e44ad606620f14c67cda50e4689812fb9da2a4d1e44229687d4a3fb
database/migrations/2026_07_25_000002_create_meetup_sync_operations_table.php,1261,bc25a37a76bb8a2db0f0ec83af9cddc8b65925c8423a79f77076e396d305bec5
database/migrations/2026_07_26_000004_create_workcore_business_flows_table.php,1186,8488b0c52b1d9e4b5b2063ab0dab5ac2e92eb36802f684631395b590fee8dd13
database/migrations/2026_07_26_000010_create_operational_conversation_links_table.php,1747,a42b4fc032d7222034957ceeb40aad1c01c544e29d10a5493327297f9266edc0
database/migrations/2026_07_26_000020_create_titan_action_proposals_table.php,1462,d631c90f6f13620cca9282b70cb41029336bbdd84711c897d7c6f3171b929804
database/reference/database_with_data_authoritative.sql,17089,b39907636f5d30001533a5cd75f31475aae58842ff848a4ec1d70cfd67ab8d0c
database/seeders/DatabaseSeeder.php,1016,194e3805a5da34a5f598800aef4c8d37f488a21e4b20d766e4b244255153779f
database/seeders/SettingSeeder.php,1276,6f4911b48892e220606b797e424b60820dbfc0e8ebda9be8501056d393590254
database/seeders/UserSeeder.php,2574,78adc6076ed795f1003e02d54e6c76886be44736e0086da34110aa8ffa17db4f
package.json,414,e1bf666b49a401c06ede562b32fc741b8e8dc45cca0a67de136edfbd51335f33
phpunit.xml,1284,cdb0cb728fc010b1590629c9664796b496540cb22d3b54c78b69ce5980cab61f
public/.htaccess,740,b7e379c77639fd56144947dbae84c84eb466d9c686ea81f2f013ae85421da923
public/apple-touch-icon.png,21704,624505331045b873176721be18824bbab34fcac61229e9d703ea6ba0d4462d71
public/css/chat.css,14049,d39eafdcabffcb7c4418a8a0a3032898720eb8326da7f7810b7abcdc9eaee83e
public/css/custom.css,1828,1af35dbe7abdfa3cffe4d6da12f6567cd3042d27408b8a930bc30575c9d1321d
public/css/login.css,2742,2de06468cf79f68c024b55a995e51e7c1a4b8a355e25925785ef7a6786f51b8e
public/css/responsive.css,7563,529a0c75b844ba87c8c114d4503fa32377c4c39463397e0c27c7a7917bba7393
public/favicon-16.png,689,d47d5c0efc16a76ea8b9f95fe9d3b7e5b1970ee856c2bac05e896fefa34dfb3e
public/favicon-32.png,1714,062270909f47859e31568d206e9798888da93a9610d9182b960badc3516b2070
public/favicon.ico,140206,2269c67a59fb64c1de9e1da3dff679c0d60e3a44accae557aff099e5fb1e2eee
public/index.php,543,eba77cba39695b6bd091fe5211d481f7ebb2ce2d8d26230b5a609465d0a4aff9
public/js/chat-app.js,100707,101e7d9ce9c181860a460e35b5f552d7e8f629865e08b1eb6e4f697757ecba08
public/js/chat.js,17530,27157c481890780efd3bfdc03feea0924a11397b5c22fb02fe7a2a2d9dd05004
public/js/echo.iife.js,41834,4babba41ec64d332c34174afb5a514a75a042750135df9c31cb89a85d05ddf3d
public/js/jquery-3.7.1.min.js,87533,fc9a93dd241f6b045cbff0481cf4e1901becd0e12fb45166a8f17f95823f0b1a
public/js/lucide.min.js,381070,762aeab062a97ef009382750e15cd872b937718f9410ca1a6e39149cb1f831ac
public/js/offline-operations.js,4989,bd58f629188150a65ca159a392946685c06de159d97899a4a284be9a8564d9b2
public/js/pusher.min.js,61809,f9db3ff67d32874f9141c893b8e48159219863074df0bacd551f7747be849163
public/js/pwa.js,6622,23d995ad99eafd425872506dbab3fc500abfd171009c7cf038074d4c1ca98487
public/manifest.json,1245,e6ca58c30f7662f994b1d46f02f7045863348f8701de6b7cfaf8526238e43139
public/mstile-150x150.png,84604,c114b094103e5da422c0c3cd9aa6a9245178f491c89aeda7f435934d4a9b8fd2
public/notification-music.mp3,56006,4f782434d7c3ee6577b3fe8949c7df7ca62bfdbe315cc13ad72ecaa6b252a7c5
public/offline.html,3956,8a254fc4ac165b51c3f8ab304b87a21d5d1c7a8152ca740d44f6cd9148aac356
public/pwa-icons/128.png,12500,2b79fb6392faed5c1844824b1fb585987cc7c3600d6dfb5f3d4bbb842f307779
public/pwa-icons/144.png,15651,e59930e377999f058a1ee154039834a120b497bb0ef984ed526bce4e36f04b12
public/pwa-icons/152.png,16947,7bf5740e25c56cf9d4d61cce87bf01aac3b004ef3d0688c66212ea33249708d7
public/pwa-icons/192.png,23951,cb6693f89d13fdbba83fcd9f6ad82cbedb734b672693def121b6c83f5e8ea502
public/pwa-icons/48.png,3008,7df5bf000afe526803cda52163c3d09f48c67e44a30bce01d90e3e30e5fc0fca
public/pwa-icons/512.png,96827,5533340859653addf1ddcb1ce4805f98adaa36940fb7c8b4286827a77b7c1ebb
public/pwa-icons/72.png,5319,869105cea867330ad29a0e45a8dc6ce1be5020559f233a3e164f5a071334e521
public/pwa-icons/96.png,8380,d62da89d8f9eb7b0517cf46b56fa6b8dcdf185f6271ef99c4d580ba9d58b6649
public/robots.txt,24,e5c4b84484ee4216e9373be99380320c25dd94805f99f0a805846f087636553f
public/seeder/favicon.png,1714,062270909f47859e31568d206e9798888da93a9610d9182b960badc3516b2070
public/seeder/logo.png,8380,d62da89d8f9eb7b0517cf46b56fa6b8dcdf185f6271ef99c4d580ba9d58b6649
public/service-worker.js,5095,0fda6a4c71514ad6d2ce464f329adfd83602b48782f93ac503dd006a7cf00920
reports/AUTHORITATIVE-BASE-INTEGRATION-PASS1.md,655,953f3dee10c261408f93f3217d6f0044be76878fd7dec76f36f794d5e12290a9
reports/DATABASE-RUNTIME-ACTIVATION-PASS2.md,880,fe2349187cf2d56a392b2317a3592326b6d971fa78780ce702407ce311a1d05e
reports/FILE-MANIFEST-SHA256-PASS2.csv,316952,5e86dd6796426af1499480a9a77771ee9110ab9bba73f3190147d0675a439c96
reports/FILE-MANIFEST-SHA256.csv,316354,a32100870ccce37054549612535f71531fd5529b42ae2d955504b79de5534dcb
reports/OPERATIONAL_WORKFLOW_ACTIVATION_PASS3.md,893,fb9181e4cd71a06a8fe3ad331484f32af27bb05cc13fc7065348d05f672c5cfb
reports/PASS3_FILE_MANIFEST.csv,317711,9a4f3b6d2ae3dfb36a1a8712c37222e7754a8c590bf774438e3866925a207e26
reports/pass4-business-flow-activation.md,1000,aa0e7134b9aef2e7dec39e96d87911881c22f84b4e01debfcd82117fe958f775
reports/pass4-file-manifest.csv,318779,0e57f64e3ab3ea0b90b12834078e25c0222c927aaa0a4caa0ca3135181d0c981
reports/pass4-no-loss-report.md,553,c860e86d771de4a4ee6c79676f4021db86cfad6a911c61b849e4eb1d46393609
reports/php-lint-pass4.txt,146980,cbba8a2704707becb3b0ccea811027bdbfa2e82b9889afad394fc18201f3d802
reports/titan-conversational-execution-pass5.md,839,8bec6c6f0eee78ecba5588c8e5eba208009151e549a29be703a5ae70f09591b9
resources/css/app.css,389,fc855574fdd600e30821a5b0c9d51e668d64e006cf030ffc23d083718fc36724
resources/js/app.js,22,cf6dab196c721f6911ff99cc4f910897f978599a2d289971a316a5fc33091f94
resources/js/bootstrap.js,127,6fd9fc82e68fa915a882f4e227b9faacbe7bfd66cb953c628840e83bda6b72f4
resources/views/chat.blade.php,25893,e7f5c9a8d946779150c5e4c68d61fb08314fc6616c4a0e185c8cb9c0428a1222
resources/views/dashboard.blade.php,6009,83a005283b0ea0ea7f9f69926841373ed65f64e662553924f1d8f1345045c813
resources/views/layouts/app.blade.php,4598,52cf6ec6e4e29f52e7e0f6a09eeefa9069b5ee0fe875e11507b84cb66e92ca2f
resources/views/layouts/guest.blade.php,3120,7aac679f38b8b05eff0c581e77b591eda6b095ef7d818c92726bdb8ba0ea0868
resources/views/layouts/partials/mini-sidebar.blade.php,2851,f2972652c31806c08567f2c7624a23544ce75665d2e9016b73a1d4176bb40df5
resources/views/login.blade.php,6233,860f36e2371aa4b69ecaee30b98b65fd272c93585da0917add420a7cb7b5791c
resources/views/register.blade.php,6151,ee8ee27b2a8f6b4c0f2c66659aa483c90823b9f5ab1ce69f661ba726a8b2f386
resources/views/settings.blade.php,20479,3cafc68f36764267e1fae6eacb9256ca4e0549ed87091345022b99845d1f3398
resources/views/system_settings.blade.php,13515,ff7c736f80e35fc39765ba964c633890a370ed2cd4c03411231d74e7b2397370
resources/views/users/create.blade.php,4028,68949f31970aa586e6b058a15a363183e66f1e1ee6ffb839ee81380115687632
resources/views/users/edit.blade.php,4118,27d14b2ab616c5b52d21a632bd3d34d3f7ae41e493e2709f1dae339a40756017
resources/views/users/index.blade.php,18404,7977006a30aaf832945c036c146c626f0a75c7c36310bcc37de7283cb3ae266a
routes/api.php,5359,a8561bdd03ea5c98b0bed18a2c730b63070ee936a87d52298aa537d8b5d4e3b5
routes/channels.php,652,840a1925ffecc355342b83eaa2b6528039f00aab78cf7f3ae832a9f065ffa482
routes/console.php,210,9adccc33e7dd400683e434774077c7fdb2f299c5712cedf16a43fdf56f2850fa
routes/web.php,2326,491f6700b975fbb03ebec0bc9ec59d62b4469bba15a43e42b49839d5d7439d3f
storage/app/.gitignore,33,993b9e3709d7b5189da331725d1169d79e561a509db2490b722b525073d2d976
storage/app/private/.gitignore,14,240a3e0d37d2e86b614063f5347eb02d4f99ca6c254de6b82871ff8d95532a7d
storage/app/public/.gitignore,14,240a3e0d37d2e86b614063f5347eb02d4f99ca6c254de6b82871ff8d95532a7d
storage/app/public/seeder/favicon.png,1714,062270909f47859e31568d206e9798888da93a9610d9182b960badc3516b2070
storage/app/public/seeder/logo.png,8380,d62da89d8f9eb7b0517cf46b56fa6b8dcdf185f6271ef99c4d580ba9d58b6649
storage/framework/.gitignore,119,2d452d65596636197757afa17df52331c84da7bb74ee0f3462fd5be4eb6afdc6
storage/framework/cache/.gitignore,21,32f79194633ddb34f013c6ee8819d112104ff822357adf308ec385b46a7f42f6
storage/framework/cache/data/.gitignore,14,240a3e0d37d2e86b614063f5347eb02d4f99ca6c254de6b82871ff8d95532a7d
storage/framework/sessions/.gitignore,14,240a3e0d37d2e86b614063f5347eb02d4f99ca6c254de6b82871ff8d95532a7d
storage/framework/testing/.gitignore,14,240a3e0d37d2e86b614063f5347eb02d4f99ca6c254de6b82871ff8d95532a7d
storage/framework/views/.gitignore,14,240a3e0d37d2e86b614063f5347eb02d4f99ca6c254de6b82871ff8d95532a7d
storage/logs/.gitignore,14,240a3e0d37d2e86b614063f5347eb02d4f99ca6c254de6b82871ff8d95532a7d
storage/pail/.gitignore,14,240a3e0d37d2e86b614063f5347eb02d4f99ca6c254de6b82871ff8d95532a7d
tests/Feature/ExampleTest.php,147,9c8432a460e2d7e60a480c3e2199d0b25fb2ad5cef51a0b5e61ede384041a4b1
tests/Feature/Integration/WorkCoreMeetupOutboxTransportTest.php,1725,a216106d2eaaf38e641fa2d804a478a6a4d92a85568966cdf1c5fbd79b5939f5
tests/Feature/Titan/ConversationalActionExecutionTest.php,433,fdbde57b9315ceb554bac06fc19ffc33b6b0d2c6499836ab19043cf9f7f5f73d
tests/Feature/WorkCore/CustomerPropertyWorkOrderFlowTest.php,471,c244916d3dcf7fd46f7302470a28541bb082f8bef3084ac10c8e46747b574789
tests/Feature/WorkCore/WorkCoreHostActivationTest.php,1191,daeca9cbf73ac7910ce3595349ad7c9f3c598bd42109a4ee24a2c305eeea5af2
tests/Feature/WorkCore/WorkCoreTenancyBoundaryTest.php,913,8659d4c61dbd2a53d55fd412f504cd0424aef7387002711a6ceffec901562fa8
tests/Pest.php,1584,198632917ab7761af28a3cecce6492398d666ad6955cc67bf770f0f4c50bb3aa
tests/TestCase.php,142,c7c209f5579c42647c1f7b2a79ac828e8b54ac62a98442045a6e94fa2c0d0ebc
tests/Unit/ExampleTest.php,81,d86e67e8dbb5e66fa3f63b8eaaf98529bf11786e3345e76dc2e1e1635e20ea56
vite.config.js,331,1bd7f75ae1df969c819e63114e9be5f0e2a69e399d4dcab4373aa680314a93d9
