original_relative_path,sha256,disposition
app/Domains/WorkCore/Config/trade_compliance.php,c9b54d53024a32b109f7eb1439e8ad756cac5ff38cd7d22dbca448d27ef00398,canonical
app/Domains/WorkCore/Config/vertical_codebooks.php,18bb331ee2bbe50c5563c3974893192129f6aa86a7e7c5149c4587e1428ee928,canonical
app/Domains/WorkCore/Config/vertical_operations.php,3e67980e715fc904100328bc7725899992a6e97bf30a57901a670c7c49cf1091,canonical
app/Domains/WorkCore/Config/vertical_setup.php,f9283dbae8b86e44cc9f5368ba0cf7304f786775a574597c148d951724a1319d,canonical
app/Domains/WorkCore/Config/workcore.php,8c0788b6632043d37ec92299f8664c939aa0dbd10d5a264a4f64b80b1ed92656,canonical
app/Domains/WorkCore/Config/workcore_ai.php,6e5adf87f8ff621f177a2e905c79e3548f9240163e05891c1236dae78a6c3131,canonical
app/Domains/WorkCore/Contracts/CalendarGateway.php,69fa843cf394df19b49f2e377552e2ec4d27e2d0ee791180f41d66a82f9dee8a,canonical
app/Domains/WorkCore/Contracts/DocumentSigningGateway.php,d850ec782ea7b77da50f54f789a48d8e8f6ace8cc930d51e74f77648bcca12df,canonical
app/Domains/WorkCore/Contracts/FileStorageGateway.php,28f45692ccef3c1c8936e0998b275280729dacc1185fc4b2bafc78bf213bba44,canonical
app/Domains/WorkCore/Contracts/GeocodingGateway.php,f7ab6ac0922ee0e20a13f0f0c6dea7f5a2518ee79aaaaea13916ea27f5ec3822,canonical
app/Domains/WorkCore/Contracts/MalwareScannerGateway.php,4f0a6902080327079355a381ba5071ecb1c1174fa898bf08eaab4c5674a1869a,canonical
app/Domains/WorkCore/Contracts/MessagingGateway.php,64cd961b8d504f0ca72403e60a9d8a1d7e600a4fa405b7dac1667d6c5f7a4431,canonical
app/Domains/WorkCore/Contracts/PaymentGateway.php,4c1f4da51dee2d90c6e35e220ec067104785c01e0eb42ee4105f5fa3924be854,canonical
app/Domains/WorkCore/Contracts/WorkCoreActor.php,6b1c0c931dc585d5706166f960f832e1799b1616ac3e8dd8e4f529af62c064af,canonical
app/Domains/WorkCore/Database/Migrations/2026_07_23_120001_create_tz_companies_table.php,38762080de965a0ca563788eeb730faaf43eba4f55cda9def36ca2d38b57e1d8,canonical
app/Domains/WorkCore/Database/Migrations/2026_07_23_120002_create_tz_company_roles_table.php,16882b90ee68dae9176b2ac1828d749e9bb75775682d6ec9a20d8920846b021f,canonical
app/Domains/WorkCore/Database/Migrations/2026_07_23_120003_create_tz_company_memberships_table.php,c636061e0db6467b0a52be2e140b3c7005369c551ee4d9d515b6c4019f539da6,canonical
app/Domains/WorkCore/Database/Migrations/2026_07_23_120004_create_tz_company_permissions_tables.php,b69afabd9a9a9d7e59a4e8236273c6b5ab8fcdf1b505580e449909bbf652d126,canonical
app/Domains/WorkCore/Database/Migrations/2026_07_23_120005_create_tz_crm_tables.php,095fd65439eade087cd48b7141391dd6c458f3ab9e18d8e64d2e6d2d361388fa,canonical
app/Domains/WorkCore/Database/Migrations/2026_07_23_120006_create_tz_company_invitations_table.php,e55b1e0929abc134c82b3737672663a7ae4bf5f6e668b0df54fd5ad1c6392a68,canonical
app/Domains/WorkCore/Database/Migrations/2026_07_23_120007_create_tz_action_governance_tables.php,095f341fc4a54889942b4acfb792d850086aea7c18ee28215f122074fde1f61b,canonical
app/Domains/WorkCore/Database/Migrations/2026_07_23_120008_create_tz_outbox_messages_table.php,efb9a0a1a631446e7c0769ca0f0b14551a12735a4c6edde269b1c8358beb5b59,canonical
app/Domains/WorkCore/Database/Migrations/2026_07_23_120009_complete_tz_crm_foundation.php,730626cee397c1e6bb1431a29f9754ffe3cf7ad0da400bd889a13b70f93737d9,canonical
app/Domains/WorkCore/Database/Migrations/2026_07_23_120010_create_tz_premises_table.php,4030ef99a05de44a48a67d55edfeb5f0e015e7679f118e7f40cc11614a668cc2,canonical
app/Domains/WorkCore/Database/Migrations/2026_07_23_120011_create_tz_service_catalogue_tables.php,2df5344a86e5f7c7d586fbfc4a0f68428b3f4ac3028561b6c1ece08f0b89c23c,canonical
app/Domains/WorkCore/Database/Migrations/2026_07_23_120012_create_tz_work_order_tables.php,d90b0d8712ce8f40654e9a52f245a22c0316b6399cfd3889e587232e50013024,canonical
app/Domains/WorkCore/Database/Migrations/2026_07_23_120013_create_tz_appointment_tables.php,504ba9a98564c4a33543a6662eabdb03845e51ffa85dceb7bb19555c51e61786,canonical
app/Domains/WorkCore/Database/Migrations/2026_07_23_120014_create_tz_dispatch_tables.php,3b593cbe96554bc9f2eda653db5f8117f5d567d507ef6b55651e83ba10eb2061,canonical
app/Domains/WorkCore/Database/Migrations/2026_07_23_120015_create_tz_worker_tables.php,fa35695103dcba81e284c8476060c06f096e2121de782e6bd2336934d81eb80d,canonical
app/Domains/WorkCore/Database/Migrations/2026_07_23_120016_create_tz_availability_and_roster_tables.php,748798e7682a70e470207750d2845b993f81809fe8efb34b2ba87da8fa6b656f,canonical
app/Domains/WorkCore/Database/Migrations/2026_07_23_120017_create_tz_asset_and_equipment_tables.php,94710f1c3017e330112bc06ad4796ddad4b7efaea8fa3adaac8bdc72e73e99a5,canonical
app/Domains/WorkCore/Database/Migrations/2026_07_23_120018_create_tz_inventory_and_material_tables.php,db79ed980b7018aa724769d26508956d801a5513eca03d75cd4e4db9f505ba70,canonical
app/Domains/WorkCore/Database/Migrations/2026_07_23_120019_create_tz_forms_and_checklists_tables.php,104d63d4152a271c55735620895be159a0b8bd8d312e0eb7130ae1d6bb141ff5,canonical
app/Domains/WorkCore/Database/Migrations/2026_07_23_120020_create_tz_attendance_and_leave_tables.php,9292f9a918300bb256330ffca24bc452910ae14c9c24f1ab0f7c43f281b43d7d,canonical
app/Domains/WorkCore/Database/Migrations/2026_07_23_120021_create_tz_support_ticket_tables.php,60542de755e9b5999b194be9787f22242e25ca8bc2364ba80da76f1808011afd,canonical
app/Domains/WorkCore/Database/Migrations/2026_07_23_120022_create_tz_knowledge_base_tables.php,fd74c7a918c036d4d7901afbe4d3d1eceb0229265d589fc9a591707923056486,canonical
app/Domains/WorkCore/Database/Migrations/2026_07_23_120023_create_tz_reviews_and_rebooking_tables.php,8b28f8bf2be6f639e02a5d3ec34b18f916e2088203e6c238fc69548559df8b77,canonical
app/Domains/WorkCore/Database/Migrations/2026_07_23_120024_merge_titan_assets_into_workcore.php,2fbab809007a13bcb2dcf3526177dd0164c1e8770917d46300d0d0df2fbbad32,canonical
app/Domains/WorkCore/Database/Migrations/2026_07_23_120025_integrate_assets_with_scheduling.php,75e49e777103eacaaa80d0ff60540c531e2091ed9809034f0d48937ff1ee1675,canonical
app/Domains/WorkCore/Database/Migrations/2026_07_23_120026_harden_asset_runtime_wiring.php,9cf3e88c3b5519b4ef08769b2d802cb2a7d526c59372dfd6c807bfa87ac331a2,canonical
app/Domains/WorkCore/Database/Migrations/2026_07_23_120027_expand_premises_supply_fleet_and_repairs.php,1884247e7c8bbe69842aa67331783c58ce544bfaa23827020ad2a619ce85b072,canonical
app/Domains/WorkCore/Database/Migrations/2026_07_23_120028_create_tz_vault_tables.php,af8b41bffdf8a7cb1b53b231d01081c6db5826cb875620619f9a36748024e095,canonical
app/Domains/WorkCore/Database/Migrations/2026_07_23_120029_create_tz_vertical_system_tables.php,8dfd652c519b78fdb6a08bdf76bb2143d3751b6c494f6830cd18dd942a64dad3,canonical
app/Domains/WorkCore/Database/Migrations/2026_07_23_120030_create_tz_vertical_setup_tables.php,496d1aab8c2503e32d556fef6e686d788f88d1e849657be85642b71d4d940afe,canonical
app/Domains/WorkCore/Database/Migrations/2026_07_23_120031_create_tz_vertical_operations_tables.php,9c731d822ea361ad2b7fe203aad3df91d181ff995e9615752966585b3fa1b812,canonical
app/Domains/WorkCore/Database/Migrations/2026_07_23_120032_create_tz_trade_field_compliance_tables.php,823c8402bcbb05df840cba95ff4ec47967953a15a0b8e729bd1dfb6bfb25770a,canonical
app/Domains/WorkCore/Database/Migrations/2026_07_23_120033_create_tz_compliance_and_safety_tables.php,020c617105b3aeb4f283d46b511242102304c7bc09e2e55e89859f31c94b74d7,canonical
app/Domains/WorkCore/Database/Migrations/2026_07_23_120034_merge_titan_feedback_into_workcore.php,158501bb1e8ca9ba52a3fbe02f46e5a34faab7535499f23ee82b3b86c06b0ac4,canonical
app/Domains/WorkCore/Database/Migrations/2026_07_23_120035_create_tz_recurring_service_tables.php,658dd571a841a1ee5ff85fc66d8195f01bb44232476119d32f4ea549e02d0117,canonical
app/Domains/WorkCore/Database/Migrations/2026_07_23_120036_wire_feedback_across_workcore.php,34006bc6aca0bcd4f5062c5457f3988048a0bb7e0360c65d699e50b196d6807b,canonical
app/Domains/WorkCore/Database/Migrations/2026_07_23_120037_create_tz_territory_tables.php,88f82490de0bb7ca57f0812cc2bd94e2b861985bb1cac5bd339a3816e39b5279,canonical
app/Domains/WorkCore/Database/Migrations/2026_07_23_120038_create_tz_qr_tables.php,4447ec45ca155a542c91041fd14e20cb73f634b021c189a1e763f2b786adf492,canonical
app/Domains/WorkCore/Database/Migrations/2026_07_23_120039_create_tm_financial_settings_table.php,04259b036f75f7f53683c4643c7586327bf58030cfc5ed9b7859839fcf93a95d,canonical
app/Domains/WorkCore/Database/Migrations/2026_07_23_120040_create_tm_tax_registrations_table.php,4c1280674df18fd589105e0ec732130e0cb7fc373c9e6535fdfe5008cfa1e335,canonical
app/Domains/WorkCore/Database/Migrations/2026_07_23_120041_create_tm_number_sequences_table.php,6920e0a5d1c85db3b5689f8e2b4eaa6cf59138ddf8337f76f5f4007a5f24838d,canonical
app/Domains/WorkCore/Database/Migrations/2026_07_23_120042_create_tm_idempotency_keys_table.php,9c61523b6e87a014d41a5a7af6e5dc9410e227d2d11ebd3b9c3fa5de93b05134,canonical
app/Domains/WorkCore/Database/Migrations/2026_07_23_120043_create_tm_document_snapshots_table.php,229947b8b37a24351dadc0a2a25f0c7be88d86aed3bf699c0b46a3b1d86cac06,canonical
app/Domains/WorkCore/Database/Migrations/2026_07_23_120044_create_tm_commercial_documents_tables.php,bc0c036fe16edab0ce854808fcfced6767861cd98b85d0e022685ff1e818a272,canonical
app/Domains/WorkCore/Database/Migrations/2026_07_23_120045_create_tm_payments_expenses_and_payables_tables.php,f5580556d962c52fde4ac9e68e86d10c49a6fc39dfdb12f4928edf93fbf61b9b,canonical
app/Domains/WorkCore/Database/Migrations/2026_07_23_120046_create_tm_ledger_tax_and_period_tables.php,47f2cc934baa1be4acd8f4e515f0d636e5af66b7297b2b594722a6e128dab235,canonical
app/Domains/WorkCore/Database/Migrations/2026_07_23_120047_create_tm_reconciliation_forecasting_and_export_tables.php,c7a160c86dd93476de22d7f3451195040dd4d8b30b523c35cc2cad5310090aff,canonical
app/Domains/WorkCore/Database/Migrations/2026_07_23_120048_create_tm_autonomous_money_management_tables.php,93d9d228d865ccc052b8d8587176bf3df6a299da4a7333f54d15154c1845df30,canonical
app/Domains/WorkCore/Database/Migrations/2026_07_23_120049_create_tm_runtime_audit_and_inbox_tables.php,b2729d9998d0f8f1bd5f066a67ca0ecf3c8a460a872152c0896ad6ed590ea144,canonical
app/Domains/WorkCore/Database/Migrations/2026_07_23_120050_create_tm_collections_and_payment_runtime_tables.php,c7b7ec831f1ef5b07209c05f32bb8cc01b5aa96547610f70a8a2ae6bb42d6878,canonical
app/Domains/WorkCore/Database/Migrations/2026_07_23_120051_create_tm_integration_runtime_tables.php,e80911d70b5d9fc62a53ae5911ec00ad6984953c20550a9926e454a71cc6cfb3,canonical
app/Domains/WorkCore/Database/Migrations/2026_07_23_120052_create_tm_missing_money_domains_tables.php,671bdac64fd5ce929ab88274ea8022aaca67b937fe19efe8ef29765db5fac8e0,canonical
app/Domains/WorkCore/Database/Migrations/2026_07_23_120053_create_tz_capability_expansion_tables.php,6ea46a2120b24286172942f9de08d08c2cac082046fdafac6f0d9f84c123ee0a,canonical
app/Domains/WorkCore/Database/Migrations/2026_07_23_120054_create_tz_sales_pipeline_tables.php,5a60e9228447fc6e08a79885e606efc7e60e2d65c1a2b24b7e33ce4dbc6652eb,canonical
app/Domains/WorkCore/Database/Migrations/2026_07_23_120055_create_tz_workforce_team_domains.php,1675fdee13048adee9b3b915b2a46a3ea800c495af30189f493fbb96a3e4ec8f,canonical
app/Domains/WorkCore/Database/Migrations/2026_07_23_120056_create_tz_adaptive_feature_tables.php,6aacdd0a604c7a8da0cd42dac2236914a660756c1e9fbfb64cb28e1acba5b62f,canonical
app/Domains/WorkCore/Database/Migrations/2026_07_23_120057_create_tz_intelligence_core_tables.php,c7903a13735c2f28d27ddf3a00283f7bf5b7d5847d63031ba6f6e4621729d2d9,canonical
app/Domains/WorkCore/Database/Migrations/2026_07_23_120058_create_tz_ai_knowledge_tables.php,d61a6cf715fd8c5071716984cdbf7aab5d2198d8bfb60c1a674a1dcbdf5b341a,canonical
app/Domains/WorkCore/Database/Migrations/2026_07_23_120059_create_tz_service_variants_and_faqs_tables.php,a047cb6ffe9c0f37eabd7cd780d015bad92f41ee0916a0504c037326ce361921,canonical
app/Domains/WorkCore/Database/Migrations/2026_07_23_120060_create_pm_properties_table.php,0f373ae572867115224a9ad87ef9afd249d39ea97079ce24de660e10b0998457,canonical
app/Domains/WorkCore/Database/Migrations/2026_07_23_120061_create_pm_property_units_table.php,da78eaebbcfc575a3d12bd13a8d20bd60eb4220d88804cd54a163ffa0521fbce,canonical
app/Domains/WorkCore/Database/Migrations/2026_07_23_120062_create_pm_property_contacts_table.php,3e81577b8ecc263c1ddfe5db686673f55322519a575db5a734c1eeac97cc6280,canonical
app/Domains/WorkCore/Database/Migrations/2026_07_23_120063_create_pm_property_jobs_table.php,1263481a8d58543e6ee9f0da1e81c27751524925ac41ac2ed70b78fb3ed16d0d,canonical
app/Domains/WorkCore/Database/Migrations/2026_07_23_120064_create_pm_property_keys_table.php,a15aec9df9ec49c5ded8b92062b12e613a4ac93d39b41ecab451a3a4c52664d8,canonical
app/Domains/WorkCore/Database/Migrations/2026_07_23_120065_create_pm_property_photos_table.php,0fdc5f0fb4339f340f30ff3e6125547f19389f6f4f6ebb9dd048a3606ef7317b,canonical
app/Domains/WorkCore/Database/Migrations/2026_07_23_120066_create_pm_property_checklists_table.php,b8565fe710552268594dfa11679197546242eee3d911fe12aebad355fd529ce7,canonical
app/Domains/WorkCore/Database/Migrations/2026_07_23_120067_create_pm_settings_table.php,534833bc9818e55536fa1b1be8612b6fce514a4778694cc3a9ee3a618a42f2b3,canonical
app/Domains/WorkCore/Database/Migrations/2026_07_23_120068_create_pm_property_tags_table.php,0328b00caa6d82a6266f5606d72685f9cc681430535c140541e11d23d92710ad,canonical
app/Domains/WorkCore/Database/Migrations/2026_07_23_120069_create_pm_property_rooms_table.php,8ebc7960595cbcd4c48a218d8f853c93330803f8a4b77b7fc160a3f46b4d5268,canonical
app/Domains/WorkCore/Database/Migrations/2026_07_23_120070_create_pm_property_hazards_table.php,dee7a78890351d20b323f6791542d952188335549b42d9cfe8035a98a2900d05,canonical
app/Domains/WorkCore/Database/Migrations/2026_07_23_120071_create_pm_property_service_windows_table.php,c0b87eb099e9205b9ecb9d85d7f050f1f691d9efa6741097cea7b09d3f34b2d9,canonical
app/Domains/WorkCore/Database/Migrations/2026_07_23_120072_create_pm_property_assets_table.php,f2619a874654926b2646ec1c8f18a14f9b68e1055dbbc04a0e8cb9498a0eda4f,canonical
app/Domains/WorkCore/Database/Migrations/2026_07_23_120073_create_pm_property_service_plans_table.php,076ba4f67ab3f2c07ca3a31ad33e9f4e2bf81362334f5f4c788f9be413300eec,canonical
app/Domains/WorkCore/Database/Migrations/2026_07_23_120074_create_pm_property_visits_table.php,92462158e124b635f59d08ed619b837709e60fdf0682adcc9a349f2e34d6158d,canonical
app/Domains/WorkCore/Database/Migrations/2026_07_23_120075_create_pm_property_inspections_table.php,4c72a692935db52ea56fd2605cd2afdcaf1777dff13ab24c4c95c59841b7ce55,canonical
app/Domains/WorkCore/Database/Migrations/2026_07_23_120076_create_pm_property_documents_table.php,c4a9ffeda78090953f01533e81322f4354c1fda730c494c7a29dc2ecd0fe25ed,canonical
app/Domains/WorkCore/Database/Migrations/2026_07_23_120077_create_pm_property_approvals_table.php,646ca3899b17de518d9ec9ba7a357e7635b7087afd429740cee3aeba674869b2,canonical
app/Domains/WorkCore/Database/Migrations/2026_07_23_120078_create_pm_meter_readings_table.php,be26ef775c8e76072e742b0e4b2e9229d4a2bebb243be88e351d3391dea06e4d,canonical
app/Domains/WorkCore/Database/Migrations/2026_07_23_120079_add_job_link_to_photos_and_documents.php,44d5a90636a4cec91f15f3d4185e5be7f95fb5a13522b53be9ce1234b7c0ec37,canonical
app/Domains/WorkCore/Database/Migrations/2026_07_23_120080_add_cleaning_fields_to_pm_properties.php,6cf7708f6e9d057993a205a5c2b8669baa65735c4221426d4f6f99fe09d5865b,canonical
app/Domains/WorkCore/Database/Migrations/2026_07_23_120081_add_uploaded_at_to_pm_property_photos.php,3fd4cb5f63101c1a3a11b1fb439cde90ef8c51e8b09ebb5b3a2056da53ddbe10,canonical
app/Domains/WorkCore/Database/Migrations/2026_07_23_120082_add_profile_layer_to_pm_properties.php,f9b3df3bd8902b28cc71f2d59df3d7dd43537d857510c7173a58fbe2c84085f7,canonical
app/Domains/WorkCore/Database/Migrations/2026_07_23_120083_create_pm_premise_spaces_table.php,e993737d287ddbaecd3545aefc7a926b133b757d3e810f73d2b8add25011f6d5,canonical
app/Domains/WorkCore/Database/Migrations/2026_07_23_120084_create_pm_premise_parties_and_occupancies.php,d9b5f302a3da9ef17c3fd8bcffd6221344e49563e8b4c5ee2fd93c17afcf1017,canonical
app/Domains/WorkCore/Database/Migrations/2026_07_23_120085_create_pm_premise_agreements.php,01cefd2c71b6479e80ccf16b14f36cbdc374500ad1fca8d7f7b8b76c0134a4d8,canonical
app/Domains/WorkCore/Database/Migrations/2026_07_23_120086_create_pm_access_condition_incident_tables.php,03ca01349b87de674d171390aa661c56286bab4ce1f4179aac2b49a35cf13a08,canonical
app/Domains/WorkCore/Database/Migrations/2026_07_23_120087_create_pm_premise_workflows.php,3e00a4fa81ff005c74acabe650e24fd763dd550efd8c2484c8b793460858933b,canonical
app/Domains/WorkCore/Database/Migrations/2026_07_23_120088_create_pm_portal_and_vacancy_tables.php,7ec2df5bf2b4a8bf9d8e0f388e5b23e0952122ddaa703c86dfe7f9d905bf78ed,canonical
app/Domains/WorkCore/Database/Migrations/2026_07_23_120089_create_pm_applications_communications_requests.php,98a9c2b4fe28f31e72761b9c359d8153348dd5e2f8601c33babd9c6b89f4a966,canonical
app/Domains/WorkCore/Database/Migrations/2026_07_23_120090_create_pm_access_card_requests_and_work_permits.php,34841b30fb4fcedcf3a5e3c56a08080e6a7fec8144f915bc3000ca642729ba08,canonical
app/Domains/WorkCore/Database/Migrations/2026_07_23_120091_create_pm_portfolios_ownership_management_approvals.php,0330207d2817466bc3504c06b7d95734260363dd0f2c7f60929b40b0816aaf46,canonical
app/Domains/WorkCore/Database/Migrations/2026_07_23_120092_premises_deduplication_links.php,fde50a13636b95c433d8e1344bce5bd5dde754db712ed465f8b8771b54d009fc,canonical
app/Domains/WorkCore/Database/Migrations/2026_07_23_120093_premises_forms_and_assets_deduplication_links.php,544d1e8f6f0a682676cc74244947c40e0acaf1274b845979b0db44471acef0b2,canonical
app/Domains/WorkCore/Database/Migrations/2026_07_23_120094_add_public_ids_to_managed_premises.php,51be439ecc205e25aa683b7bae61d5745070fb2de25211bff797a63163f666f2,canonical
app/Domains/WorkCore/Database/Migrations/2026_07_23_120095_create_pm_accommodation_operations_tables.php,713eb3d9782a8a61b6be18f78a4199f1fead87074b4526a6083f477a75d9e03e,canonical
app/Domains/WorkCore/Database/Migrations/2026_07_23_120096_create_tz_ndis_operations_tables.php,a6bbd1a05e8c8c058bb1a5025cbd5e16a222d4979237314ac313f8be3ab65c50,canonical
app/Domains/WorkCore/Database/Migrations/2026_07_23_120097_create_tz_wizard_runtime_tables.php,6eec04bab4e2adeaccfab3f723665c7da84e11696dbe897b79d05cb947477bc9,canonical
app/Domains/WorkCore/Database/Migrations/2026_07_23_120098_create_tz_native_ai_kernel_tables.php,7eb8a364f34da7ba4d84e5d23768c82842fad24e7f0a58c71e92055e79b0b74a,canonical
app/Domains/WorkCore/Database/Migrations/2026_07_23_120099_create_tz_ai_orchestration_tables.php,b5266a238322ab7115e1e0281b68e3566bfc8cc525e8f6885f981d6de79b0dee,canonical
app/Domains/WorkCore/Database/Migrations/2026_07_23_120100_create_pm_compliance_register_tables.php,6b3436825094bb4587e5488e56e69ec9ff3c44153071149ff4f55e8b7ed75a78,canonical
app/Domains/WorkCore/Database/Seeders/WorkCoreDatabaseSeeder.php,2922869f612470ba3062e0e57f6c83e510212fb2060feeb02db43c5490ba8159,canonical
app/Domains/WorkCore/Manifests/BusinessNetwork.json,8c267ddaf79ac08831dbbe731c9cbeafe4af9b3e907a6b8a75e1b6b056db9bbb,canonical
app/Domains/WorkCore/Manifests/Commercial.json,9be92b02ed5a9acc59ae198df0d85c3def9ab056a561866496e3021a07df2ba5,canonical
app/Domains/WorkCore/Manifests/PropertyOperations.json,e5f7e03416d8de48d4fdb6df835cafb697ee9529c5fa0a306c7d8c9ecba6f4e9,canonical
app/Domains/WorkCore/Manifests/WorkOperations.json,a0e1b3202feb1b251b0c05442558a69d6639f5e151cae2cc998d9b81c72eae4f,canonical
app/Domains/WorkCore/Manifests/WorkforceAssurance.json,33a6b43252be107889da8817ded8d26308f046c984aff688838ff36da19dd716,canonical
app/Domains/WorkCore/Manifests/workcore-five-domain-manifest.json,3045d31e5c95e432ec0a931e2ce3978d8edbd707e0043a5f07fd8f93057ac6ca,canonical
app/Domains/WorkCore/Resources/views/rosters/index.blade.php,c7a2ee2c47a11209a873c0867c3ebf58170b3072567667481f9d1612cbc4d007,canonical
app/Domains/WorkCore/Routes/web.php,b5598103a64ac5f0a51317d999fc4f5b596dc1a24f6e8511b0cf20e3c7b744cd,canonical
app/Domains/WorkCore/Shared/Support/TenantContext.php,01401807f63508d7686defd971230594a6472277c130276e67ed9e5d0d39450a,canonical
app/Domains/WorkCore/System/AI/Contracts/AiToolExecutorContract.php,6d82c658621fa545d7fc5b68b3184d9e1d2aa155016e293afafc0ef4c91cebcc,canonical
app/Domains/WorkCore/System/AI/Contracts/ToolCatalogueContract.php,974f7a5bab5acab8b99b0ad1441c1626177af0281dc8096e3227db2e4b7c4bd6,canonical
app/Domains/WorkCore/System/AI/DTO/AiToolExecutionContext.php,8703798104e95de272412adc59754d71f8b4589833ada2a8ef6a97c95052a267,canonical
app/Domains/WorkCore/System/AI/DTO/AiToolResult.php,c07f4ee4cf9eff4fb823743413ff12548f6672f4558b8f12989ab1e11f617e8b,canonical
app/Domains/WorkCore/System/AI/Tools/AiToolDefinition.php,afccfb91ba156278cadf3371fb525d2d1d5f476e8a1fbf8ac59b574cc07b10c3,canonical
app/Domains/WorkCore/System/AI/Tools/AiToolRegistry.php,176a638c0d7ed46d627cbe983586d523fdb6409b4946dce36fe17acb8f75eb9b,canonical
app/Domains/WorkCore/System/AI/Tools/AiToolRouter.php,334c0b2f6a2459c5db965613374ecf3ce66daf323952ac76c694c62c8fd080c9,canonical
app/Domains/WorkCore/System/AI/Tools/DomainToolRegistryContract.php,895b504b5345cf817f77a1069c7e04968539db37555ca9710d4ffde3bae0175f,canonical
app/Domains/WorkCore/System/AI/Tools/JsonSchemaValidator.php,de25c11052878143b364a567b55f6c3044d0ddca1e80253f1120bfacb3dd23f1,canonical
app/Domains/WorkCore/System/AI/Tools/NativeToolCatalogue.php,69cc5affa0612fcaab750ad5866cdb87c651804d55761339ca2ef130dcf5fe82,canonical
app/Domains/WorkCore/System/AI/Tools/ToolDefinitionFactory.php,6a8742e260dc0a8588f291065a8f8b9006abdd256bce613500085111e27d9f2b,canonical
app/Domains/WorkCore/System/AI/Tools/WorkCoreActionToolExecutor.php,c67fa8466d647b9dc2f0b32cacb1b2adbcfb31050080025a9e9d4b8220c65ca4,canonical
app/Domains/WorkCore/System/AI/Tools/WorkCoreReadToolExecutor.php,f1a910ebfa3f9c3dcb114ee95e92df8bea345e68e71a37aecd2908c2d275b628,canonical
app/Domains/WorkCore/System/Actions/ActionDefinition.php,d8aba52d9ae971f881099336a4d9a7cdbfd26574fc1e7b0823e19b608100b4f5,canonical
app/Domains/WorkCore/System/Actions/ActionHandlerResult.php,0aa6a25efd948d89fdc7a8d3d84e6a4b08b6a0e54e72eed1a05f727cd7184412,canonical
app/Domains/WorkCore/System/Actions/ActionRequest.php,a5668c35eb62efc42838126a845e2554cd70b41238a629a9139d07112d7cc667,canonical
app/Domains/WorkCore/System/Actions/ActionResult.php,888dde7fe4264a33d28480551215e2a2a11f3bcefbf315c812b9c45795f4531b,canonical
app/Domains/WorkCore/System/Actions/BusinessActionDispatcher.php,c9d73731b17f044bb74ac501bde82f2154c30c6401f241545dce16dd8e274086,canonical
app/Domains/WorkCore/System/Actions/BusinessActionRegistry.php,8cea966fb456f8897aa438426e87888a6b5bc76e06674552a61ff3489901ca66,canonical
app/Domains/WorkCore/System/Actions/Contracts/ActionAuditRecorderContract.php,1bfb9c73bf2585be0c06a9f16074bc24bef6a2b4262f1491a4a165d07d5a54b1,canonical
app/Domains/WorkCore/System/Actions/Contracts/ActionIdempotencyStoreContract.php,7a54f3997a1da42b8e526ac41e1deb74b5b614fe6bb42c679dffa165ea54e9d9,canonical
app/Domains/WorkCore/System/Actions/Contracts/BusinessActionHandlerContract.php,3cff950097d2ac1605bce9d294fb5c04d6ed2682cc0eabbc6c33f0bd97b20c78,canonical
app/Domains/WorkCore/System/Actions/Contracts/ConfirmationVerifierContract.php,04bd74f2aed18ea02d1f1af0fd5daa875e038caf5ba169016f3a80d3fe5eb9b2,canonical
app/Domains/WorkCore/System/Actions/Contracts/DomainEventRecorderContract.php,ff2a6dd3ba7fe1fcb55c5db1c23e2ae5d6a9009f7fcc10cbeb275d72ce95a0a1,canonical
app/Domains/WorkCore/System/Actions/Contracts/EntitlementResolverContract.php,4f85f481d8a786fd40d5d7a248475dead8f2889110f32758e459d2115cad1ba3,canonical
app/Domains/WorkCore/System/Actions/Exceptions/ActionConflictException.php,368e2ea67e09535e76ffe79d709123d29e7ef1bb79c044917534d206d88a9825,canonical
app/Domains/WorkCore/System/Actions/Exceptions/ActionDispatchException.php,52964a7aa587f1b5c92f6e5e8fcd688f8f8e54eccaff442a4e2a547c1492d349,canonical
app/Domains/WorkCore/System/Actions/Infrastructure/DatabaseActionAuditRecorder.php,c4c42fa96730b465b96f008fc8aa68b1cee1869a0dc73d2293842d1b9bc2b09d,canonical
app/Domains/WorkCore/System/Actions/Infrastructure/DatabaseActionIdempotencyStore.php,c2f95816c8ec0c2463c0e992e584dbadd5a2c1e15500e752fdca0a59382cca30,canonical
app/Domains/WorkCore/System/Actions/Infrastructure/DatabaseDomainEventRecorder.php,b121a0021c6248e76d75d9b9b313f9f1fdc8d72ccd544bec3776d336a48c9b8b,canonical
app/Domains/WorkCore/System/Actions/PendingDomainEvent.php,6509f0bce2d14b4cfeda3651f692bbf10a61f20ce639a5d0ad59dc605119d463,canonical
app/Domains/WorkCore/System/Actions/Policies/ExplicitConfirmationVerifier.php,a0fe7cb63f65b2ad6e8decc50678fefb220fd814b3c465e80d7e9ab4837c6213,canonical
app/Domains/WorkCore/System/Actions/Policies/RegisteredCapabilityEntitlementResolver.php,61bda562fc22341ae87e5997a613cefb2987e5cf11ab2d855376fe46fcbee10b,canonical
app/Domains/WorkCore/System/Actions/Policies/VerticalAwareEntitlementResolver.php,3ae7b7b1198e5c6318170bc9a40e23d7175c479b3c27c80b5c57377c4659ec94,canonical
app/Domains/WorkCore/System/Api/ApiResponseFactory.php,e97a633791bddf02b38c9bd36ec7d4703db01595cbbde82bfc146711235e76ec,canonical
app/Domains/WorkCore/System/Api/Middleware/WorkCoreApiExceptionMiddleware.php,33d66c2313d361356f494091abb4260155556ebf3be9461bb13e8b72a1e8928e,canonical
app/Domains/WorkCore/System/Api/Resources/AppointmentResource.php,d98fdc808bfe900ca84b32ca1ae9c539ebd83138c74d159bfcd30416e19fc2a9,canonical
app/Domains/WorkCore/System/Api/Resources/AssetResource.php,177dfd12e254043ce110cecda55b1acfe5cf6efcdb11f0fafc47ff597c821efa,canonical
app/Domains/WorkCore/System/Api/Resources/AttendanceResource.php,3555181190ce00a30cfe2b8d923fded79e00c8ed4dbd6f5a0f17a60eb6c6604b,canonical
app/Domains/WorkCore/System/Api/Resources/AvailabilityRuleResource.php,6074ec7df58a119b0cdbcfc8af55968d22bb83be95d3f64b3b57f36f2c468481,canonical
app/Domains/WorkCore/System/Api/Resources/ComplianceObligationResource.php,95135057e1ae1cf5c27527f255322bc48eb2d30a8292dcd7635e9021718d09b8,canonical
app/Domains/WorkCore/System/Api/Resources/ContactResource.php,2fcfd9b410961e46dbf319869d41cd21656ed1f8181ca7d1c4550eaa797045ee,canonical
app/Domains/WorkCore/System/Api/Resources/CrmActivityResource.php,d1056b5978780847e9af4430af81b6b78f0113986c168069a738cc0defb62d34,canonical
app/Domains/WorkCore/System/Api/Resources/CustomerResource.php,008951c655cf2fdf0ffa2dffca0f9b8c02eb26911fee3dabf3a079a8e4e15335,canonical
app/Domains/WorkCore/System/Api/Resources/DispatchAssignmentResource.php,8c1c15fd750d95ea423bc5ffbd93c649b21a90f5199da8da5c75ac4045dbe803,canonical
app/Domains/WorkCore/System/Api/Resources/FeedbackResource.php,e864ad9ca84990d5e26f5845e7ed7d2d538b253aa487e4c57c9008acbc4bc84d,canonical
app/Domains/WorkCore/System/Api/Resources/FormSubmissionResource.php,1bfd05fd01677e78d1fb55c77f33efab1ec048351a46d13c27bc3b9dfe2ca897,canonical
app/Domains/WorkCore/System/Api/Resources/FormTemplateResource.php,ebe41b8a1e3dca557ffe400976a8025229fec9febbaec15914c8a5e32aaa6921,canonical
app/Domains/WorkCore/System/Api/Resources/InventoryItemResource.php,b1d2805679e36d971af6f5fc2b4e24bf5fc7c23b159720b47386bc5ae831d990,canonical
app/Domains/WorkCore/System/Api/Resources/KnowledgeArticleResource.php,3c220cc21b07598cbae590c261cf73ab1e1a27968dd26f7071dfc3c1c3e80cb5,canonical
app/Domains/WorkCore/System/Api/Resources/LeadResource.php,1757ac576f0b3f9ea2d953ae82437d596d9caed25d13bf6c7c55958415d8e57c,canonical
app/Domains/WorkCore/System/Api/Resources/LeaveRequestResource.php,1e6f75fad0dd735cca8eacdaeb34250e5fd0e962724e9bd97c4df8a24eb0d1e4,canonical
app/Domains/WorkCore/System/Api/Resources/OpportunityResource.php,30bf1477e7730436060948ce769c51d06218c12727ce8eb3790b199227fbefb2,canonical
app/Domains/WorkCore/System/Api/Resources/PremisesResource.php,85885277707130e0ed5e7e38ef51204bd410e265db7f18a4ecfc66983e3aadff,canonical
app/Domains/WorkCore/System/Api/Resources/RosterResource.php,343de046d3bb83c0c10cb145c1b440368bebf684b579d84da1ceb7222f3eaf3f,canonical
app/Domains/WorkCore/System/Api/Resources/SalesPipelineResource.php,b5a645e8d2ddd0989c29e83e83d693bcd095deba92961f3f1de23eb6feb767d5,canonical
app/Domains/WorkCore/System/Api/Resources/ServiceAgreementResource.php,9c52dac1348c38380878e152395491c0aa27be5b387d7b2e8545b52824888072,canonical
app/Domains/WorkCore/System/Api/Resources/ServiceResource.php,7f0236ffd0ae8e6b6b03526f44ac9cf5b4d4dfe5b21348db19595aab363db663,canonical
app/Domains/WorkCore/System/Api/Resources/SupportTicketResource.php,279509303a9db6d97a28f097df2ad0929b55f1959e2807fee472fb1862ee0f11,canonical
app/Domains/WorkCore/System/Api/Resources/TerritoryAssignmentResource.php,81c12299728f5976aa9ecfff5b474ba95952f384efa3371fc5494fd425dcebd4,canonical
app/Domains/WorkCore/System/Api/Resources/TerritoryNodeResource.php,9deba0985e7141a915f337bce5c23e6afa3cc35eacc9e49fc8330188e58a6ffb,canonical
app/Domains/WorkCore/System/Api/Resources/TerritoryResource.php,63bb0392b8f66be312d6a51dc054b69fc4b9314759364d4ba17c973985c47963,canonical
app/Domains/WorkCore/System/Api/Resources/WorkOrderResource.php,21339dd98ed1f1d186bf43d7ff6ff0293a8c55b1fe929f7d65ce2abbe012f281,canonical
app/Domains/WorkCore/System/Api/Resources/WorkerResource.php,8eeae6528be8890113d61e22d31cfb4417ec225aa5d2e2f962ba294386de9847,canonical
app/Domains/WorkCore/System/Authorization/CompanyRecordAuthorizer.php,ecbce622c9fcc716016fbc42043f12ed0b5c5c43e457a2f5e2befd6f33c10a06,canonical
app/Domains/WorkCore/System/Authorization/WorkCoreAccessLevel.php,aee5ef727b1fba07227a819dcbab57eb46e87f7b656bae2f67572b16bf263e0f,canonical
app/Domains/WorkCore/System/Capabilities/CapabilityDefinition.php,b93d99999c4c48b7a975aecc9220ddacdbc25f5dea2b4ae4b9d55dbf5bda5d48,canonical
app/Domains/WorkCore/System/Capabilities/CapabilityRegistry.php,f50107014b133b6c7c8f981f0bd73332b3ef2ad083e1ad85a955c2009811d9be,canonical
app/Domains/WorkCore/System/Capabilities/Middleware/RequireWorkCoreCapability.php,4ed5959ca0d524e8e67ab45aff1f7e6e2497d4383edcad82f2f8075e4bbf777e,canonical
app/Domains/WorkCore/System/Company/Actions/AcceptCompanyInvitation.php,65ba8e44cfd5ce6bd0d823d23f5bd9c299b6d5fdf8452ca6eb773cd290b07bde,canonical
app/Domains/WorkCore/System/Company/Actions/CreateCompany.php,2a80a5d0a9b349ac933c61030602b31a0ae2c332f0f63ac384d351e1ddb829ee,canonical
app/Domains/WorkCore/System/Company/Actions/InviteCompanyMember.php,4d75b450afc551a00628cb3bc1635f907cc6dda0d8745278293e81dc967e02e2,canonical
app/Domains/WorkCore/System/Company/Actions/SuspendCompany.php,89c3142256a82ea721295b7718368411d62766e96d83cdfb89bfb59393a2375f,canonical
app/Domains/WorkCore/System/Company/Actions/TransferCompanyOwnership.php,3a02ceb28e1daac6991bf9c1290b69e841c7fd9a7984d8ebd5db02c1bc8d3391,canonical
app/Domains/WorkCore/System/Company/DTOs/CreateCompanyData.php,b3bb669b5d48dad38edb430362861dd26f5ac49169971273956efa2854cae06e,canonical
app/Domains/WorkCore/System/Console/Commands/InspectWorkCoreDonorsCommand.php,c0aac1fadbb76279b92f66330e72593c88e97b0b29ae3a87919860a7bfe639df,canonical
app/Domains/WorkCore/System/Console/Commands/PublishWorkCoreOutboxCommand.php,32850741802918b35895fda2e56e0b9a077bc4e4fa9f545fec48b51d321e2b2a,canonical
app/Domains/WorkCore/System/Console/Commands/WorkCoreDiagnoseCommand.php,f38b76af135299e3045bc1543fb90080ba87b19d97b561382f938585def90cd7,canonical
app/Domains/WorkCore/System/Context/CompanyOperatingContext.php,3b3a6b5a9681525e4f252e22127394f8945fdee9e77a10d1f25d51eaa4567509,canonical
app/Domains/WorkCore/System/Context/CompanyOperatingContextResolver.php,dbb4a57ddfba3d18f737309095725639c993befdb867f53bcc6cbbefc82a313d,canonical
app/Domains/WorkCore/System/Context/ContextIdNormalizer.php,fc9e9b56c06c4a0de8e769bf838deb57013ffb423373d3182c9af8fd54ddf557,canonical
app/Domains/WorkCore/System/Context/OperationContext.php,aa65a82bd4400acad2c6f1d48ab021b5c3bf0a405d0eb7d28350c8742fb861db,canonical
app/Domains/WorkCore/System/Context/OperationContextSnapshot.php,ccbb5c38df2b505f04073397878d595b1d4cfa5abc4ecb1288d4b28340abe15e,canonical
app/Domains/WorkCore/System/Context/TenantContextSnapshot.php,09c0477a52c7825e25429ea86438ac04c723c8b1007ae84e0af40bf0d5d0ab46,canonical
app/Domains/WorkCore/System/Contracts/OperationContextContract.php,007bf510ccd4aab5569f893675b96889efa6756fb483a2b96c9c6bf5188124a5,canonical
app/Domains/WorkCore/System/Contracts/PermissionResolverContract.php,f62c8c49c67411f98511fbec0d2c95e460808feffe872e8f4809d4065a2adbac,canonical
app/Domains/WorkCore/System/Contracts/Records/Adapters/AbstractDatabaseRecordAccess.php,3d32f511ff89375eb27a9e12c9eb2136ff68425037354edceb904e15b32182a1,canonical
app/Domains/WorkCore/System/Contracts/Records/Adapters/AppointmentAccessAdapter.php,4c1cfb1288639b5c76ba7209b5b7b07e2d82ed0a438781ce9d80468695b7f392,canonical
app/Domains/WorkCore/System/Contracts/Records/Adapters/AssetAccessAdapter.php,aa9c254733677c03a044a57d6e8a38bce675fade4968f441bf1c4dd64bf20642,canonical
app/Domains/WorkCore/System/Contracts/Records/Adapters/AttendanceAccessAdapter.php,003b085df7797a3fb600c337814d426eccc020ade65775fc0a06eafca6e53635,canonical
app/Domains/WorkCore/System/Contracts/Records/Adapters/AvailabilityAccessAdapter.php,a441c65da296e49903d658d3ad5f975dc6fb848922ad36b6c875feca1046c595,canonical
app/Domains/WorkCore/System/Contracts/Records/Adapters/CompanyAccessAdapter.php,315402f159fca7b4d0b5268c859d5ebc89aaf60f7e8ccb7c3a362e35dfb26e8e,canonical
app/Domains/WorkCore/System/Contracts/Records/Adapters/CompanyMemberAccessAdapter.php,a5d4465c40cf6edb66384ec134e55ed138b78ba384a4dc0e8ca7a5eda50a7107,canonical
app/Domains/WorkCore/System/Contracts/Records/Adapters/ComplianceObligationAccessAdapter.php,956b2d1f57430868caf8a6e8a4dbcebff0202a3b94d75561f07ddf8aad1e3f1a,canonical
app/Domains/WorkCore/System/Contracts/Records/Adapters/ComplianceSnapshotAccessAdapter.php,ab9a6e3b351ec319602252acc120072df12018070a2ee3880e15456f5d480046,canonical
app/Domains/WorkCore/System/Contracts/Records/Adapters/ContactAccessAdapter.php,ee6900745f100b4fa400e2ccd022c636518a59e7d59522e8f92032898e5f8bf3,canonical
app/Domains/WorkCore/System/Contracts/Records/Adapters/CustomerAccessAdapter.php,addbd70f6948bfa900b04dc056d46151ce3934cd9cc67e588597a26559020443,canonical
app/Domains/WorkCore/System/Contracts/Records/Adapters/DispatchAssignmentAccessAdapter.php,f80abe91ac05614a0c7cb1572f8d13a334a9f0185f318d42f40678a39721db8c,canonical
app/Domains/WorkCore/System/Contracts/Records/Adapters/FeedbackAccessAdapter.php,817676930fe745aa38e71f00dfd27828ed6662558ded7e97725e37356b9886f7,canonical
app/Domains/WorkCore/System/Contracts/Records/Adapters/FormSubmissionAccessAdapter.php,8ec776c637090c3a46761687abb673c72cf16316bcd8d5a1b576510313a2f09a,canonical
app/Domains/WorkCore/System/Contracts/Records/Adapters/FormTemplateAccessAdapter.php,e17994e11c1cbe3ea6df8ede51ddc4e0f415bb144d1d4136a6f8f185b6216880,canonical
app/Domains/WorkCore/System/Contracts/Records/Adapters/InspectionAccessAdapter.php,45e49e98b0b22fd9a8d8e3faf2b77681b898d23cb59eb8ec443090e4586cce89,canonical
app/Domains/WorkCore/System/Contracts/Records/Adapters/ItemAccessAdapter.php,25e7f86a63858f26d20393d2c4c56b92b36e067de64dd49eca2165acc8af8a58,canonical
app/Domains/WorkCore/System/Contracts/Records/Adapters/KnowledgeArticleAccessAdapter.php,e1ea2bca2de3b02a22b318563ea47950c5b415c8b1235b7a417c5c8854fe41b0,canonical
app/Domains/WorkCore/System/Contracts/Records/Adapters/LeadAccessAdapter.php,1ddd0fbc27ad72a9a360d7cb333f53f759eed4f15e258ff868c626500007cc7f,canonical
app/Domains/WorkCore/System/Contracts/Records/Adapters/LeaveRequestAccessAdapter.php,402920d70e204a631d6d7ade1f66cf844fe463616b50e484e9954c422dad676c,canonical
app/Domains/WorkCore/System/Contracts/Records/Adapters/OpportunityAccessAdapter.php,7a5cfe16ea921f7d51570d07e5988ea8ed74d92ad2c09a3dfa407726ec10d306,canonical
app/Domains/WorkCore/System/Contracts/Records/Adapters/PremisesAccessAdapter.php,6760811bef4f58b66d69892e4ac54c09f4987ea788284978f112bb24d78f31ee,canonical
app/Domains/WorkCore/System/Contracts/Records/Adapters/QualityAuditAccessAdapter.php,048d631d46c118cc2a638f0accfcd44b55411e6297baee28070abc8e50582916,canonical
app/Domains/WorkCore/System/Contracts/Records/Adapters/QualityCorrectiveActionAccessAdapter.php,10d7a653c230ea852c058d25647bcac1207e659be67b32faef3610f8d3be1372,canonical
app/Domains/WorkCore/System/Contracts/Records/Adapters/QualityIncidentAccessAdapter.php,4ca31288345134099e69bd1f37421a1395ba6831a2cb2f90ad32d8d8dad789a5,canonical
app/Domains/WorkCore/System/Contracts/Records/Adapters/QualityNonconformanceAccessAdapter.php,f1b6400588561d08ed01826851a1ef62547ebd97b0d55dbf5a4b9be58b8f889b,canonical
app/Domains/WorkCore/System/Contracts/Records/Adapters/QualitySignoffAccessAdapter.php,2373e7e09fb57c677fd08ad6d5079830d2b7885326ec41f0ef66f8b00625996f,canonical
app/Domains/WorkCore/System/Contracts/Records/Adapters/QualityStandardAccessAdapter.php,75956178c5513e3436ef1e4926bbb8bc7fc5a57c23c07e5f334ae32cb4e04333,canonical
app/Domains/WorkCore/System/Contracts/Records/Adapters/RecurringServiceAccessAdapter.php,272719b50c2339cdaefa6827cfb5ef7d72e0d78200e21f9594c57cf402c2ab7a,canonical
app/Domains/WorkCore/System/Contracts/Records/Adapters/ReviewAccessAdapter.php,0f834141a5e679ba27b0a90ee0b356548266666480b00fd35c93f4125041c4a3,canonical
app/Domains/WorkCore/System/Contracts/Records/Adapters/RosterAccessAdapter.php,684aa32f84b917c4f6a8ff9edb1927fc67875f64de065dd038dc94655aecd745,canonical
app/Domains/WorkCore/System/Contracts/Records/Adapters/SalesPipelineAccessAdapter.php,b56184d873d5710fd2b9d81941cd7b89b1342b7dbee226cf8134d35e723941b4,canonical
app/Domains/WorkCore/System/Contracts/Records/Adapters/ServiceAccessAdapter.php,685c0bfe6eda04592154700732ac9d3583fd24c9df3fcf86a593e99daf1018e1,canonical
app/Domains/WorkCore/System/Contracts/Records/Adapters/ShiftAccessAdapter.php,840649e84033b0cb2c99876327ca7970d825408dae211ccfa384dd518529069a,canonical
app/Domains/WorkCore/System/Contracts/Records/Adapters/SupportTicketAccessAdapter.php,56006c9c5da10ab258cf84d0e4895c321227cf6df61418e2eb78a97b8b126360,canonical
app/Domains/WorkCore/System/Contracts/Records/Adapters/TaskAccessAdapter.php,653ab840457b6ab9249cfcf7889e34523e739397499425473a164495fe3bde2d,canonical
app/Domains/WorkCore/System/Contracts/Records/Adapters/TerritoryAccessAdapter.php,af9e1a7181a129fc31c4e4715e0ed88b902ec5d5e601e4352f3217f3d9bea3da,canonical
app/Domains/WorkCore/System/Contracts/Records/Adapters/WorkOrderAccessAdapter.php,f3ef61c8577eac23b27a944e0a633d1d84d66d60775faddacc6f5321d6ab9a69,canonical
app/Domains/WorkCore/System/Contracts/Records/Adapters/WorkerAccessAdapter.php,fb930dd8d8ff115954ee51df2179e0769fff5c130c746406bbec826eb8a96e10,canonical
app/Domains/WorkCore/System/Contracts/Records/Adapters/WorkerCredentialAccessAdapter.php,479c53c10ee3cf44774cfab5bf41e74b5e017807eb5bdf27c12e6708e4127770,canonical
app/Domains/WorkCore/System/Contracts/Records/AppointmentAccessContract.php,adcdaac95caac1fa713c84c765b9bbc9dc24c6e6c8b7287074bbab280acd04b3,canonical
app/Domains/WorkCore/System/Contracts/Records/AssetAccessContract.php,4037aedcdc482defdf312d2a9be3c50483f561155d2141a2bf19837fb92d902b,canonical
app/Domains/WorkCore/System/Contracts/Records/AttendanceAccessContract.php,d69f914e9a57730b7544e0a612bd90df15b480f202338b28f31ea360c69dea77,canonical
app/Domains/WorkCore/System/Contracts/Records/AvailabilityAccessContract.php,937a6aaddbcfe2610b4c1fe6d2c8db45cca3ba7c656795f7b5478bd9757edccb,canonical
app/Domains/WorkCore/System/Contracts/Records/BusinessRecordAccessContract.php,8fc3b2e9f3d98da6e50e230e3c465d196038b93cd7bdf134b120d83fe1071db8,canonical
app/Domains/WorkCore/System/Contracts/Records/BusinessRecordSnapshot.php,ac6946f6b9070d10a183b90d3413d43fb47d5f4a35190f9a28a821572779c165,canonical
app/Domains/WorkCore/System/Contracts/Records/CompanyAccessContract.php,0539728190cbd126aa9aafa7e4652611b8520d5cc9b0101389a762c426dcf6a4,canonical
app/Domains/WorkCore/System/Contracts/Records/CompanyMemberAccessContract.php,7a3cfac4be6c580e998ea76441060616e97647652519a553221fa770662bb7a3,canonical
app/Domains/WorkCore/System/Contracts/Records/ComplianceObligationAccessContract.php,dae955f6d2ca0d04dd94ce5f0486a90426070d0363c262a706bb5decb7b39954,canonical
app/Domains/WorkCore/System/Contracts/Records/ComplianceSnapshotAccessContract.php,d32a766e8c447527b0ef22913f21e377ed1d42c127dd73fd3d58f4fb60678962,canonical
app/Domains/WorkCore/System/Contracts/Records/ContactAccessContract.php,a40c5bf383f2f2920a82618f11ebbc9d89605cbdc4f5a9a7f5b1699a0704d83a,canonical
app/Domains/WorkCore/System/Contracts/Records/CustomerAccessContract.php,096a19bf8f804784ed435debb816f8ba020eb9ee934ad55ee9e939bce0039ef2,canonical
app/Domains/WorkCore/System/Contracts/Records/DispatchAssignmentAccessContract.php,372fe4972cf60f2247410cd8748784c3fd06a7698ae51c5cd9bb4514dedde1a6,canonical
app/Domains/WorkCore/System/Contracts/Records/DocumentAccessContract.php,00edd9caaf8828f678f87d77e55c1db29e6b2db1f9ae1abeff3742b31f520017,canonical
app/Domains/WorkCore/System/Contracts/Records/EvidenceAccessContract.php,b58d14addf5dbecc6747580ffccbbf4a5ef1367144255ce9a1bda71ebff81d2b,canonical
app/Domains/WorkCore/System/Contracts/Records/ExpenseAccessContract.php,635cde00eba4c6a71a2ca424496f97bfe1c5be2e1e27cc7d00fa2067e71ae824,canonical
app/Domains/WorkCore/System/Contracts/Records/FeedbackAccessContract.php,767ce1aa38b7bc46274f6b72da6eac73f8b462dbacc7a938c61d18b38c91bf1c,canonical
app/Domains/WorkCore/System/Contracts/Records/FormSubmissionAccessContract.php,081142055d8616a44ec152519cc1a40bd5c28a8c049b63e71a455f5a7e0d237f,canonical
app/Domains/WorkCore/System/Contracts/Records/FormTemplateAccessContract.php,dbad08228d0d26259d7d50479500141632d05324f553c800dcf5cdb306d06503,canonical
app/Domains/WorkCore/System/Contracts/Records/InspectionAccessContract.php,3d75c7942b491cefb351de13fae12cc2653a292aea993ac3129a3c741ed268f0,canonical
app/Domains/WorkCore/System/Contracts/Records/InvoiceAccessContract.php,962f96b2977447ae9dae326ac81c91735249b601652f762264efd0b43ff9a2da,canonical
app/Domains/WorkCore/System/Contracts/Records/ItemAccessContract.php,4ba81b46f8eabc825bcb6d912fe0bcdaf8c378e857232fccc76a768e5ffa2784,canonical
app/Domains/WorkCore/System/Contracts/Records/KnowledgeArticleAccessContract.php,650f15a5f40f704c5c796f02e4c6e7556910112934757064f198e365825f1a2a,canonical
app/Domains/WorkCore/System/Contracts/Records/LeadAccessContract.php,cc886191c4a735db9e0ada225f512fbebc20c7fd4face51a4aacd77d081efeb7,canonical
app/Domains/WorkCore/System/Contracts/Records/LeaveRequestAccessContract.php,590a92d61548a92274e22b5ebbdc99ebe19b6d994cbd9e962163c439912d4488,canonical
app/Domains/WorkCore/System/Contracts/Records/OpportunityAccessContract.php,eacfeef610b614ffc2c40bd43293fd6d859cd6137152a519225b8fcdae9cdeb1,canonical
app/Domains/WorkCore/System/Contracts/Records/PaymentAccessContract.php,0fcb1897c15adf4540f34ae131a1b4ebddf0e7c1243a36758a5326cd5f883732,canonical
app/Domains/WorkCore/System/Contracts/Records/PremisesAccessContract.php,e1fe4f74c35eb8482cb0bae2919163e93e2bbd45ff4681967cdda5a4031cf739,canonical
app/Domains/WorkCore/System/Contracts/Records/QualityAuditAccessContract.php,134233fa5acba32da6e9f67ea8d655e0b9c7db33cf10f9a1051ad2216d936cb6,canonical
app/Domains/WorkCore/System/Contracts/Records/QualityCorrectiveActionAccessContract.php,3e2e1c50220ecd96d97694376c566b0fd06e53f11b5458dab258bab3658adea1,canonical
app/Domains/WorkCore/System/Contracts/Records/QualityIncidentAccessContract.php,e65cc6ba474dd68642b609aac27b3410759b9054228629ba545e8cc5cdef4911,canonical
app/Domains/WorkCore/System/Contracts/Records/QualityNonconformanceAccessContract.php,e4f5aa332fb5db96b1f07ddf89f0294f8f14d596723aa8ac4365574cd83d99c5,canonical
app/Domains/WorkCore/System/Contracts/Records/QualitySignoffAccessContract.php,d284615eb00733c833a836c04321be536a979b35f6a1b234764d12742e81676b,canonical
app/Domains/WorkCore/System/Contracts/Records/QualityStandardAccessContract.php,6edc6d2a4db742602cb258ed830681e0b243773fbad03974bbaca880258c64e4,canonical
app/Domains/WorkCore/System/Contracts/Records/QuoteAccessContract.php,d38b9619d3f513fc0bdc840ff0eae23b2fa120a628b0d021c9b05d65f8a6b23d,canonical
app/Domains/WorkCore/System/Contracts/Records/RecurringServiceAccessContract.php,4a05f436920c7cba038c40dab30174436365440723b5ed2fac857353f56d3e1b,canonical
app/Domains/WorkCore/System/Contracts/Records/ReviewAccessContract.php,01df9f86c622ce02f8e954411a912e55c93faf687cee5a2cbf31578f876f9b44,canonical
app/Domains/WorkCore/System/Contracts/Records/RosterAccessContract.php,7ce839be334e9f8c068bfb35f9fcd25cd48e0d1de24819b8a6893b2b2ee07533,canonical
app/Domains/WorkCore/System/Contracts/Records/SalesPipelineAccessContract.php,ee8ad1f854abe65ece1f70e1e8488800cbd82762021e576ef02915d834f6b323,canonical
app/Domains/WorkCore/System/Contracts/Records/ServiceAccessContract.php,1f49ce611ba5db1e595c9fa488d11df3f7f3d4cf05f8931c69ae00a0f23d4e4e,canonical
app/Domains/WorkCore/System/Contracts/Records/ShiftAccessContract.php,df5938216913ea023a8d7ec4f673cb350fceb9911e3fdb4dd71b1627b6f35c9b,canonical
app/Domains/WorkCore/System/Contracts/Records/SupportTicketAccessContract.php,928b1cc1d3efe75b38f62554f3134dff90310c6a95f9de2b9089d3e0787a477c,canonical
app/Domains/WorkCore/System/Contracts/Records/TaskAccessContract.php,0cef5f5102597c235aa9f2ca6296db733de8f0228b0f5ad5d045a9490a91915d,canonical
app/Domains/WorkCore/System/Contracts/Records/TerritoryAccessContract.php,87882a800be3cec802081a1a5035dbc0be70da0ee7933c21c2866e8b71f53e55,canonical
app/Domains/WorkCore/System/Contracts/Records/WorkOrderAccessContract.php,2fda4742448dd933877c2ea1f76338caa56db21392b5421bce7bed6f104881a0,canonical
app/Domains/WorkCore/System/Contracts/Records/WorkerAccessContract.php,24424b2a5bb23f7bf02443f4df03d856661f8385f773c1a15b8108575a5f10b9,canonical
app/Domains/WorkCore/System/Contracts/Records/WorkerCredentialAccessContract.php,dc825cb9ad22548d48036c4c8ff99a13954adf0eb983ab26205aef366239514a,canonical
app/Domains/WorkCore/System/Contracts/TenantContextContract.php,7fc31563c2fc1e247651a474a7fac5d9d4d4633f938ec6d5b8cae35d7efac325,canonical
app/Domains/WorkCore/System/Contracts/TenantResolverContract.php,09a092983bd14abf8140432f9c42d2cc56dcca6db2800eebdf80d00dfe5a6d08,canonical
app/Domains/WorkCore/System/Donors/DonorSourceDefinition.php,116b1bf5c523315ec20f809c06629fb957a3b0857100f48e114e0a967e3ea5c9,canonical
app/Domains/WorkCore/System/Donors/DonorSourceRegistry.php,6f1f2fd986b69fcbfdb81b06087c2419f95f4aa7d00f52cc7cdbbadf976cad09,canonical
app/Domains/WorkCore/System/Donors/FeatureSourceDefinition.php,f1d6796817817bdb5ec6bbdba7d37d990cf338ee59dec2d6ecdced5c734f2bb9,canonical
app/Domains/WorkCore/System/Donors/FeatureSourceRegistry.php,6469bd313e5974cd96115e82b84c9625e8df441ade9711184fe6cfc236e617e5,canonical
app/Domains/WorkCore/System/Events/DomainEvent.php,ba06f2916328a8b8140dbb75b0b7a4bef0aa69cf1aee41808a5bef668efdea41,canonical
app/Domains/WorkCore/System/Events/DomainEventContract.php,4791f91dee423ad966190335329ff1ba66596b272889798ba6f20f90ec8a4bcb,canonical
app/Domains/WorkCore/System/Events/DomainEventEnvelope.php,0880888570b003af18208dab45ac7103f9741d8307a47ecd9762cd4975ffbd86,canonical
app/Domains/WorkCore/System/Events/EventIdempotencyStoreContract.php,782d425524d09bbe7554ab2e82295815afa5c0ef311a3bbc6f1db113b96f8de3,canonical
app/Domains/WorkCore/System/Events/RecordsDomainEvents.php,e20d4d39389b2110b8c3db61767ef6f264c0c5e16dd820d5e7b41d6a59ee0fa7,canonical
app/Domains/WorkCore/System/Expansion/Actions/ActivateAdaptiveDomain.php,39344912659f6a124015f44dfb99b73cfa3ed20f7a08f6924108c1c8fa9ed768,canonical
app/Domains/WorkCore/System/Expansion/Actions/ActivateAdaptiveFeature.php,d9fa0380d17367a9371284b0d246418e77247b21ba54e38285875f663a438a41,canonical
app/Domains/WorkCore/System/Expansion/Actions/ApproveExpansion.php,58375b989539ca48944bd0a033a1a05ad2bdc4866fa990dff2e28bcd33b50b3e,canonical
app/Domains/WorkCore/System/Expansion/Actions/CreateAdaptiveRecord.php,755b51c8d327ab599433f55ccaaf58f8f2078ccc5fe09176e190c0305a498c63,canonical
app/Domains/WorkCore/System/Expansion/Actions/DisableAdaptiveFeature.php,f666ffab8ea6ff9d61106db4e898e607bfaf9a23fea0ce8c729bdd39059c5eb1,canonical
app/Domains/WorkCore/System/Expansion/Actions/EnsureCapability.php,bb185f8cfbdc536bac2d7fd700315aa4ddf016dbefa88d98ba1ecf8bb341bb1b,canonical
app/Domains/WorkCore/System/Expansion/Actions/ProcessAdaptiveFeatureEvent.php,7ad36c3c37eba7925ddb27776ddc8809712adefab66371bf8cdfb13f77a20546,canonical
app/Domains/WorkCore/System/Expansion/Actions/RollbackAdaptiveDomain.php,27977c871021a8d7cdd6241738f5595a485f514738ac663e84b1715db46f051f,canonical
app/Domains/WorkCore/System/Expansion/Actions/UpdateAdaptiveRecord.php,fd6347b00bdbd32227f70fe7b02bb616f839b2f06492be6b8655b8f0de49e793,canonical
app/Domains/WorkCore/System/Expansion/Contracts/AdaptiveFeatureRepositoryContract.php,15dfe7aaea03d5a65c0153d3cb655395c7a0d06a1e5645df8ec6befa521117f6,canonical
app/Domains/WorkCore/System/Expansion/Contracts/AdaptiveReferenceValidatorContract.php,6db3f001ff754f871d8a8392964a2dd66785cda3dae5e2dcf92ab8670ce3e21a,canonical
app/Domains/WorkCore/System/Expansion/Contracts/ExpansionModelGatewayContract.php,e1614501fed9311ec6aae32588af051c101be54b92e59849f45fe8173bbc3083,canonical
app/Domains/WorkCore/System/Expansion/Contracts/ExpansionPlannerContract.php,57314c0c255c223c5d313aab57520f248058aa7ff02475cb0985dc8f38b3fbbc,canonical
app/Domains/WorkCore/System/Expansion/Contracts/ExpansionRepositoryContract.php,a604147e92f508d6207c59f8cde08bc8b4efae3fc5f2b112ab21fbd3b602a3d2,canonical
app/Domains/WorkCore/System/Expansion/Contracts/RecordSchemaInspectorContract.php,b9c51f021bc8e8105d17c4a129006df2722bdd86174f03def0e2aa419ccfe377,canonical
app/Domains/WorkCore/System/Expansion/Data/CapabilityInventory.php,ba7cc1507f6807a7ac161bd6cc9a0b3fb236c3720b6ccb9bd5634252fcb32351,canonical
app/Domains/WorkCore/System/Expansion/Data/ExpansionAssessment.php,c03b86a91e330ea62cb8a28de9046ff34abad9101376c49c057166a9f6d4e5fc,canonical
app/Domains/WorkCore/System/Expansion/Gateways/NullExpansionModelGateway.php,6958aa0c1745335e2c23d300228de2bbff5f6aaad3c275b3c4566702e7a40b23,canonical
app/Domains/WorkCore/System/Expansion/Infrastructure/DatabaseAdaptiveReferenceValidator.php,a376ee9c8c7fd224fdf48e5a48ccd78c1bb3f10cdd31adb5212df9085b91fb6c,canonical
app/Domains/WorkCore/System/Expansion/Infrastructure/LaravelRecordSchemaInspector.php,022edb4addb426552992ce11a5b16cfb73ba9a6379f8383bda287760f6a2aaca,canonical
app/Domains/WorkCore/System/Expansion/Planners/HybridExpansionPlanner.php,05bdba6c39cf705181d9ef2582f1882be83cdc8f50d264c51f6f0a72e8a79192,canonical
app/Domains/WorkCore/System/Expansion/Planners/RuleBasedExpansionPlanner.php,a28a59300db16e3fedd94c1a5bff50e87ee4b1a4ebf77bb9f3a0b6c7eb250ac5,canonical
app/Domains/WorkCore/System/Expansion/Providers/WorkExpansionServiceProvider.php,8ea273837a931caa53cffd4793b3fb34c557cc933bd17d2f1d9d8fe3678036f9,canonical
app/Domains/WorkCore/System/Expansion/ReadModels/AssessCapabilityRequirement.php,447bd1e65650d84001632d68fce55aadd3a1957aa0371a0d9fe19e844a181128,canonical
app/Domains/WorkCore/System/Expansion/ReadModels/InspectAdaptiveFeature.php,e3d106309c6c9f4fc3d632bd01f65ec18ef0d7b28833a3f1ac44e15b73cbb404,canonical
app/Domains/WorkCore/System/Expansion/ReadModels/InspectAdaptiveRecord.php,23edf7ecb44e1150821f4d069e92742d60454722fbf4bc2aa7fe0135294bcd4b,canonical
app/Domains/WorkCore/System/Expansion/ReadModels/InspectExpansionRequest.php,2d78b2db07a7dd3635e4b6d35013cc28759ec5ef6a0bfa1ead2b22bb3ae139d8,canonical
app/Domains/WorkCore/System/Expansion/ReadModels/ListAdaptiveDomainVersions.php,43bccdb2226d318a1b5b47de7ce022e877799df899e05c114181f3e0dc660a6f,canonical
app/Domains/WorkCore/System/Expansion/ReadModels/ListAdaptiveDomains.php,c25e0249b43f9bda9f2b383ce5a9b1984f0d34b45c042bc9e903d7a83ae68a68,canonical
app/Domains/WorkCore/System/Expansion/ReadModels/ListAdaptiveFeatureRuns.php,ec011348f5b00e69eeb3ae64e99ac11e8cfe939b610a979f3aba4faa15ed783c,canonical
app/Domains/WorkCore/System/Expansion/ReadModels/ListAdaptiveFeatures.php,8a1faaafbe55f9125f4bf68e8e9e2015f6d291b8d80638b0c399b5991dc1aabf,canonical
app/Domains/WorkCore/System/Expansion/ReadModels/ListExpansionRequests.php,358fb027bbfac2ee6dc1b7ab04f087eff591ab1a6d2277f6a5425b02c23ff3c8,canonical
app/Domains/WorkCore/System/Expansion/ReadModels/SearchAdaptiveRecords.php,89ac21f5eaffb8ca560b9030ad7c5ee7813a77d2ef9b73811db5605687bc4673,canonical
app/Domains/WorkCore/System/Expansion/ReadModels/SimulateAdaptiveFeature.php,68fb2c44cf8995111670f8a91c051cb7387dbe593f66cb36f2c11148d2cc07ae,canonical
app/Domains/WorkCore/System/Expansion/Repositories/DatabaseAdaptiveFeatureRepository.php,90790380b4191a9bb688bc7c5618fae9cf3ccb9b5bfa5b9b8b940024fb45a2b5,canonical
app/Domains/WorkCore/System/Expansion/Repositories/DatabaseExpansionRepository.php,567d04dd38176c6935a38cd80ef89db1e6733d4d117afe233516b0662f58fe5b,canonical
app/Domains/WorkCore/System/Expansion/Services/AdaptiveBlueprintCompatibilityValidator.php,36880b4242084d05e110e73358ddef28d107dcbbfcf9e8c9cb50bd271fb18eb2,canonical
app/Domains/WorkCore/System/Expansion/Services/AdaptiveBlueprintRollbackMerger.php,bcfc43fd877e856881d2f3524855be5df2efae7ba6d8d6c9ebca8fd161bdc8e6,canonical
app/Domains/WorkCore/System/Expansion/Services/AdaptiveConditionEvaluator.php,527cd2f0feda436796d8207aa749f7a914e51dad135cf11c658bfb1379aecd91,canonical
app/Domains/WorkCore/System/Expansion/Services/AdaptiveDomainBlueprintValidator.php,9f5557f48e53f59bac985bd40562645d59a40184b18cb5c2af5f35ed4d6ebede,canonical
app/Domains/WorkCore/System/Expansion/Services/AdaptiveFeatureBlueprintValidator.php,a2fe0613fd9222f633e23391a6f516a0ad50309423c6affe0dbdaf8d6c3d899d,canonical
app/Domains/WorkCore/System/Expansion/Services/AdaptiveFeatureDomainCompatibilityValidator.php,11c53aef4a9878aa7fe50caaeeda0cc62f15a56d1bc933bcedd5fbe475cca615,canonical
app/Domains/WorkCore/System/Expansion/Services/AdaptiveFeatureEventProcessor.php,193303350f52cfa1285bbc35e7edf94f785961aceebe970bddd5c3369d544782,canonical
app/Domains/WorkCore/System/Expansion/Services/AdaptiveFeatureLoopGuard.php,900bbbd9e9bd2eadcb559bd651b5e34851434aad3d6ba7f9a209abf71701b89f,canonical
app/Domains/WorkCore/System/Expansion/Services/AdaptiveFeatureSimulator.php,234cedb81d11d9d911598276b2af48a09d5a7921f7a2abeb34f2fb4f065f06d4,canonical
app/Domains/WorkCore/System/Expansion/Services/AdaptiveFeatureValueResolver.php,d8f208ac2f74063ad82a2e8482ac715a673bdc8f23827f7892662154176eb6a9,canonical
app/Domains/WorkCore/System/Expansion/Services/AdaptiveRecordValidator.php,672c90766eba210ac8a1115e4a4a29c0b10a536420e74a8a0e100c176a68a7e3,canonical
app/Domains/WorkCore/System/Expansion/Services/AdaptiveStatusTransitionValidator.php,366e717a054f7dcb15bce82ff3dddf1b18d3de93d4db1cb01acbf7be34118360,canonical
app/Domains/WorkCore/System/Expansion/Services/CapabilityGapAnalyzer.php,9f1c00d5e09ae5ab395b26aeaa37ea875ffe5e2e269d49cfcfd9c9d12885a8cb,canonical
app/Domains/WorkCore/System/Expansion/Services/CapabilityInventoryBuilder.php,12c4ba2afa333f61cd1818a06b03f8fc11b7c79eadc53bcc7c7b23b89302368a,canonical
app/Domains/WorkCore/System/Expansion/Services/ConfiguredRecordSchemaScanner.php,311b3236f342bd0f58858964868fdcb25ac419fbea05d3d394e770bcaeec60ba,canonical
app/Domains/WorkCore/System/Expansion/Services/RequirementNormalizer.php,80d85cf4c3f170d3ae8b124259b038569e0fa729cdb67a7d171ee5f3141af049,canonical
app/Domains/WorkCore/System/Http/Controllers/AccommodationManagementController.php,e517287c6204201f30c49f3b7982a65be7bf612d05cefe1b1347201553b01db3,canonical
app/Domains/WorkCore/System/Http/Controllers/CompanyContextController.php,6efbe2e6ca671d5abd86c22e06f53740e6e78388839b9595ff5fd5947bc0f8a0,canonical
app/Domains/WorkCore/System/Http/Controllers/CompanyLifecycleController.php,2db2ff78007f984e7903fda117fcee8775e3b5d51ba37f78f1527b1e1dadb663,canonical
app/Domains/WorkCore/System/Http/Controllers/NDISManagementController.php,c5f0d0d43384372161b414b8407b4741abd8bf130d9bcbaf458fdbcdbc4aab74,canonical
app/Domains/WorkCore/System/Http/Controllers/VerticalManagementController.php,8a5c1d8f09effbb1cb8f39532ce255e9edf5b26434f2b0b2ab4b62b5da58f69d,canonical
app/Domains/WorkCore/System/Http/Requests/AddAccommodationChargeRequest.php,20f116752407ab5c68bbd4a654d07d2cef5c2259f586a53b13fceba285b7070d,canonical
app/Domains/WorkCore/System/Http/Requests/AddNDISCaseNoteRequest.php,ebd289c583fcddc5909cdb6a48534484d1893eabf80b1fc9eeb65a6726e52e60,canonical
app/Domains/WorkCore/System/Http/Requests/AddWorkOrderEvidenceRequest.php,1ff9228244e354c0b8af78a5dc53d94e866bbea34983c27b34022b152714d123,canonical
app/Domains/WorkCore/System/Http/Requests/ApplyVerticalSetupRequest.php,21a21552b6a2631a1eeb958ac142b61e14d8190207c9edd97eb5f5a93c1a1633,canonical
app/Domains/WorkCore/System/Http/Requests/AssignWorkerBusinessLineRequest.php,a573e2a80cbde5ba48bf998970d53ffa112f3a7bc0d8feaaaceeecab6c6956c0,canonical
app/Domains/WorkCore/System/Http/Requests/ChangeAccommodationReservationStatusRequest.php,65081e529e35d734e689b92b2eef3a8f4386fa2fa980cd852f9e52331ba39b1a,canonical
app/Domains/WorkCore/System/Http/Requests/CheckInAccommodationStayRequest.php,a19de6c6dd7b4ff20976dad6200e6932718296d3edd912bbd62b71b66b4b716d,canonical
app/Domains/WorkCore/System/Http/Requests/CheckOutAccommodationStayRequest.php,1033350cea0f5ff6f6d89ec15674a5167e5180671a3ea3034c003bdba8efce34,canonical
app/Domains/WorkCore/System/Http/Requests/CreateAccommodationReservationRequest.php,951551a819ab143c4125aa9c57867a926044ac6624624ba30c979b916ac606b9,canonical
app/Domains/WorkCore/System/Http/Requests/CreateCompanyRequest.php,7e44831d01ada3a91cb5d37e7c49486bacb84850136ad1a250c3d7d0e879a79e,canonical
app/Domains/WorkCore/System/Http/Requests/CreateWorkOrderCallbackRequest.php,f93ac5be01abc9bb4c41ad9c170153d834f13eff1788f603f0afa6f6da509cae,canonical
app/Domains/WorkCore/System/Http/Requests/IssueWorkOrderCertificateRequest.php,758cf786f9e06b7351a935fdd7c19755aa2473e4ab5b59f3284aeb4a6c7d801e,canonical
app/Domains/WorkCore/System/Http/Requests/LinkNDISParticipantIncidentRequest.php,8d6b92ae552ca804e56aa630821216b5463139d2879ff3af3882e45218fe0975,canonical
app/Domains/WorkCore/System/Http/Requests/MatchNDISWorkerRequest.php,21905ad4ff1cdf97abc926b10c08d9c30de853ba959288eb7d1355ddc3cb641e,canonical
app/Domains/WorkCore/System/Http/Requests/PrepareNDISClaimLineRequest.php,b34353057e51df1b0f639acde467bb37d028ee9a72f404258fee004475b7a5fa,canonical
app/Domains/WorkCore/System/Http/Requests/PrepareWorkOrderComplianceRequest.php,be7339c30e7cc80c332cf6da91700314e705e7a39b37d90fc2c8282a84cf0a15,canonical
app/Domains/WorkCore/System/Http/Requests/PreviewVerticalSetupRequest.php,444e4a7bfbe9e240c8d155c12625c9f529559d21e66573b4e160c8a95caae622,canonical
app/Domains/WorkCore/System/Http/Requests/RecordNDISSupportDeliveryRequest.php,24a77261e922eea15e76b9f209dc81715c79d59abb80589f6a0445b05d9275bf,canonical
app/Domains/WorkCore/System/Http/Requests/RecordWorkOrderPermitRequest.php,be54325e04893fd2887cb38e9593a6ccdc065c9d6cd8e35fa1d6dfe9d21d68c5,canonical
app/Domains/WorkCore/System/Http/Requests/RecordWorkOrderSafetyControlRequest.php,6c699bfa14508755c705f4641be31153cdb4716196151f6cd4afd89f4f3c9dc1,canonical
app/Domains/WorkCore/System/Http/Requests/RecordWorkOrderTestResultRequest.php,049e86b8b842e1d90e1c2193763a37fbbadf0e04517f4cba29564bdb081e1ae0,canonical
app/Domains/WorkCore/System/Http/Requests/RegisterWorkOrderWarrantyRequest.php,0f488050e5357a6ff550ddea6e6e6763c55f582abbfafea3e7f1b3a133751b78,canonical
app/Domains/WorkCore/System/Http/Requests/SwitchCompanyRequest.php,2037a87542c96389f86a2bcec6fd5c2a97dbd8662c9d6f1429f7dbea39ee6ccf,canonical
app/Domains/WorkCore/System/Http/Requests/UpdateAccommodationHousekeepingRequest.php,6b96c94587089bb1f3f70a811ab07fd6d83ec71ccbd562dcf0c9a840ffb41014,canonical
app/Domains/WorkCore/System/Http/Requests/UpdateBusinessLineRequest.php,eb72c43326fc672b449cda5aad76e1add0d346e6c20a81e93f0fa0fa838c73b3,canonical
app/Domains/WorkCore/System/Http/Requests/UpsertAccommodationRatePlanRequest.php,3a427b7943e3d1dbdcaa1f7c0eda219942fbc1adc454d7ec9d2d995dd29e75ce,canonical
app/Domains/WorkCore/System/Http/Requests/UpsertNDISGoalRequest.php,187a524b0a54f57acf5446f9fa1deceea26297792f00d265819ad33841c14d05,canonical
app/Domains/WorkCore/System/Http/Requests/UpsertNDISParticipantContactRequest.php,5b012cd78e8efcb79963c2d5948b1f12b1758390469dc3f18e193d88bf57849f,canonical
app/Domains/WorkCore/System/Http/Requests/UpsertNDISParticipantRequest.php,ba34dc6d1fff5a622b2278585588dbdcc191e42528dac9c4950e517fdfb39602,canonical
app/Domains/WorkCore/System/Http/Requests/UpsertNDISPlanRequest.php,f01b4beba27d7d554a1f91eec848b65ec1f8825b24ea88653a63d68bfceb98b2,canonical
app/Domains/WorkCore/System/Http/Requests/UpsertNDISServiceAgreementRequest.php,c0b2cc542bea0367874919ee978a44bda1471f44be8fad74a6c7981dd479feb9,canonical
app/Domains/WorkCore/System/Http/Requests/UpsertTradeComplianceProfileRequest.php,8830d4f74b86267bf557bd7cbaf37d5cc3c78af75de01525fce393aa3847a83b,canonical
app/Domains/WorkCore/System/Http/Requests/UpsertTradeLicenceRequest.php,e6da20e53ae24fdb08912953c220d22cd40218cdbcef65d8c9499c0fe5699c4f,canonical
app/Domains/WorkCore/System/Identity/MagicAIUserCompanyAdapter.php,bbe3ca97912590641a584ee9de85e9753bd01cc36b51e141ec15cd588b2d41b4,canonical
app/Domains/WorkCore/System/Intelligence/Actions/CaptureDomainIntelligenceSnapshot.php,9d52a65204d130bc12b05c4b6d9af9e79cc5dc3b486ec63f39295267a777ddc4,canonical
app/Domains/WorkCore/System/Intelligence/Actions/IndexKnowledgeDocument.php,e27041a2e227932ab004f42bdb2b66741bed52180f50877adadd52ad10e9be0d,canonical
app/Domains/WorkCore/System/Intelligence/Actions/ProposeIntelligenceRecommendation.php,673b853f24d56dee84e49e9e9e8ca1a514b2cee9d829beaae91e9426b90cb711,canonical
app/Domains/WorkCore/System/Intelligence/Actions/PurgeExpiredKnowledge.php,0a0598af6dc7bbf47b231ff27b423c649cd90c73d9dcbd716df75138f85af29a,canonical
app/Domains/WorkCore/System/Intelligence/Actions/RecordIntelligenceObservation.php,2b91eb85a92e33a28f96acbd2dee0e7dc38cc09cbe2ada617b9fd25d95bd4db0,canonical
app/Domains/WorkCore/System/Intelligence/Actions/RemoveKnowledgeDocument.php,98a79440f336264045bab365a39200be70705bb59cc76ab14002e7c84de8578b,canonical
app/Domains/WorkCore/System/Intelligence/Approvals/BoundConfirmationVerifier.php,2b87b02e68774d328f325b17be4d90757a069d27faf08f4126272262c1e32919,canonical
app/Domains/WorkCore/System/Intelligence/Approvals/ConfirmationGrantService.php,828d82d7f6b6700c8ad0c460496382908e2a8a969dadab99c92fe5d89caf0dbd,canonical
app/Domains/WorkCore/System/Intelligence/Approvals/ConfirmationGrantSigner.php,8b2d8d8d44dd1228a64ab1d61a70f6641d81d7e54b5b19b771d81d1cac6437a1,canonical
app/Domains/WorkCore/System/Intelligence/Approvals/ConfirmationNonceStoreContract.php,136297a87008c777c579c8fa7d6952ca9c45a0c1273508f26ca674fddabd2836,canonical
app/Domains/WorkCore/System/Intelligence/Approvals/DatabaseConfirmationNonceStore.php,de7004cba8c9b26a661d411ed033e9449300d153116d256be3d0526e5d74e0c6,canonical
app/Domains/WorkCore/System/Intelligence/Budgets/BudgetExceededException.php,b88754dca34eca4263d51642cada5a68ae6f6b2ca94b98492f52f0dd57ae8a62,canonical
app/Domains/WorkCore/System/Intelligence/Budgets/IntelligenceBudget.php,ede64d3fffc2a65d6cadd951c34f69797b21e26989575830b827a257d2b4f57c,canonical
app/Domains/WorkCore/System/Intelligence/Budgets/IntelligenceBudgetLedger.php,6959715512ddf8820b36a781297ce6019e3cbe3701913f4fe5823393ca6012d1,canonical
app/Domains/WorkCore/System/Intelligence/Context/IntelligenceContext.php,d3acbd3d3ef11ad9ed4ff74af7f93727db683f598173a8995b70ed514d11c496,canonical
app/Domains/WorkCore/System/Intelligence/Domains/AbstractDomainIntelligenceAdapter.php,a09c2c9c91b06027c9d767ae560787bfcb1c2eca20813d5a2628d705446fb109,canonical
app/Domains/WorkCore/System/Intelligence/Domains/Adapters/ComplianceQualityIntelligenceAdapter.php,cffe57b2ac31f5b50cedb915443181df40b3a2fe250a0f5880ddb7306535ab44,canonical
app/Domains/WorkCore/System/Intelligence/Domains/Adapters/CrmIntelligenceAdapter.php,8cd84c677d670232f8541e0efee919c0c44d102566d8502c92dfc7b8ccf67277,canonical
app/Domains/WorkCore/System/Intelligence/Domains/Adapters/FinanceIntelligenceAdapter.php,4f39c0ee5bdc3b4345846f3b7a39cf85da35f80ed885280ba712a94140551b8c,canonical
app/Domains/WorkCore/System/Intelligence/Domains/Adapters/OperationsIntelligenceAdapter.php,576c71eeac85c1d9334381dc325a0d534a43d7ed64fbdc2d90568e27c8046178,canonical
app/Domains/WorkCore/System/Intelligence/Domains/Adapters/PremisesAssetsIntelligenceAdapter.php,0f474deb41637106183bc7aec45fbadd0638221d046e3673bff614bf1cc8b77c,canonical
app/Domains/WorkCore/System/Intelligence/Domains/Adapters/SupplyIntelligenceAdapter.php,f3d99f9c40de93546152ef12abacfa6a9560ad0a3806342ef354c392131ee99a,canonical
app/Domains/WorkCore/System/Intelligence/Domains/Adapters/WorkforceIntelligenceAdapter.php,5c21d4deae43966a053be7dbfd8b7aa1dd7f20fe5486d748aa6cadd41d129269,canonical
app/Domains/WorkCore/System/Intelligence/Domains/ArrayDomainMetricProvider.php,701909d17b9c53603b768c44ad2a7b67188eb0d6669c4aa4cf18621dad962b5e,canonical
app/Domains/WorkCore/System/Intelligence/Domains/Contracts/DomainIntelligenceAdapterContract.php,244ad4f6830a2016c2c1eaa8d67212c5c2fd339602c6e8759ee1f9bc86ce7e97,canonical
app/Domains/WorkCore/System/Intelligence/Domains/Contracts/DomainMetricProviderContract.php,574727632596c5a98eea6e92ee36281fe10498f0f4add73978e8b7ce28e4dea3,canonical
app/Domains/WorkCore/System/Intelligence/Domains/DatabaseDomainMetricProvider.php,c1db73e23b72468e5a1ac8beed9cc143e06d52f587296c91d517b5765c17c28d,canonical
app/Domains/WorkCore/System/Intelligence/Domains/DomainActionAuthorizer.php,b5d6994b6f6cbb285e0df8f5d7ad69036ebcaeec7434abd1d4ee9f9f2498b354,canonical
app/Domains/WorkCore/System/Intelligence/Domains/DomainActionDescriptor.php,31de8a3ec6619259d5d723961e685750fc55f96baca2cb45fe298b2f37a42756,canonical
app/Domains/WorkCore/System/Intelligence/Domains/DomainIntelligenceContext.php,ff94683cc47966e04572239b58618256c41d78e412730f6fe5d36b379706909d,canonical
app/Domains/WorkCore/System/Intelligence/Domains/DomainIntelligenceContextService.php,9a6d7ba11729df8b60a80e0da97178d867b41cb4058e222486bdf4e374fbd966,canonical
app/Domains/WorkCore/System/Intelligence/Domains/DomainIntelligenceRegistry.php,7a7a80f78164a295bb254eb7980638657dce0fc6f202802e8611d38135a87585,canonical
app/Domains/WorkCore/System/Intelligence/Domains/DomainIntelligenceRequest.php,e1aae3af29f3e20374c432a594d3886f68f68171aba60ce88d016e9754f93a6d,canonical
app/Domains/WorkCore/System/Intelligence/Domains/DomainMetricDefinition.php,c4593db00fe5b0b47b32915663cf5f8bf021892ec2801f9827dcf30380cc20f5,canonical
app/Domains/WorkCore/System/Intelligence/Domains/DomainSignal.php,9eda3a62ec1c535305ddb6ce418448f70e0d910d76782955a55897136b6162a6,canonical
app/Domains/WorkCore/System/Intelligence/Evidence/DatabaseEvidenceStore.php,0734def8cd6d5b3e4b057f5623d1042bd307fe00cf19fd41ee1ed96ed13f4d58,canonical
app/Domains/WorkCore/System/Intelligence/Evidence/EvidenceChain.php,3c3244c73e3c20eac776cfe0abdbcf046e06825328cf34e7a7a35cdd59f08499,canonical
app/Domains/WorkCore/System/Intelligence/Evidence/EvidenceEnvelope.php,caa95da1f1a7d91048b70caeba2dcc78d1a19bcdbc0ff420ab76ac9e24358603,canonical
app/Domains/WorkCore/System/Intelligence/Evidence/EvidenceStoreContract.php,ebbf3e353e247bf3883044e24f9bf6467af3f86efe1d3df7669b9bcf149eebd9,canonical
app/Domains/WorkCore/System/Intelligence/Execution/FailureClassification.php,f969954a8e1f937f94b36404651d9d31b8579d16c85c97b7461374fc71b9082c,canonical
app/Domains/WorkCore/System/Intelligence/Execution/IntelligenceFailureClassifier.php,1266dfead283c003b9c083bb9e9f82e0e091022ca79c89fdbccd755e5808ceda,canonical
app/Domains/WorkCore/System/Intelligence/Execution/IntelligenceTaskResult.php,77b74f8320999c2d40020395c3f114c0e4cee6f5292bee7b9ab093c614f70adc,canonical
app/Domains/WorkCore/System/Intelligence/Execution/TenantScopedIntelligenceJob.php,729fa7e3d738174ed5d3322b1bdd3ac5166a8cbc278fda9a1d548b64a888f683,canonical
app/Domains/WorkCore/System/Intelligence/Knowledge/CharacterChunker.php,c3dfbf4414b04a5ff0230a4935a8509a21e05f86f77af3533ec23bc5945ff243,canonical
app/Domains/WorkCore/System/Intelligence/Knowledge/DatabaseKnowledgeIndex.php,77ccba29268bf1f705f6de9ca8dc16914d54ac50a54269d2741aa382a9929f5f,canonical
app/Domains/WorkCore/System/Intelligence/Knowledge/Jobs/IndexKnowledgeDocumentJob.php,e93aeb99b0d01b4d1caa7098dd87e2e7c58d7634eb627598beedf959e2aca83d,canonical
app/Domains/WorkCore/System/Intelligence/Knowledge/KnowledgeAccessScope.php,bdf967011d9b1a6d3bf2670e74e090913e75543509182e4841db1bc52fd90db1,canonical
app/Domains/WorkCore/System/Intelligence/Knowledge/KnowledgeChunk.php,a6228cece67fde68158698b41c78f53690f7ba817a099545444e92ba516bdb72,canonical
app/Domains/WorkCore/System/Intelligence/Knowledge/KnowledgeCitation.php,8a933c0936ee59e7893b35ca1629efa0605980894576e419e9860184fe700288,canonical
app/Domains/WorkCore/System/Intelligence/Knowledge/KnowledgeContextBuilder.php,e2a652200a468abe7f592c279eb0d46f86753b491699f59934a1b55d90048cbb,canonical
app/Domains/WorkCore/System/Intelligence/Knowledge/KnowledgeContextWindow.php,50e55eca81ffb88be0a97f911ae5bb9daae4fd1278e4014a109f1e2e2746dbf4,canonical
app/Domains/WorkCore/System/Intelligence/Knowledge/KnowledgeDocument.php,5b76870f514fa9b1fe2d3ba5526a89287783a9ca163ef70c9dfb7ac494656351,canonical
app/Domains/WorkCore/System/Intelligence/Knowledge/KnowledgeFreshnessPolicy.php,f8bca04564fb6bec5ebdc2a8337e550a1ec15fb8e662a9a1470aa5b87d0836a2,canonical
app/Domains/WorkCore/System/Intelligence/Knowledge/KnowledgeIndexContract.php,adee01f66b91d6f56609f753b34e33e19500ebf92b5b2daaa31e17568fd2f265,canonical
app/Domains/WorkCore/System/Intelligence/Knowledge/KnowledgeIndexStatusContract.php,8c1b8516b1467cfb96c8fccb5c33b268cc94a0d0d15657c082052ae0ce9b6bea,canonical
app/Domains/WorkCore/System/Intelligence/Knowledge/KnowledgeIngestionService.php,ff21ecea3a2aac6463b07dcb7e78ec9c03aa46ef87c7ec7d2e1ba2eeacaa1340,canonical
app/Domains/WorkCore/System/Intelligence/Knowledge/KnowledgeQuery.php,d9ed679ad7b5665f603c64f01e05e0e40bc9e17907d52e7abf30feb6cbb89669,canonical
app/Domains/WorkCore/System/Intelligence/Knowledge/KnowledgeRetrievalEvaluator.php,8dcf63819caf2ff0b4155c6f636afb559e0bdab1834ef8552d3e2a52772eabd5,canonical
app/Domains/WorkCore/System/Intelligence/Knowledge/KnowledgeRetrievalResult.php,cd1e9aebc22fe0017ea8de8d111cc2b8f0ae931bd062132266ed7755853d1c10,canonical
app/Domains/WorkCore/System/Intelligence/Knowledge/KnowledgeSourceDescriptor.php,1646f4f0de077c155ce8a487ad0a730cdefd79dff2b618c1726569d90283ac87,canonical
app/Domains/WorkCore/System/Intelligence/Knowledge/LexicalRelevanceScorer.php,a7e526062f3ba3df1a31e7263e52f36364cd99f30ab0a9c2d97b0c9f45928c22,canonical
app/Domains/WorkCore/System/Intelligence/Knowledge/NullKnowledgeIndex.php,3739eec2a1dc39b3c8dc82b7943640706a2d1175e12484277336c0c877e716c8,canonical
app/Domains/WorkCore/System/Intelligence/Knowledge/ReciprocalRankFusion.php,786d8eb7fc1f2846e7f647a9e4c1175825341331fe0ddb50461d749749744cc8,canonical
app/Domains/WorkCore/System/Intelligence/Knowledge/Retention/KnowledgeRetentionPolicy.php,388a01be043b4d43298e85ae47a9a81520c448893330b145d275a593fddf0b3a,canonical
app/Domains/WorkCore/System/Intelligence/Knowledge/VectorValidator.php,5e4728d33fe104e996516540e6354537f303d7de518202f48c0ededaf853c80a,canonical
app/Domains/WorkCore/System/Intelligence/Learning/CapabilityDecision.php,0edda507c312621abaa173386b528ded0c57fdd4922ec79f046d306071c262fb,canonical
app/Domains/WorkCore/System/Intelligence/Learning/CapabilityMatchRanker.php,f9cb4ccccaac0081d61e257546e36925804abe44e04fccb0508b5b4b819c7ee7,canonical
app/Domains/WorkCore/System/Intelligence/Observations/DatabaseObservationRepository.php,fbdcf1ad95c9206e5915b6f5ff201e4922d84fb54af54c48947f8240c05a2379,canonical
app/Domains/WorkCore/System/Intelligence/Observations/IntelligenceObservation.php,63a626256b659d79ac8ae78e2dcd27291ce43995ac32fe51e4e31dfe4de42fed,canonical
app/Domains/WorkCore/System/Intelligence/Observations/ObservationRepositoryContract.php,e0e8ed5603bab60b8f590d0ca44e94d2fbe6e61083ecba76d93d3adc63019f53,canonical
app/Domains/WorkCore/System/Intelligence/Proposals/BalancedJsonExtractor.php,3b21c215aea600ebef7dfff50ccb3a974a2a975b9fa4b59bd224e44f0e83ca01,canonical
app/Domains/WorkCore/System/Intelligence/Proposals/ProposalEnvelope.php,bc48423af395b66ee50efb72c4d79dda9e427e8ab55fef9556f06f41c47b60a6,canonical
app/Domains/WorkCore/System/Intelligence/Proposals/ProposalIntake.php,813a6873bda859e584ff374b8e703e2defe72b9587981b2f4b66ddbc6c54bce7,canonical
app/Domains/WorkCore/System/Intelligence/Proposals/StrictSchemaValidator.php,2d612ef3442a0bc01bbe22e4ff7b8ffd21596ca71647902ae7acd046f947e983,canonical
app/Domains/WorkCore/System/Intelligence/Providers/WorkCoreIntelligenceServiceProvider.php,9ab5f35034b9fa561b2651dfba99acb7b869844c11206032641eaf78b22be2f6,canonical
app/Domains/WorkCore/System/Intelligence/ReadModels/GetDomainIntelligenceContext.php,56bb0674caae8aff0a69fe758bf53b3515258f78aede297ab3e0963b37448a33,canonical
app/Domains/WorkCore/System/Intelligence/ReadModels/GetDomainIntelligencePortfolio.php,3e34122311182066e3f9cd46e474ae7633c81af94d0dc48596b57cf0877a53f5,canonical
app/Domains/WorkCore/System/Intelligence/ReadModels/GetIntelligenceStatus.php,a6e867961d1a6f598875401fdd6fd0f8d0952a27b38b1d81ff943efadaf41639,canonical
app/Domains/WorkCore/System/Intelligence/ReadModels/GetKnowledgeDocumentStatus.php,1522e045b514a987427db07555d489282caab0afdb851a5ee7f76c36b5904c01,canonical
app/Domains/WorkCore/System/Intelligence/ReadModels/ListDomainIntelligenceAdapters.php,1a082cd4590f15adc1c9c11a3130d7ef42f07d592e14e9190bf1dc6dd22fcb1c,canonical
app/Domains/WorkCore/System/Intelligence/ReadModels/ListIntelligenceObservations.php,86331a7b92bc2f27489f45b542ee3c33c5b5a4f3785598abbdd90551b1334aed,canonical
app/Domains/WorkCore/System/Intelligence/ReadModels/ListIntelligenceRecommendations.php,7a285a8789497da69cb99347e30921ed4dbf35f2c5808348bc826a8fa80afae0,canonical
app/Domains/WorkCore/System/Intelligence/ReadModels/ScanIntelligenceInput.php,060793e1a52835d08046c0af5ba70cbd88d97de5c19862ed48bba2a88cc0efd3,canonical
app/Domains/WorkCore/System/Intelligence/ReadModels/SearchKnowledge.php,f53f3783a11ff426a4c4cbcbafec4a6f405af69578834909c1ade881f50f2dc9,canonical
app/Domains/WorkCore/System/Intelligence/Recommendations/DatabaseRecommendationRepository.php,e9266d388262312e6cbe0474a772b27d72f1a89f49761afff37af9d80204fb43,canonical
app/Domains/WorkCore/System/Intelligence/Recommendations/IntelligenceRecommendation.php,6c3352bab917cbe74879b932f4f2ed5829b1217cd5170b1ae61e96b676d95ac6,canonical
app/Domains/WorkCore/System/Intelligence/Recommendations/RecommendationRepositoryContract.php,b8692a6d20f80ad1274883a9376b928e6c85c629d8ff7d2856b9a604bd865d3a,canonical
app/Domains/WorkCore/System/Intelligence/Safety/AustralianIdentifierDetector.php,84ba37b0b1473aeb40daff227f735bad34502019b62fc6153dd66e84f841a937,canonical
app/Domains/WorkCore/System/Intelligence/Safety/ContentSafetyScanner.php,cb0260c6866ed8b181027a62ce5ad196b47432b5fcbb75fb8d9965611aa447f0,canonical
app/Domains/WorkCore/System/Intelligence/Safety/SafetyFinding.php,34d776b9e36cb2ff4683d3c6300f17f507ac3dd7123d785f0b63311c0fbdd806,canonical
app/Domains/WorkCore/System/Intelligence/Safety/SafetyScanResult.php,ddfd19e41e18d6b7788f6774f5b095fb866e394783282bcf1ee1c1e53a673339,canonical
app/Domains/WorkCore/System/Intelligence/Safety/SecretScanner.php,64557477a581d73e8fd0238daabb870c904a11abca342dacbbc1423f63e63c36,canonical
app/Domains/WorkCore/System/Intelligence/Telemetry/IntelligenceTraceCollector.php,dde75b8c3a722748daba5fc1d8b377969cc408c720253ce34bb13e5bf3a15bd6,canonical
app/Domains/WorkCore/System/Intelligence/Telemetry/IntelligenceTraceEvent.php,f36bd02b574d90e0a01a2286bd30a3fdd0bf8d5950afc822da24d72e91ca26c2,canonical
app/Domains/WorkCore/System/Models/BusinessLine.php,89e503697e009848dde96b7f3097bf4a166e9d3ab7a6bb14dc967d75247db822,canonical
app/Domains/WorkCore/System/Models/Company.php,28ab8be0e02d43bb4f5e5ec0b54c99b110e9f27ff3cecc710dd38312d5107d42,canonical
app/Domains/WorkCore/System/Models/CompanyDocumentTemplate.php,2f89fc5cfce7e8e0533ff99169ccc709eaffa0e7c1cf65e2ee51790041adf5c6,canonical
app/Domains/WorkCore/System/Models/CompanyFeature.php,8de21e78cc639a7e670b9ac31475b77625977494d7ef5a7f1cb16578e4b656e9,canonical
app/Domains/WorkCore/System/Models/CompanyInvitation.php,29c57bd567d189e8937dbdcf79788f3aa57caa847778cdf9056138e70800e7ea,canonical
app/Domains/WorkCore/System/Models/CompanyLocale.php,27feb2a0df57b1c3e2ccddb696660fd41896f3ea505f31d59e6c811bc3294d4c,canonical
app/Domains/WorkCore/System/Models/CompanyMember.php,9df1171be26edb961d97055b108d8b726e2b31e78099e88899e4f8579aee2f7c,canonical
app/Domains/WorkCore/System/Models/CompanyMemberPermission.php,6b8ddbb0d85df19ad18786f557e9437c2c732fc6daeb0226b35e26aee0df68c1,canonical
app/Domains/WorkCore/System/Models/CompanyRole.php,3f0b4620684842084398d09aab89821041e82aa73f6b5f89e0d758af46670279,canonical
app/Domains/WorkCore/System/Models/CompanyRolePermission.php,edec3fb97d55262be71edcd3059ead4f1b2c25d3303db24677739c11e211110c,canonical
app/Domains/WorkCore/System/Models/CompanySetting.php,4ba82bd84e31f6ac3a25b0c800a2701e81afb7e727965014634ee85ea0ff65ca,canonical
app/Domains/WorkCore/System/Models/CompanyTerminologyOverride.php,25d7a9617a9baf7bf44921db69798973715c5c95a3f7c5841bcc2f61bb9c3ea7,canonical
app/Domains/WorkCore/System/Models/CompanyVertical.php,177eb9f6008b967d488355c1f878a5de7ec1ed20a58c9177ea4c8a86cd0fcee2,canonical
app/Domains/WorkCore/System/Models/TradeLicence.php,8a9b806176cb7038763af092e1eca9ef0346645f7942c2225dda54137c72147a,canonical
app/Domains/WorkCore/System/Models/VerticalInstallation.php,ee8768b77987f15879df79c798f73e1c373bd0210513494d2ed3e9c2f605a56e,canonical
app/Domains/WorkCore/System/Models/VerticalSeedProvenance.php,e37d22b2e7c4a12952e6e2fcddba75af926f8553fce4d6677441dfa5fe36c4e1,canonical
app/Domains/WorkCore/System/Models/VerticalSetupSession.php,cf88524f146a0c2bfa3731d99b012b5a255288ecdde4df98b2ced2a35983b8e5,canonical
app/Domains/WorkCore/System/Models/WorkOrderCertificate.php,e1c4c357ee08a9c3cb36a66bb0137a5c2ce9a4231fe89ce6d4c5d85633d0100b,canonical
app/Domains/WorkCore/System/Models/WorkerBusinessLine.php,61ee8866adb60f89e3fc12096cb9b022998b13d8e6142c100157b805bdc9a3b8,canonical
app/Domains/WorkCore/System/Modules/Assets/AI/AssetsToolRegistry.php,58121048dba96b7e0520151b5013ae25fd5517ec37f41a8c25a38fe14bf5f311,canonical
app/Domains/WorkCore/System/Modules/Assets/Actions/AssignAsset.php,216f687a93c96f677023897e4027829d18e9c037d913681bdf14e31b527ec0a1,canonical
app/Domains/WorkCore/System/Modules/Assets/Actions/ChangeAssetStatus.php,667af38071316ec8e0f687f7bcd3fba1711aee5220a873f0494c93c85e345f3e,canonical
app/Domains/WorkCore/System/Modules/Assets/Actions/CheckinAsset.php,62c2143fd83862685c8d06609c0f7536687654d099cb6e268ebbc04f31f3f72f,canonical
app/Domains/WorkCore/System/Modules/Assets/Actions/CheckoutAsset.php,11a9127fa334c2a010866d3e71f21e380f6fa1d19914e8f3706cb95b8bdf2f85,canonical
app/Domains/WorkCore/System/Modules/Assets/Actions/CompleteAssetMaintenance.php,63fda83504d88bdf5f9f3e14ae95d1ed50d4b709fadbde133f026dd590dc5730,canonical
app/Domains/WorkCore/System/Modules/Assets/Actions/CreateAsset.php,2e5f8b5328773984caf8ec756ca4c713f2fe1c3aa205a1a62ee9d4354442fd98,canonical
app/Domains/WorkCore/System/Modules/Assets/Actions/CreateAssetCategory.php,a73daf4151eab6149d63d7cac472308e8cebe2aa305f1829ed5938367f6a2ddf,canonical
app/Domains/WorkCore/System/Modules/Assets/Actions/CreateAssetFromSupplyReceipt.php,a8036b5e7f2b458d1c0a3d2fb1cbdfcaa148d7e87434c05d73dd62299fcfa755,canonical
app/Domains/WorkCore/System/Modules/Assets/Actions/CreateAssetMaintenancePlan.php,12ea442e8bba674d5d1242933f0440c6e7a590dbf57201873ed0a4b55f30b2af,canonical
app/Domains/WorkCore/System/Modules/Assets/Actions/CreateAssetWarranty.php,34b4afb07f250f84d6bae7fdd0936dd19229a2f85de1cb3b060033f9b466a6d1,canonical
app/Domains/WorkCore/System/Modules/Assets/Actions/CreateAssetWarrantyClaim.php,bb17b78a255f12899ada331b93b5fb1144427667fac9adce8b7a788bc4db5ef1,canonical
app/Domains/WorkCore/System/Modules/Assets/Actions/GetAssetAvailability.php,49210dbb3d44d3f39e83cbf313013da9c0ef8a5948335de9f26d7c47f91ef5ed,canonical
app/Domains/WorkCore/System/Modules/Assets/Actions/LinkAssetDocument.php,929289df858c00200206c35b472de9c9741513c3bc3fa6de782a7a8ac6e56cf4,canonical
app/Domains/WorkCore/System/Modules/Assets/Actions/LookupAssetIdentifier.php,16c28071b73381a343f7fbc85f950b4ece7052237669001bebaab650d2a04825,canonical
app/Domains/WorkCore/System/Modules/Assets/Actions/OverrideAssetStatus.php,e375b1d11775d44a211bcc87140878ad71f32a2a2d88c2c5071d8a5bb5453710,canonical
app/Domains/WorkCore/System/Modules/Assets/Actions/RecordAssetCalibration.php,ac4efc5191aee400af10ea4220984b0461d29b8510fc07229c4eccca2a0215d4,canonical
app/Domains/WorkCore/System/Modules/Assets/Actions/RecordAssetCondition.php,d21f52db2aed86c7f3d165c0fc09a3c84dbd774d3d3d7936d3cadd5079c1b20d,canonical
app/Domains/WorkCore/System/Modules/Assets/Actions/RecordAssetMaintenance.php,19ec38f9a3aacdcd364b18578acc28f9d7874de2fe52a0b7018ff1cb14006a11,canonical
app/Domains/WorkCore/System/Modules/Assets/Actions/RecordAssetMeterReading.php,a7350a8d942c33b82961e69186eec5c4322b427e4fd3b7350b21cd1200644268,canonical
app/Domains/WorkCore/System/Modules/Assets/Actions/RegisterAssetIdentifier.php,c5cb1a388c0bef64e96161fc65e17d3ae62d283eb9b0e87cabe3b4bd78146325,canonical
app/Domains/WorkCore/System/Modules/Assets/Actions/ReportAssetDamage.php,1a3829f03e80fb3e3b68645286d7dd337a134a4a3f0854bd1a6a783767409078,canonical
app/Domains/WorkCore/System/Modules/Assets/Actions/SearchAssets.php,d106ceb93f25d48ae39a7cf62a1a81fc4b7623857844904e063c3c65f6dfc5c2,canonical
app/Domains/WorkCore/System/Modules/Assets/Actions/SearchOverdueAssetCustody.php,a90189588685cd75bab18e164fef2cd9dec9ce3e994cff7a66d523f063f62608,canonical
app/Domains/WorkCore/System/Modules/Assets/Actions/StartAssetMaintenance.php,61a88daba1455118c5456862b1a4ea03caaf993a0f2e91131cd31b6744b95ae2,canonical
app/Domains/WorkCore/System/Modules/Assets/Actions/TransferAsset.php,8f471c229f60a8f013af4e3d47b729cd1836104424cfe82bad65eefa6c93a77c,canonical
app/Domains/WorkCore/System/Modules/Assets/Actions/UpdateAssetWarrantyClaim.php,33ad04c66ce5bea192b2f5bedce776dc47f310fe376caa5d0962fb359bead98c,canonical
app/Domains/WorkCore/System/Modules/Assets/Actions/WriteOffAsset.php,adeb784c4e2743a95e61d3248f09304e994276847c0c32eecc5cd1d65499c0c0,canonical
app/Domains/WorkCore/System/Modules/Assets/Console/ListOverdueAssetCustodyCommand.php,d7fd4735f90736ba8ac2260f5e153e2a0a0674597e20c1a7401a32c58688a7e3,canonical
app/Domains/WorkCore/System/Modules/Assets/Console/ProcessAssetDueCommand.php,c27d4b8dbff9a381dd7eb75c98aee70c1fd52d61805055fee13e2a6ec1956298,canonical
app/Domains/WorkCore/System/Modules/Assets/Console/ProcessOverdueAssetCustodyCommand.php,750a0af50d548fd22259a9d2f0c0dff8a96d047ebc5f198fb9eb284a327de609,canonical
app/Domains/WorkCore/System/Modules/Assets/Contracts/AssetRepositoryContract.php,64e1fc604399819e8ef7a0fe8414bd2df925cfd93afc328ed6cdc3c2d3b3b4dd,canonical
app/Domains/WorkCore/System/Modules/Assets/Http/Controllers/AssetController.php,d7bbdc5c6f847da56fb29318f556894f3c87d3a19bf25370194b4e143e01bbbf,canonical
app/Domains/WorkCore/System/Modules/Assets/Http/Requests/AssignAssetRequest.php,da387fd3e6c2026e47fe3134cefddd7481ea334a12ddde13ef22ae345fca24f4,canonical
app/Domains/WorkCore/System/Modules/Assets/Http/Requests/ChangeAssetStatusRequest.php,b957da4037fce9c12d5b930499563293a410207eba1fa51ecd4308c3091e4610,canonical
app/Domains/WorkCore/System/Modules/Assets/Http/Requests/CheckinAssetRequest.php,eb897cc686be91f13272c527ef4ca8ead747884fd683e1bd3840698a826f23ec,canonical
app/Domains/WorkCore/System/Modules/Assets/Http/Requests/CheckoutAssetRequest.php,c43625bed788c5e016a2c939d366dec511a724ea053e5577550b3043d2841302,canonical
app/Domains/WorkCore/System/Modules/Assets/Http/Requests/CompleteAssetMaintenanceRequest.php,bc90a57c88d62abef6712fe8ec4d3d52516bfd6b02e54b4993b221f13cfaa096,canonical
app/Domains/WorkCore/System/Modules/Assets/Http/Requests/CreateAssetSupplyHandoffRequest.php,f014714e8ca36b3300f47f3aba1351c0030d839be0122e0ba7a312ee428ae7e0,canonical
app/Domains/WorkCore/System/Modules/Assets/Http/Requests/LinkAssetDocumentRequest.php,bc3f3c25d2a23627f440e53df6635367022cf2b324a5a6c02676f2d8cb6281b3,canonical
app/Domains/WorkCore/System/Modules/Assets/Http/Requests/OverrideAssetStatusRequest.php,3f5789eee2869371587a8f14e8620dd18d06ab57f7d1356e631b2f95ab15f105,canonical
app/Domains/WorkCore/System/Modules/Assets/Http/Requests/RecordAssetCalibrationRequest.php,2e7ad09e0bb0848c92d1f3fd5442fcd12496eaa1d5520c69b77ef924b0b0a0f8,canonical
app/Domains/WorkCore/System/Modules/Assets/Http/Requests/RecordAssetConditionRequest.php,71afed1b379c9322c7d47f0cbc925929f13cd31adbe7cd789e57c05f4562925a,canonical
app/Domains/WorkCore/System/Modules/Assets/Http/Requests/RegisterAssetIdentifierRequest.php,7b0197100c502996c7c7286b5b5cc1d38aa86d9585b924000c9a31a0d947d668,canonical
app/Domains/WorkCore/System/Modules/Assets/Http/Requests/ReportAssetDamageRequest.php,7caed8fd37bcb21f43ced136a663e77bc6ebe5b3889468b95595ecd0ea10a4a8,canonical
app/Domains/WorkCore/System/Modules/Assets/Http/Requests/StartAssetMaintenanceRequest.php,3823a455a00fcc4b9415494532f40f37e8777c3f68d7d96ab2e2c9f40bd764c3,canonical
app/Domains/WorkCore/System/Modules/Assets/Http/Requests/StoreAssetCategoryRequest.php,6d33831f3760c4f249689744dc16d114aa6a19e7348adaeb4ab8de775a253fc8,canonical
app/Domains/WorkCore/System/Modules/Assets/Http/Requests/StoreAssetMaintenancePlanRequest.php,9fe7fd463a670d13534ad332248d27182943556e3699148891a327a0b0c2c93b,canonical
app/Domains/WorkCore/System/Modules/Assets/Http/Requests/StoreAssetMaintenanceRequest.php,a6252456b34bcb0595a7094f6024385b881dbb8f7def4d143be797be681c00ee,canonical
app/Domains/WorkCore/System/Modules/Assets/Http/Requests/StoreAssetMeterReadingRequest.php,a05b3de8135ccec6f6da627cc56b4f433712452bafc242a2ab22073aa4732703,canonical
app/Domains/WorkCore/System/Modules/Assets/Http/Requests/StoreAssetRequest.php,3ba60c14d70a3694f042050928cec59d7d488e95a2178a977e307c02e4fc8572,canonical
app/Domains/WorkCore/System/Modules/Assets/Http/Requests/StoreAssetWarrantyClaimRequest.php,df6b892b763d811dee81538fe1bd898def4313b4ab714c4f33b8028869c1ab7b,canonical
app/Domains/WorkCore/System/Modules/Assets/Http/Requests/StoreAssetWarrantyRequest.php,322354d822a6548399a0dd198eb365efa4f853f5fb83d01fbced4e48624c70cd,canonical
app/Domains/WorkCore/System/Modules/Assets/Http/Requests/TransferAssetRequest.php,4081921549909a9671218c732dae2ace76a80715378aa60d61f5b6598e07ae62,canonical
app/Domains/WorkCore/System/Modules/Assets/Http/Requests/UpdateAssetWarrantyClaimRequest.php,14c69895d59bcbc6048f71e875261a3b217741d156c9b1d6e4f7e609f9214d1e,canonical
app/Domains/WorkCore/System/Modules/Assets/Http/Requests/WriteOffAssetRequest.php,b2bdb992b157bbf214909e1ebda5a38a640e9ef1f1a1b38d54cc9323beb51c5b,canonical
app/Domains/WorkCore/System/Modules/Assets/Providers/WorkAssetsServiceProvider.php,00efd5a20e8a1f6dd6b4d625edaee098358beecff825a28017b5202388de4adc,canonical
app/Domains/WorkCore/System/Modules/Assets/Repositories/EloquentAssetRepository.php,6e0bf200711ee578cc6450b5ef0bbeb1b71c9f2821c63ad6831a812f4ec5a11a,canonical
app/Domains/WorkCore/System/Modules/Assets/Services/AssetAssignmentPolicy.php,35b17e602257bccd189ab164e3bf12955e7188e6597b66714fb45d84bda69d34,canonical
app/Domains/WorkCore/System/Modules/Assets/Services/AssetQualificationPolicy.php,3ba49c04365de865ed621aa8644824e55b5707449b020c4749d5c3cde438f092,canonical
app/Domains/WorkCore/System/Modules/Assets/Services/AssetSchedulePolicy.php,692ac7dcfa8a481bb28987c779f7ebace1d97c276d8161eed0a1e230b17da8dc,canonical
app/Domains/WorkCore/System/Modules/Assets/Services/AssetStatusPolicy.php,4fd831eb1ed4a3df68d5f5ee1699cdb4c92584294a6af7e70dfd3e6d0cfe2df6,canonical
app/Domains/WorkCore/System/Modules/Assets/Services/WarrantyClaimPolicy.php,f0575165ad74571dfa5f8e3196dc64261c0b85caaa75b98bcedf3ec32df81ccd,canonical
app/Domains/WorkCore/System/Modules/Assets/routes/api.php,e7f13c3bbd6ff28daa43721bba4b911abea051b6e03c63a64d980cf27f656322,canonical
app/Domains/WorkCore/System/Modules/Attendance/AI/AttendanceToolRegistry.php,a8019a71b50adab870b715f18b77b07d740fd8ac77cf9ecadb6bd4d721fc105e,canonical
app/Domains/WorkCore/System/Modules/Attendance/Actions/ChangeLeaveRequestStatus.php,ad57ed6b6a9708a8310fd4e7ac3e8b1167c26d0d64042f78b8eba988ea6fc595,canonical
app/Domains/WorkCore/System/Modules/Attendance/Actions/ClockInAttendance.php,1ab75576dccd5beaef3bfb33c959d9d7ed1f0cf06b8a33de2e1754cce86db752,canonical
app/Domains/WorkCore/System/Modules/Attendance/Actions/ClockOutAttendance.php,3313f662b63986a20eba2070cf1dab7f0df4a1f141627f69636df96eadcf9084,canonical
app/Domains/WorkCore/System/Modules/Attendance/Actions/CreateLeaveRequest.php,3456df7a38306f1842a18da925fa1932babc545f98210e1412fff996bb349d19,canonical
app/Domains/WorkCore/System/Modules/Attendance/Actions/CreateLeaveType.php,3c9b00dafa23a87b44ce1266d3757a13636648f4c5978e22ac1d768ed76a4f31,canonical
app/Domains/WorkCore/System/Modules/Attendance/Actions/DecideTimesheet.php,af710e20ee07dfb2a6c591945679b4877447e7600cedb569a13b2bba8533de1c,canonical
app/Domains/WorkCore/System/Modules/Attendance/Actions/EndAttendanceBreak.php,4439223501308f68d1c42c3b189b25375b9fef58da16c9c9d7d0ee8659ae9859,canonical
app/Domains/WorkCore/System/Modules/Attendance/Actions/SearchAttendance.php,364a4817f34f9434aed26cb283ccf662a77371a0f98939b92b6e6afdcb2a72cd,canonical
app/Domains/WorkCore/System/Modules/Attendance/Actions/SearchLeaveRequests.php,1ce2d4cf50c6e8b7f0025c189e2a1708a79096062db4a057dea85a7c5368b964,canonical
app/Domains/WorkCore/System/Modules/Attendance/Actions/StartAttendanceBreak.php,76f4e4a1e64ef682eee889a34be46806c4cdbed5b3243048ff15c410501a94e1,canonical
app/Domains/WorkCore/System/Modules/Attendance/Actions/SubmitTimesheet.php,6d8814683782cf40088a90cf518b4873dd477f257a95a0cf61b9df1529d1a378,canonical
app/Domains/WorkCore/System/Modules/Attendance/Contracts/AttendanceRepositoryContract.php,98cd9c88ced7a9a5992cda02bf21e812967ec410725f921f7a1f65b666503e97,canonical
app/Domains/WorkCore/System/Modules/Attendance/Http/Controllers/AttendanceController.php,b2d4155fc94380e8810f30dbcc09fd35536e3ca46a3c19df53d4c8477cabb97e,canonical
app/Domains/WorkCore/System/Modules/Attendance/Http/Requests/ChangeLeaveRequestStatusRequest.php,7b08a12e45de2fabc3bcd636ca0267f8faacfe50cc746193fcb72d6dad115b4d,canonical
app/Domains/WorkCore/System/Modules/Attendance/Http/Requests/ClockInRequest.php,b02dc37651b42ad06e24cac19d388a6ead81fafa70a6c0a6512588cf1896d5d6,canonical
app/Domains/WorkCore/System/Modules/Attendance/Http/Requests/ClockOutRequest.php,d5a50ca69c2b346017cae2cb7c9e3f01a0d0b884ba194fa30e7c32f7ba190eac,canonical
app/Domains/WorkCore/System/Modules/Attendance/Http/Requests/DecideTimesheetRequest.php,df063fba87470049a73fd74a5acc365f639171a3804c58a957a350d6483553af,canonical
app/Domains/WorkCore/System/Modules/Attendance/Http/Requests/EndBreakRequest.php,0411d5930080c865a9951f269f9de06904055c9a373e77511dfdbb53908cae30,canonical
app/Domains/WorkCore/System/Modules/Attendance/Http/Requests/StartBreakRequest.php,2c39f52dea4963ee48a3a1dc2a45a49cb0d8b78e34fb9cc33707266d9ee3e44c,canonical
app/Domains/WorkCore/System/Modules/Attendance/Http/Requests/StoreLeaveRequest.php,a80910d543fa48dd72b65cd43a4cdb2e7eb74c69ea3d2eaab6f865c0dfb311cc,canonical
app/Domains/WorkCore/System/Modules/Attendance/Http/Requests/StoreLeaveTypeRequest.php,a062a229ccddca4af0a4ec36bf89081d38a7f1976592d1f206b7ec8a3e9d5bd8,canonical
app/Domains/WorkCore/System/Modules/Attendance/Http/Requests/SubmitTimesheetRequest.php,6c810ad9901c0db0a1a341cfe44f490d722bd49167360f569a05d7ae3365d7c3,canonical
app/Domains/WorkCore/System/Modules/Attendance/Providers/WorkAttendanceServiceProvider.php,aa286c0dcc0f225a3b349ed85e7a1f32ef279a81ca8b4e0d55afde2c8469f55a,canonical
app/Domains/WorkCore/System/Modules/Attendance/Repositories/EloquentAttendanceRepository.php,dbe2f75bfb666230a1f733683c59c6e7aa6cc76ea6d89d92125168ca898b97a3,canonical
app/Domains/WorkCore/System/Modules/Attendance/Services/AttendanceClockPolicy.php,6096d446467d5eee669c078143f42d9c691a7605feb060a78bae1f5cbc8c458c,canonical
app/Domains/WorkCore/System/Modules/Attendance/Services/LeaveRequestPolicy.php,b3e2183f9155f97f6275216f75c7d97c4ce814ca6db69716e182968c8dd840fc,canonical
app/Domains/WorkCore/System/Modules/Attendance/Services/TimesheetStatusPolicy.php,4c6aeaca5e973614173c8afc600c41ab73c1f8104bef4e812a157d7f7abeeb06,canonical
app/Domains/WorkCore/System/Modules/Attendance/routes/api.php,3443399815ed4cafd0b08b8d337e9e6ee2363f9049af89238212f16d7ca9f46e,canonical
app/Domains/WorkCore/System/Modules/AttendanceVerification/AI/AttendanceVerificationToolRegistry.php,90af3b77846c962259dfda2c0166826cd5c40397e484d5d4b9a89d6c1387d6cf,canonical
app/Domains/WorkCore/System/Modules/AttendanceVerification/Contracts/AttendanceVerificationRepositoryContract.php,37c9e1553257fdc1e9a3b0e93b280de059384a2c3c02b7ea243c691ce7723c62,canonical
app/Domains/WorkCore/System/Modules/AttendanceVerification/Domain/AttendanceEvidence.php,36e9c8536103879e3bef35ff6c99ad88d80750a0dd607b7bfb6c39561fc396c2,canonical
app/Domains/WorkCore/System/Modules/AttendanceVerification/Domain/AttendanceVerificationAttempt.php,57580826456b919219c8175bcca2b020212450c966f1274f42eec7d1fbaf73e8,canonical
app/Domains/WorkCore/System/Modules/AttendanceVerification/Domain/AttendanceVerificationPolicy.php,ae3a22b455703e5ec425941ef6ec739d03d41c635f8bab0473c097fd2ff61aca,canonical
app/Domains/WorkCore/System/Modules/AttendanceVerification/Domain/OfflineAttendanceBatch.php,ba99476ef1187f5e0e8b8bb9a8e880eb3634179ec3a8f634e12108eb07368253,canonical
app/Domains/WorkCore/System/Modules/AttendanceVerification/Domain/OfflineAttendanceBatchState.php,c9aa2c4c5e3cfbaec24458455c06aeb9ed14990ffbb98d2f52edea0aedb4e7f1,canonical
app/Domains/WorkCore/System/Modules/AttendanceVerification/Domain/VerificationAttemptState.php,0ee7aacf56bc80e20b3013b85a0a6a2d5f192dc873692c09a8bf77f41559672c,canonical
app/Domains/WorkCore/System/Modules/AttendanceVerification/Domain/VerificationMethod.php,67a914832f98af525d9abd3a2e5c673659e3721f62d5072473564228279e65d0,canonical
app/Domains/WorkCore/System/Modules/AttendanceVerification/Providers/WorkAttendanceVerificationServiceProvider.php,0f5d81e0a6d3a75f62c45ee326cf0ef3964454a7f4ace803d9a5f55f4f4e8213,canonical
app/Domains/WorkCore/System/Modules/CRM/AI/CRMToolRegistry.php,1d7e9798a90e262762813d349d28e513d0ea3f7330d404f0efabc6e417b80ca0,canonical
app/Domains/WorkCore/System/Modules/CRM/Actions/ConvertLeadToCustomer.php,02a988742db397faf2d349adec1d99895def288602c1e8ac958caadff889c38f,canonical
app/Domains/WorkCore/System/Modules/CRM/Actions/CreateContact.php,0aaa4909b5ac33f81a72ffa48ffeead277d9691ffeabb13e21866d2195feb428,canonical
app/Domains/WorkCore/System/Modules/CRM/Actions/CreateCrmActivity.php,0b3e7f50a293c143207ecf78065b89a3da811149a292d6492ad6675dfcea6963,canonical
app/Domains/WorkCore/System/Modules/CRM/Actions/CreateCustomer.php,ecf468786424aef4e69560a1b002c3fb229a49763a9a59b23b0fce7b4d775913,canonical
app/Domains/WorkCore/System/Modules/CRM/Actions/CreateLead.php,bd11b154cf4cc645bdbf9a232299a38595e25e7ea13f597d096608e12052853a,canonical
app/Domains/WorkCore/System/Modules/CRM/Actions/CreateOpportunity.php,47e50016fc43409f7a023997dc3487aec054504a6c6cd2efa7b32b2d2aaeddef,canonical
app/Domains/WorkCore/System/Modules/CRM/Actions/CreateSalesPipeline.php,1b9a4b3f15bba0c9354739d6d789505d16678be4a6e79701edf543f63b585e72,canonical
app/Domains/WorkCore/System/Modules/CRM/Actions/GetCrmForecast.php,bfbd542f97573392b7bb69c28afdd2647bdd1cac585f8de42e6016a5b999dd4d,canonical
app/Domains/WorkCore/System/Modules/CRM/Actions/ListCrmActivities.php,60208e9cfd3796ee642906c8f3b98f1f31a73fde487f627937a4abf4b36bde0c,canonical
app/Domains/WorkCore/System/Modules/CRM/Actions/ListSalesPipelines.php,f0e217acc93334b8942af2210a3b7670e6ac7778c8f5ee57dc14f2f64d30c4f8,canonical
app/Domains/WorkCore/System/Modules/CRM/Actions/MarkOpportunityLost.php,31c40fa0ae915b0659e5d5ea7a68cac39da951f1ae8d8e4371fd29d3b4c15cb8,canonical
app/Domains/WorkCore/System/Modules/CRM/Actions/MarkOpportunityWon.php,56d73fb28c54fb4f347f420396d43127baf6d73b713327e9ba02576beaf8d17a,canonical
app/Domains/WorkCore/System/Modules/CRM/Actions/MoveOpportunity.php,afda63420bb1cc3f49420f316cfc79810cbf211fbc1365a83394adc2a2335e9c,canonical
app/Domains/WorkCore/System/Modules/CRM/Actions/SearchCustomers.php,d889ced60d72671b3dffe1f89850d95b4857acfb1a1223dddbd98f1c24d158e9,canonical
app/Domains/WorkCore/System/Modules/CRM/Actions/SearchLeads.php,7dadb58fa1dee79bf5739f836b1aa96bc392d5355ae8d2bd99cecc3bee96f051,canonical
app/Domains/WorkCore/System/Modules/CRM/Actions/SearchOpportunities.php,1f9bca623fe03a3af028704e312101ac867890f9c140bc5bf24c73276e576ac0,canonical
app/Domains/WorkCore/System/Modules/CRM/Actions/SetPrimaryContact.php,cbaadbf2ba40f802ce9326a2b787ff343358764b3887138654bd5cc2083bba53,canonical
app/Domains/WorkCore/System/Modules/CRM/Actions/UpdateLead.php,99050cfe4b58aa63f368bc763872d12f285035e69174e7d5aba0169cffa32434,canonical
app/Domains/WorkCore/System/Modules/CRM/Actions/UpdateOpportunity.php,8f7ac592f91ae16daa568b40bf6fd734a97d6d1161fba76365723360f9fe5cb7,canonical
app/Domains/WorkCore/System/Modules/CRM/Actions/ViewSalesPipelineBoard.php,a59ad5a265d8ab05cc9ce89292b0a6abfb55af873264cc59c62c0655b8ec5f88,canonical
app/Domains/WorkCore/System/Modules/CRM/Contracts/ContactRepositoryContract.php,640a8772c47459f7956b5cf91d1cf54f0624f7a88a4c0a8829ce49247623553a,canonical
app/Domains/WorkCore/System/Modules/CRM/Contracts/CrmActivityRepositoryContract.php,2516d4ab6720b6266ce0e26f782bd479cac10427f1ff5f67c299b3aeb1b25e2a,canonical
app/Domains/WorkCore/System/Modules/CRM/Contracts/CustomerRepositoryContract.php,559efea99cd0bbe197c485d5937cb8edd4a25ba5fc00952feb5751558fec50d1,canonical
app/Domains/WorkCore/System/Modules/CRM/Contracts/LeadRepositoryContract.php,806c22f78365d0b40d1152c3220fcaa3f10076be85e80e1a85cf2b010d40c231,canonical
app/Domains/WorkCore/System/Modules/CRM/Contracts/OpportunityRepositoryContract.php,05d35ea7938eeee94c82bf476ae838519d8a5692db138db74565a739df783ea0,canonical
app/Domains/WorkCore/System/Modules/CRM/Contracts/SalesPipelineRepositoryContract.php,140166f4c63128c63a7eabfb181d9f9f51798882cc502a8126448ed3c1f86e2f,canonical
app/Domains/WorkCore/System/Modules/CRM/Data/ContactData.php,cf2e0e3ba77a7d190a6f08876afb02d2b20717764565a4548cf5652ac8a0cb76,canonical
app/Domains/WorkCore/System/Modules/CRM/Data/CrmActivityData.php,87db1907976000fd5e5ccc589d96f290431a523f0cb556c1cfa1423409403156,canonical
app/Domains/WorkCore/System/Modules/CRM/Data/CustomerData.php,1727b01cf5cdd87d3f189a7a2ba8b0a047f20e44694d4f1a93a192adc66a5f6f,canonical
app/Domains/WorkCore/System/Modules/CRM/Data/LeadData.php,13ab451f53aae9e4d0e15ae1d2d7861d6614f873bb1c12dc03100dfef435f992,canonical
app/Domains/WorkCore/System/Modules/CRM/Data/OpportunityData.php,c3e3f3a00101b561c4aada749c62eea34dc4fea30ef53b031eaa5b980f1914b3,canonical
app/Domains/WorkCore/System/Modules/CRM/Data/SalesPipelineData.php,4112c874ef0831d1441aa9aec487dc53c8a2c319a46601bc5f411a6c389a322f,canonical
app/Domains/WorkCore/System/Modules/CRM/Http/Controllers/ContactController.php,39c06bc19cefde29dbb57689cd880e0cc7cb962cda9f800e15316679b7317efa,canonical
app/Domains/WorkCore/System/Modules/CRM/Http/Controllers/CrmActivityController.php,c3e32571d2c9434d2f029f0710d66c06b7535fb96fabf925febed3e4c5a6aba0,canonical
app/Domains/WorkCore/System/Modules/CRM/Http/Controllers/CustomerController.php,318dcc2d32986eedb523e980de4aed6a30d618d5ae2c9639e450264a2f5c1581,canonical
app/Domains/WorkCore/System/Modules/CRM/Http/Controllers/LeadController.php,570ff7aed576f688e1f002401e795dc6b5ceb78e484566ae8d260870ee588f53,canonical
app/Domains/WorkCore/System/Modules/CRM/Http/Controllers/OpportunityController.php,275d84e5c9c034057a0b65b7d594d1d6e1f033888293f999dacfe59b8a14b9d1,canonical
app/Domains/WorkCore/System/Modules/CRM/Http/Controllers/SalesPipelineController.php,3fd47d9af5454c6640f6af9d0f769c1e7986d211b6e850dc622716a55256e1b6,canonical
app/Domains/WorkCore/System/Modules/CRM/Http/Requests/MarkOpportunityLostRequest.php,014f5bee775e07795901d3c5cfe0351f931f37c5a88863c7c649e128ef110312,canonical
app/Domains/WorkCore/System/Modules/CRM/Http/Requests/MoveOpportunityRequest.php,4f67f76a4c537d70ed3d7510bbaa27780227a9d9c291385296e31dabbeb70a42,canonical
app/Domains/WorkCore/System/Modules/CRM/Http/Requests/StoreContactRequest.php,00226b23ffd832ef4c08651ff2e1cd106b9b2d9ab1420d86881568b01e5c1b07,canonical
app/Domains/WorkCore/System/Modules/CRM/Http/Requests/StoreCrmActivityRequest.php,d84d0ac63e5cdc7eab3f9f2e05f105b44e29c7f1d03898dd9c392b9fd3e57266,canonical
app/Domains/WorkCore/System/Modules/CRM/Http/Requests/StoreCustomerRequest.php,00feab18f6e380574337b661e4aeaad38516ce3f24cdcb8c3c8422f08d4278ab,canonical
app/Domains/WorkCore/System/Modules/CRM/Http/Requests/StoreLeadRequest.php,3515bab526c7e44e186e18724fd7774e4b88cabb79687a944b999898790e7f7b,canonical
app/Domains/WorkCore/System/Modules/CRM/Http/Requests/StoreOpportunityRequest.php,4eb65dc7dcb81a95604b591b45aff33d30b9ce2ea4161e6fcfbc848262161332,canonical
app/Domains/WorkCore/System/Modules/CRM/Http/Requests/StoreSalesPipelineRequest.php,05236a9a011cad5e131051874394e533c1d9ddfb285aab23f4d0441b35b03691,canonical
app/Domains/WorkCore/System/Modules/CRM/Http/Requests/UpdateLeadRequest.php,619e753479cd1904fde7f8ac00f71fd79b84f01639ceb9eeb5972b48e4778e58,canonical
app/Domains/WorkCore/System/Modules/CRM/Http/Requests/UpdateOpportunityRequest.php,d150389143e74f9531d061465cb2854a9f3379d36d6f6fa55d26ca4dfc214766,canonical
app/Domains/WorkCore/System/Modules/CRM/Providers/WorkCRMServiceProvider.php,242724e01bd643740fcae9eea7cda5b66582e19ce893f50f0ca6e0e9e2529f5f,canonical
app/Domains/WorkCore/System/Modules/CRM/Repositories/EloquentContactRepository.php,bef168b769d09745fa943fffc2744e3fac80276ca4964a3ce016b0947bfd1afe,canonical
app/Domains/WorkCore/System/Modules/CRM/Repositories/EloquentCrmActivityRepository.php,745f5ecfd5d3c43be5e822512e700a3cfc21078d9ed8535f3c038e8acbe5c7db,canonical
app/Domains/WorkCore/System/Modules/CRM/Repositories/EloquentCustomerRepository.php,a26ca858e9817ec1cc681acc3416931fe996f72c4d628fa10a2d4c380ab2e05e,canonical
app/Domains/WorkCore/System/Modules/CRM/Repositories/EloquentLeadRepository.php,5fce69454819e783a1587dcf35a1145faffc4300172d3ee6b4b5c197545961f0,canonical
app/Domains/WorkCore/System/Modules/CRM/Repositories/EloquentOpportunityRepository.php,b6fa4312abc6e50d8463ccf1f8603d5a1847d2ea4df23261e5572a2cd43ae5d3,canonical
app/Domains/WorkCore/System/Modules/CRM/Repositories/EloquentSalesPipelineRepository.php,e623b51cccb77d44884967e4991162cdc2cb490bd38f716e931459404c7e61a6,canonical
app/Domains/WorkCore/System/Modules/CRM/Services/CrmActivityRecorder.php,bbe4868c049afb85feea94a29a5644cd88bc880cb69b6b80e89ae4359da7581a,canonical
app/Domains/WorkCore/System/Modules/CRM/Services/CrmDuplicateDetector.php,cfaba1ef36ae27ac62c897a2a052e455c9d716e01f18e5aba53936ffd958c1f6,canonical
app/Domains/WorkCore/System/Modules/CRM/Services/CrmSubjectReferenceValidator.php,dff747abfc85be5f9382d4ab1959ad3bde12dc6f5161c78c80a2a87efcaa0240,canonical
app/Domains/WorkCore/System/Modules/CRM/Services/DefaultSalesPipelineProvisioner.php,81841f277ec89e5deeaaf32144f0a8b85d828a1e720dc2cea1148c0b02e6cb2d,canonical
app/Domains/WorkCore/System/Modules/CRM/Services/LeadLifecycleService.php,73edd6e7420daea4ea73df67e56121d6e15915b4c3350aee7401f913502a5c14,canonical
app/Domains/WorkCore/System/Modules/CRM/Support/CrmNormalizer.php,a1169a903331639c0d0390b613fa63295a1cdc2594165da1a4c9e9083d4002b6,canonical
app/Domains/WorkCore/System/Modules/CRM/routes/api.php,6bea5ee38f43cb3c9ce83b8130fb195383f2b9f793a5ee8749a62586c2d479a0,canonical
app/Domains/WorkCore/System/Modules/Catalogue/AI/CatalogueToolRegistry.php,549e8046891760d9e4362e21bef3d21f5239945b2ee326d6cb08caa187409e51,canonical
app/Domains/WorkCore/System/Modules/Catalogue/Actions/CreateCatalogue.php,2ee52cbf5c8ad8c4fcf360b620fe753ef9a8f54aa43e372fdf459003c81e75e2,canonical
app/Domains/WorkCore/System/Modules/Catalogue/Actions/CreateJobTemplate.php,f3cda0ec853deeabc0de0e098570fe70cd842afb00332e78ad7c40e82506f869,canonical
app/Domains/WorkCore/System/Modules/Catalogue/Actions/CreateService.php,2955fbc5c20848824640fb54535224818566ed9dc31f073ba4751ffdbb1a2fd0,canonical
app/Domains/WorkCore/System/Modules/Catalogue/Actions/CreateServiceCategory.php,28962735b6bf443f5e7ad12b7b5582fa8f91583e867a560f8970f22166750888,canonical
app/Domains/WorkCore/System/Modules/Catalogue/Actions/CreateServiceFaq.php,cace8c6f6b319f15d18054faba2ec722f37bec2c4b3bc79dfa930ac83a519978,canonical
app/Domains/WorkCore/System/Modules/Catalogue/Actions/CreateServiceVariant.php,2e36e85b22eb712394daf028445ce7f1d6aeec665d764ab5b9afed839cf17f6e,canonical
app/Domains/WorkCore/System/Modules/Catalogue/Actions/DeleteServiceFaq.php,b283a0146738585ac7600ce9711e11d1d774d1e2b487c1508dce8901f67cb2aa,canonical
app/Domains/WorkCore/System/Modules/Catalogue/Actions/DeleteServiceVariant.php,41535294d639646d47eb00c59bb223eefbe67b8b9cb87227786ed5621792757c,canonical
app/Domains/WorkCore/System/Modules/Catalogue/Actions/ListServiceFaqs.php,b5d3f4d4360021ad82f2ebdc44afd1f5baed55592312353b0a0c14317c025f7b,canonical
app/Domains/WorkCore/System/Modules/Catalogue/Actions/ListServiceVariants.php,8c73121db75b559a535ad4d51f12dc843ff08683cb8e4f4f8cafff9cfded4dc8,canonical
app/Domains/WorkCore/System/Modules/Catalogue/Actions/SearchServices.php,782ccbd680bbd6d59dc3eff6973f3d97a178275d6d0a85be5a9595ff88a993cf,canonical
app/Domains/WorkCore/System/Modules/Catalogue/Actions/UpdateServiceFaq.php,8b2847fc1d99c92dc490b22e1ea66ebdfa086fd86a6b167845906f64ea5d7e7f,canonical
app/Domains/WorkCore/System/Modules/Catalogue/Actions/UpdateServiceVariant.php,191ddcb9a355c5db1a5e1ee7fe5a1010a453e6dcdcc3ce0ef8d86f5832dbe982,canonical
app/Domains/WorkCore/System/Modules/Catalogue/Contracts/ServiceCatalogueRepositoryContract.php,a2871bf362211e14e4621131ddab12810c0129b237adc6575442f9eb3605186a,canonical
app/Domains/WorkCore/System/Modules/Catalogue/Http/Controllers/ServiceCatalogueController.php,44088c9a993bec2ffe46530aeed4dbfc715d281b91d8e82929ae9317c9ee8f6a,canonical
app/Domains/WorkCore/System/Modules/Catalogue/Http/Requests/StoreJobTemplateRequest.php,3e0d185c3a66713de27530bbfd18964c4510ebe97c5eccb84e4602cb6c4a5b25,canonical
app/Domains/WorkCore/System/Modules/Catalogue/Http/Requests/StoreServiceCategoryRequest.php,c43f6fd51bef9fd4611e61c2e9140d49a613b3fdc27eba4c8b12eca3dafa0408,canonical
app/Domains/WorkCore/System/Modules/Catalogue/Http/Requests/StoreServiceFaqRequest.php,1349ecdec5edf193086454e79fc63fbce29b8c06bc4c4299dc51dea213af15c6,canonical
app/Domains/WorkCore/System/Modules/Catalogue/Http/Requests/StoreServiceRequest.php,73ef38d6c7bb3171f6f5dd47c3d25d7c5daa1b74379f611979df28148ced7a1d,canonical
app/Domains/WorkCore/System/Modules/Catalogue/Http/Requests/StoreServiceVariantRequest.php,4d7b6a2560bf92f4f9149de7985127ead52fa5cbd4bf3e77cb02c3eaf1e13875,canonical
app/Domains/WorkCore/System/Modules/Catalogue/Http/Requests/UpdateServiceFaqRequest.php,e5bcefb6108a63ebf08c861d55658ea04a5de12163b80aaece984ba7762310a3,canonical
app/Domains/WorkCore/System/Modules/Catalogue/Http/Requests/UpdateServiceVariantRequest.php,88f9894f78ca847ef88fcd4da90823938da76ea2563d73f0a1e901794553e066,canonical
app/Domains/WorkCore/System/Modules/Catalogue/Providers/WorkCatalogueServiceProvider.php,a48f94523f4ee2242647e15b2883a35b8f5a83dc725f691d2f627c39ca2e5e85,canonical
app/Domains/WorkCore/System/Modules/Catalogue/Repositories/EloquentServiceCatalogueRepository.php,c0fd142c989a422364705c220ad70c06c4051a3e02de288efef8fa3eedf72de8,canonical
app/Domains/WorkCore/System/Modules/Catalogue/routes/api.php,4f54b9635084ddcb4ffce5ddf90bf26df5cf39f7096616f541758176617601c0,canonical
app/Domains/WorkCore/System/Modules/Compliance/AI/ComplianceToolRegistry.php,f3cf8257cc4e30439a17ab511faacd6b9125dbd47acd7326c2560883dbc9e212,canonical
app/Domains/WorkCore/System/Modules/Compliance/Actions/ChangeComplianceObligationStatus.php,3256c0eec9ff69ab5dd5037842ec90856e7efe0ee639f5d90268a2d929c64804,canonical
app/Domains/WorkCore/System/Modules/Compliance/Actions/ChangeHazardStatus.php,87ff2d64f2a8747814aff4d2733d44e992bde7a8c84ed8c6ae5766926c916261,canonical
app/Domains/WorkCore/System/Modules/Compliance/Actions/ChangeSafetyIncidentStatus.php,4eae8dfbfe76ac9b9ad54e44b14765a3f83e13f83fe7e92e9254a90f0f84438f,canonical
app/Domains/WorkCore/System/Modules/Compliance/Actions/ConvertCorrectiveActionToWorkOrder.php,c3e6d5ed2958c19e5ce19ab3e36581ab4fc80dc344a8baba9e50de85c2d609ff,canonical
app/Domains/WorkCore/System/Modules/Compliance/Actions/CreateComplianceObligation.php,cffa8c7d4630543b1ef897108e9029df38975cdfac9b07b378ff7ed8849071fd,canonical
app/Domains/WorkCore/System/Modules/Compliance/Actions/CreateComplianceRequirement.php,e0f4618286fd3e308775929d9e7da2fe746ccd123bb47fedabb0c72d0118b2c9,canonical
app/Domains/WorkCore/System/Modules/Compliance/Actions/CreateCorrectiveAction.php,476d16a6125209e88083fb0f13fcb3d98964ca900e7b12dfb1f13b710dce96e5,canonical
app/Domains/WorkCore/System/Modules/Compliance/Actions/RecordComplianceCertificate.php,82f2d18be522c942ca477c3d24511896b565897be92fa34e435b6481caf7b1b5,canonical
app/Domains/WorkCore/System/Modules/Compliance/Actions/RecordHazard.php,35a7345c7bd192a625b3787569c06f12266c836bd4b2473489badf79188e6c43,canonical
app/Domains/WorkCore/System/Modules/Compliance/Actions/RecordSafetyIncident.php,3ef1cf03be546ecb5b6c7a1aac40cfcc418c450c29c7fd8d929550752f48342c,canonical
app/Domains/WorkCore/System/Modules/Compliance/Actions/SearchCompliance.php,c51bfc47717bc2c4ea22c72621f9dee2b032f1022c0877b77ec7901137287837,canonical
app/Domains/WorkCore/System/Modules/Compliance/Contracts/ComplianceRepositoryContract.php,ed3d6b7f9bd7a482929e624fdce7124804863e932bbf13a29f5b749f0fca9024,canonical
app/Domains/WorkCore/System/Modules/Compliance/Http/Controllers/ComplianceController.php,6f4cbb1507a7296066433135e273f94aea6ffd5f1448a5f109ead7b067ff9810,canonical
app/Domains/WorkCore/System/Modules/Compliance/Http/Requests/ComplianceStatusRequest.php,22e7b4aa885a5b898d5eedc84bc887833fe77319a8ec68394f7fe3a8f0a282a8,canonical
app/Domains/WorkCore/System/Modules/Compliance/Http/Requests/CorrectiveActionRequest.php,5919f93d162d7c74e723c5c8cef590ed709a3ac34ef08b31d56ca1f7da77a789,canonical
app/Domains/WorkCore/System/Modules/Compliance/Http/Requests/CorrectiveWorkOrderRequest.php,57d99188e86d0b0e8b1f1d4629619af20e518ba4269f94509e86c48e6c55002f,canonical
app/Domains/WorkCore/System/Modules/Compliance/Http/Requests/RecordCertificateRequest.php,e00f735b1c19bb0044fe198cded1a8f5a98210e67f3c79901e13cd56030650a0,canonical
app/Domains/WorkCore/System/Modules/Compliance/Http/Requests/RecordHazardRequest.php,51330d625a5a933933f6e916e3160227274892d6778c354c94e7d4d82c22ccd6,canonical
app/Domains/WorkCore/System/Modules/Compliance/Http/Requests/RecordIncidentRequest.php,8a9db1881f55c63a6321c8cec09a5d82984cceea5f990f76ddf76fa43e815c0e,canonical
app/Domains/WorkCore/System/Modules/Compliance/Http/Requests/SafetyStatusRequest.php,993915f8dfbb2667ec55620c8ea40e51413fba053d03a4dac07339740ddf750c,canonical
app/Domains/WorkCore/System/Modules/Compliance/Http/Requests/StoreComplianceObligationRequest.php,852aa6cf477fa69f6c833d59facbf38ad0daff9ae34cc885a7753d833bb733fe,canonical
app/Domains/WorkCore/System/Modules/Compliance/Http/Requests/StoreComplianceRequirementRequest.php,ddf2b1973e70555462efa63ed0b636624e91f6dcc7b314fc037b02b99cb048d1,canonical
app/Domains/WorkCore/System/Modules/Compliance/Providers/WorkComplianceServiceProvider.php,6bc3e86f238c784e4341395674adddb5184c6b1b844ab016ee554af0e74fc48a,canonical
app/Domains/WorkCore/System/Modules/Compliance/Repositories/EloquentComplianceRepository.php,bb1be0c9d10c3cd5f692ba4e5cd2b8b62f46f11153aec49a46cddd425b986897,canonical
app/Domains/WorkCore/System/Modules/Compliance/Services/ComplianceStatusPolicy.php,deb4aab30028c444e38abee70b69da02129e75496aab90e077475fc39bf1decf,canonical
app/Domains/WorkCore/System/Modules/Compliance/Services/SafetySeverityPolicy.php,51dd4fe0b83797cebf9c3138ce8006046baec3124febf53a82a1955ae2560a11,canonical
app/Domains/WorkCore/System/Modules/Compliance/routes/api.php,6b8492035323a529c4b3f6359cd8b0508ead93aed1ca258fbb67235ad40f0086,canonical
app/Domains/WorkCore/System/Modules/Credentials/AI/CredentialsToolRegistry.php,0193e886db3c884349f71f93af29bc2a947381fe0f4bedb62913161502bd6423,canonical
app/Domains/WorkCore/System/Modules/Dispatch/AI/DispatchToolRegistry.php,57c1e97c6daa592999dc8e9afdbe037a5083329fb0ccce3661f6f07f31475599,canonical
app/Domains/WorkCore/System/Modules/Dispatch/Actions/ChangeDispatchStatus.php,026caa2372ca729dfa1c6243aafb07a8db2dcc4e340345195ce28d3d6af5f20d,canonical
app/Domains/WorkCore/System/Modules/Dispatch/Actions/CreateDispatchAssignment.php,a2ad8b22aceff7ba60d21caeaebd1658f012b102e1bb8ac85191dfd374f8623f,canonical
app/Domains/WorkCore/System/Modules/Dispatch/Actions/ReassignDispatchAssignment.php,108cf3447d459b221ef2cc1f41e8f76d5013434fc466bb97fe696a2504c1a505,canonical
app/Domains/WorkCore/System/Modules/Dispatch/Actions/SearchDispatchBoard.php,714ed4f84247453f0ef41929f948f37f500cd47652d99ea5109403e71ac6d3b1,canonical
app/Domains/WorkCore/System/Modules/Dispatch/Contracts/DispatchRepositoryContract.php,e34ae52c24adf9d57afda476b5b95db54d2979169984d1d24ad8cbb03c6e2a4e,canonical
app/Domains/WorkCore/System/Modules/Dispatch/Http/Controllers/DispatchController.php,fea60404336723898c97698237abee2abc910b16375b0ccfe1b0e21937f75dac,canonical
app/Domains/WorkCore/System/Modules/Dispatch/Http/Requests/ChangeDispatchStatusRequest.php,3322c061c6de92554baeccac41afda25b72057526c5f329585e742f63394f1d9,canonical
app/Domains/WorkCore/System/Modules/Dispatch/Http/Requests/ReassignDispatchAssignmentRequest.php,497a5926e5233407b26bca2c90fdb5e6d6f0b2adc43622a91b52d7073ff7af9c,canonical
app/Domains/WorkCore/System/Modules/Dispatch/Http/Requests/StoreDispatchAssignmentRequest.php,78f11a2780ad57daf29284e289b1a53053eb2936160942280a3e200729137e20,canonical
app/Domains/WorkCore/System/Modules/Dispatch/Providers/WorkDispatchServiceProvider.php,af4805b67c0b552b0666cc34ebabb30dd396a1b93d7285927774079cac413d41,canonical
app/Domains/WorkCore/System/Modules/Dispatch/Repositories/EloquentDispatchRepository.php,122eb093f175fcf4025deb614999435738c11b349406cfddc8e6533fb597ecba,canonical
app/Domains/WorkCore/System/Modules/Dispatch/Services/DispatchStatusPolicy.php,6c31c7ff0bccba6298d75893372d8713c03d176bf191637ece5b8ee354f396c2,canonical
app/Domains/WorkCore/System/Modules/Dispatch/Services/DispatchWindowPolicy.php,30ff57a334ed9960cbb1a40b0b7a48b16b69ea2cb6d70f668e66a9d3eaef0331,canonical
app/Domains/WorkCore/System/Modules/Dispatch/routes/api.php,194953bd87144884d5e119338e006d1709faa38b91c81646da2a12d1ecd826cf,canonical
app/Domains/WorkCore/System/Modules/Feedback/AI/FeedbackToolRegistry.php,0172c9af25e357f0a99525ee6698b788a13b450f0c949448b93f89e049895ce1,canonical
app/Domains/WorkCore/System/Modules/Finance/AI/FinanceToolRegistry.php,ca48e5707f932a7e9472e2167fed71c22737f9ec2465fa130b90e2d224058aad,canonical
app/Domains/WorkCore/System/Modules/Finance/AI/Tools/CreateInvoiceFromJobTool.php,74095e87aacbeec98a80bee5e850ef5898060b2cd371dda09b305549aa7d4562,canonical
app/Domains/WorkCore/System/Modules/Finance/AI/Tools/IngestPaymentEvidenceTool.php,f2bc0303717f54bbf56939151dd014c86701285c7c3de150f354c4e386148b64,canonical
app/Domains/WorkCore/System/Modules/Finance/Application/ActionRegistry.php,9e372915cfa61c351200b1e07ed7a6545961f808ee41de0518fdc1f2cfee4e82,canonical
app/Domains/WorkCore/System/Modules/Finance/Application/Actions/CloseReconciliation.php,8ec3cd10ab83187c7ed32d568a34487c161225b36210926cc9b6e9d7d2c64827,canonical
app/Domains/WorkCore/System/Modules/Finance/Application/Actions/ConfirmPaymentMatch.php,fbcdbfebd965902341f5d007604ecfe2d2c971e957939cdb78c99045f50c03c7,canonical
app/Domains/WorkCore/System/Modules/Finance/Application/Actions/CreateInvoiceFromCompletedJob.php,321a79bf56192976cf2bc5fbf2101e98ea9d20369551a25fea0d345bca69f38c,canonical
app/Domains/WorkCore/System/Modules/Finance/Application/Actions/ExecuteCollectionFollowup.php,f7729d3cdaba19d10c3b927068e32706b964d626e6b8077fbf6f8899accfd7af,canonical
app/Domains/WorkCore/System/Modules/Finance/Application/Actions/GetTitanMoneyHealth.php,0603e348964420616402deff5396c4e974d38d2598adf421b1404d0c09fe8f66,canonical
app/Domains/WorkCore/System/Modules/Finance/Application/Actions/ImportBankStatement.php,4fdd1864c7d96081bba919c782b265507564ccd34435ab6e783310b4c90d0265,canonical
app/Domains/WorkCore/System/Modules/Finance/Application/Actions/IngestAndMatchPaymentEvidence.php,bc9e420eac13fb0881ea18404f429186d54b2544e5de6d7a47e797fb56d45827,canonical
app/Domains/WorkCore/System/Modules/Finance/Application/DTOs/ActionContext.php,3e43122441c3334a6f7a6d70dbd07ace5027eb057295e7dd82ced500eb9d06ab,canonical
app/Domains/WorkCore/System/Modules/Finance/Application/DTOs/ActionDefinition.php,57c4c064784316acfea0fd7a6696097e6785b37f489eadd16b87045932e706f6,canonical
app/Domains/WorkCore/System/Modules/Finance/Application/DTOs/ActionResult.php,90d1e48f5b33cb8364a96e86ea354447e9b83f2adee4cb8b0d2055e9647d7258,canonical
app/Domains/WorkCore/System/Modules/Finance/Application/DTOs/ApprovalRequirement.php,462aec51a9839d69d157890878038c827da0b084cadf760a1da8ec128fc92565,canonical
app/Domains/WorkCore/System/Modules/Finance/Application/DTOs/ArrayActionInput.php,d8d775c56701d82117f4604a1d0b9d31db23dab413f0291b0d18cd7f37f62d5d,canonical
app/Domains/WorkCore/System/Modules/Finance/Application/DTOs/CloseReconciliationInput.php,41b9593c49efb98f0e49bf838adb1049aaee62c53400d6b6b4621e11aef7ecbf,canonical
app/Domains/WorkCore/System/Modules/Finance/Application/DTOs/ConfirmPaymentMatchInput.php,654041efdc701cd89107790f2874a34a972561ba2a4dd146036183a80c8e39bc,canonical
app/Domains/WorkCore/System/Modules/Finance/Application/DTOs/CreateInvoiceFromCompletedJobInput.php,dc93e170a8ada94f4c40d273d7a0c311f2e6534d5f28b7567e5fdc685df2653d,canonical
app/Domains/WorkCore/System/Modules/Finance/Application/DTOs/ExecuteCollectionFollowupInput.php,6b8ae5f6f5227875f659daad2e8d3e9a2929deb8f1f6e1f15058b86ca55dc8d8,canonical
app/Domains/WorkCore/System/Modules/Finance/Application/DTOs/GenerativeUiEnvelope.php,95c21499d1f51e632f8bb65e9656061c853ed6442af3ba916e134833a38f5e65,canonical
app/Domains/WorkCore/System/Modules/Finance/Application/DTOs/ImportBankStatementInput.php,3d42a3831cff60d2ae95196c3e886a06c326fa11bbca81008483b7637f33a8c0,canonical
app/Domains/WorkCore/System/Modules/Finance/Application/DTOs/IngestPaymentEvidenceInput.php,1e54edaf2ddce44d7707ff47c5a21a62c2cbeff91ab2227dde7ede718479eaca,canonical
app/Domains/WorkCore/System/Modules/Finance/Application/DTOs/RiskAssessment.php,f4aa802d9c97388d112f0132b6fd56d7c8e674a58339eee9e7f4dc5a8af582c8,canonical
app/Domains/WorkCore/System/Modules/Finance/Application/Enums/ApprovalMode.php,035c6e26a3135fda64dc73a1efbfa050d432f44d973382f40724f7e94f4498ab,canonical
app/Domains/WorkCore/System/Modules/Finance/Application/Enums/InterfaceOrigin.php,16b78a81bf06af6c07355ffbaa3c174de7ded7ad9da9651af9e7ba739a0ee5e5,canonical
app/Domains/WorkCore/System/Modules/Finance/Application/Enums/ResultStatus.php,35b72614792b6185c558a5b1230a0e173edd1c2a9e81e54d2aca77d73f560b25,canonical
app/Domains/WorkCore/System/Modules/Finance/Application/Enums/RiskLevel.php,03c48f74b4e9995f64316a9507ba51015b779bc9abcde14b61ab9a59aa1d1515,canonical
app/Domains/WorkCore/System/Modules/Finance/Application/Enums/SurfaceType.php,eebded395afd26720da233fc698eee47711f37cabc25de4d2d22d3c12d20a4b5,canonical
app/Domains/WorkCore/System/Modules/Finance/Application/Services/InvoiceCollectionScheduler.php,fde1d54245c394e3c3eb595b0b54e334d09e47d1c7c490cf5d0c1c89a33506db,canonical
app/Domains/WorkCore/System/Modules/Finance/Application/Services/InvoiceIssuer.php,15e98f15188698aaec83779320475b29fc056cf57e289995384a2c23745e6d55,canonical
app/Domains/WorkCore/System/Modules/Finance/Application/Services/PaymentConfirmationService.php,817dab65060a0eac99b2ad459f66d26bf5c7c898c8839e687ba6e2cedb7c8bee,canonical
app/Domains/WorkCore/System/Modules/Finance/Application/Services/PaymentRequestService.php,d1ba78a46dd529f223fc5e943ea5c54252b8074becc2a4e2463d9eb1fc003ec6,canonical
app/Domains/WorkCore/System/Modules/Finance/Application/Services/WorkCoreJobInvoiceAssembler.php,c09b536f118c9ec933df0154ee7e745c351919c838616b0243340d62835a2116,canonical
app/Domains/WorkCore/System/Modules/Finance/Audit/ActorType.php,1f7ebe8a651ecbadc067afb8fc46681530ec859b857a540d68a49d6b2e64b845,canonical
app/Domains/WorkCore/System/Modules/Finance/Audit/AuditActor.php,004650b6d5bdab6e65c701851c10dcfe2b1098bae32a983fc584140c4cfaccd6,canonical
app/Domains/WorkCore/System/Modules/Finance/Authorization/FailClosedCompanyMembershipAuthorizer.php,d0734e8da69749ac0fa83f8213af93098615b8daa916e5deff38945871458ad8,canonical
app/Domains/WorkCore/System/Modules/Finance/Authorization/FailClosedPermissionAuthorizer.php,51dbde91081ce0eb1d1f4b5cfeb7f204599f9760b2c28e6dbb93cdf193d64c6e,canonical
app/Domains/WorkCore/System/Modules/Finance/Authorization/FinanceAccessGate.php,762b61976f3b7772453c76bc256b10c82f588185584098c224250719e6fb4a4d,canonical
app/Domains/WorkCore/System/Modules/Finance/Authorization/TitanMoneyPermission.php,44fe23d86c78f80c1ff41f30f17293c8bc3eca766d3a2c2f90dbdbbefe48f0ab,canonical
app/Domains/WorkCore/System/Modules/Finance/Automation/AutomationDecision.php,249aa4689047a9f1c2ca4780b463a5852a631d487ed4b1419c1e71e2e06d7df9,canonical
app/Domains/WorkCore/System/Modules/Finance/Automation/AutomationPolicy.php,10efaffa9b1409352e24031dd7c5fdc92dfa95de44a30f00dc87db75e160fd4d,canonical
app/Domains/WorkCore/System/Modules/Finance/Automation/AutonomyLevel.php,77e7cbfe9bc9de8014101dcb1c3439e76f820677e253c6b96cf5d0b2fef85f4c,canonical
app/Domains/WorkCore/System/Modules/Finance/Automation/Collections/CollectionAccountState.php,92470ac403aa35d1005ab5d4e9c1df2cf562a26a84989c6b6746227102a6ae9f,canonical
app/Domains/WorkCore/System/Modules/Finance/Automation/Collections/CollectionSequence.php,58550d68dee09fbaae8eefb66726ccb843b366282e68d5302a6bcd279e325c21,canonical
app/Domains/WorkCore/System/Modules/Finance/Automation/Collections/CollectionSequenceStep.php,73a5c7e26efde2120bfa35b57006ed64c8c732b048859a083a1c10e5eb14ad81,canonical
app/Domains/WorkCore/System/Modules/Finance/Automation/Collections/CollectionSuppression.php,fe2936901cf2633e99646b129f347e89a078b33c18ca842d165cda5726b52212,canonical
app/Domains/WorkCore/System/Modules/Finance/Automation/Collections/CollectionSuppressionDecision.php,e9c28a15c1f5df6a51077eb48a705a2e20dc4fe2633c103a25856f11c6af0e56,canonical
app/Domains/WorkCore/System/Modules/Finance/Automation/Collections/CollectionSuppressionEvaluator.php,cf5977ac87a023b890e3d4a3de390b6ba29247c43351aee90b1ff0e2f7858696,canonical
app/Domains/WorkCore/System/Modules/Finance/Automation/FinancialActionType.php,0c60bbd4529570625b841c52124079884ad350649a57726b5529d9465e2b16b8,canonical
app/Domains/WorkCore/System/Modules/Finance/Automation/Invoicing/InvoiceEligibilityEvaluator.php,6fa50169788ea21b4b25ec9e37bdb7979f24ed2044f6ba1df1cadf183b4a5c1d,canonical
app/Domains/WorkCore/System/Modules/Finance/Automation/Invoicing/InvoiceEligibilityInput.php,e7c7616c632a6f0ffab490e757e0a6ea0ce759260f69dce7a21e50bd57495e54,canonical
app/Domains/WorkCore/System/Modules/Finance/Automation/Invoicing/InvoiceEligibilityResult.php,c613a4970a93b416f35e10c194893d16178be122185239517f235e44aa2f6e6e,canonical
app/Domains/WorkCore/System/Modules/Finance/Automation/Runtime/PulseFinancialActionWorker.php,ce141352ff70e703a528f856bfbcfd69e6f38965687c79d3330566273b64f926,canonical
app/Domains/WorkCore/System/Modules/Finance/Automation/Runtime/ScheduledActionRecord.php,d9b986b74458439c823152999119cae1f8f8ad617c8e6119907534cc41acca8e,canonical
app/Domains/WorkCore/System/Modules/Finance/Console/RelayTitanMoneyOutboxCommand.php,43a43da15cf5d8976c2c5581ecb0b9869392b454451bfac259ce4f4210c38965,canonical
app/Domains/WorkCore/System/Modules/Finance/Console/RunPulseFinancialActionsCommand.php,5130619e82c2db8ffc04481ac37ac790910e29e442f29b3dafa2e932264ee038,canonical
app/Domains/WorkCore/System/Modules/Finance/Contracts/AccountantExportWriter.php,54f115c742b03581fbac434bca1064f083dd4a5ec69431fc730c0a19c90d338b,canonical
app/Domains/WorkCore/System/Modules/Finance/Contracts/ActionAttemptRepository.php,72508b20a47c5a97ec351c748b922f4b9f26160a0b95bf5a1a8d42a9de09bdc1,canonical
app/Domains/WorkCore/System/Modules/Finance/Contracts/ActionInput.php,70f99a88f62b170ee41c3439a4857c9d9b08b28913919b5b6a632556a10512c4,canonical
app/Domains/WorkCore/System/Modules/Finance/Contracts/ActionInputFactory.php,b2bf7be06b8dd905ac4cb9fcfee1d419a41a9531aa41a0975d872f5770be3caa,canonical
app/Domains/WorkCore/System/Modules/Finance/Contracts/ApprovalGateway.php,127c5bd4db8175b421b2b501f67f1c833844a635ce7db20ce8e4bf1f8deb703c,canonical
app/Domains/WorkCore/System/Modules/Finance/Contracts/ArtifactStore.php,1d8d569debd3840da21417280ff70201ce4dac1c4c441419723d06d77d044d1d,canonical
app/Domains/WorkCore/System/Modules/Finance/Contracts/AuditRecorder.php,d48b41059a4f671ca95753b0faad08b9bb2bed629588777323ee875f55875e3a,canonical
app/Domains/WorkCore/System/Modules/Finance/Contracts/AutomationPolicyRepository.php,db3320e1309a31d3539ea2b4f47e3bcd939102adfde01dd8caef3251aee68915,canonical
app/Domains/WorkCore/System/Modules/Finance/Contracts/AutomationScheduler.php,680a1f76d8d7aebb05eded8e3e929f5c72cb26218a736bed85d03f8bc7238e53,canonical
app/Domains/WorkCore/System/Modules/Finance/Contracts/BankImportRepository.php,6eecaf731da935036ff4ae85cdbbe6ca32190be85fc4003a60ae8fa401800a20,canonical
app/Domains/WorkCore/System/Modules/Finance/Contracts/BankTransactionWriter.php,bacecc60149bd91692c2702dcd75dee5e00cfe3a49e62c223c125f6b8cb363e7,canonical
app/Domains/WorkCore/System/Modules/Finance/Contracts/Clock.php,38969ef0a3c3c2336e308eb28042fa10077af26eeba685f0b96856732572ac8d,canonical
app/Domains/WorkCore/System/Modules/Finance/Contracts/CollectionAccountStateRepository.php,9f0b34ed3b5d5d7dcf7e0b093b22f23f1e5c9a93d3ff94d3b1e62efc67835436,canonical
app/Domains/WorkCore/System/Modules/Finance/Contracts/CollectionMessageGateway.php,d69dedbcd9dcd66b1558db381e2e2acdd172a670fbfb5b5d232701cc74a0a4d2,canonical
app/Domains/WorkCore/System/Modules/Finance/Contracts/CompanyContextResolver.php,8bebc9341d942b1eb34c60972c73acbcd854dff66d9bb764fdee5ef7b40939e8,canonical
app/Domains/WorkCore/System/Modules/Finance/Contracts/CompanyMembershipAuthorizer.php,b2b04f65eca49beddbff38b935ee7615d860854b499c4f83205d27dcdca52185,canonical
app/Domains/WorkCore/System/Modules/Finance/Contracts/CustomerPaymentAdapter.php,d99dc7bac2a7c31dd85a349e08ef13e4d0f22e0d43f16a859b02fc84c1c2f323,canonical
app/Domains/WorkCore/System/Modules/Finance/Contracts/CustomerRepository.php,aa188642dcef96f24db3df98ebc8a1ffee01467b940f95dc13ad6a90a1ff28f7,canonical
app/Domains/WorkCore/System/Modules/Finance/Contracts/DocumentNumberGenerator.php,99ff872d758f70bf155b26d54213960236c8547db156d803ab99b7112a60e4f4,canonical
app/Domains/WorkCore/System/Modules/Finance/Contracts/DocumentRenderer.php,018f6675a4c33545a089408e2cc4ca5099d21f5855e68a7acfe9ba978f2a5b26,canonical
app/Domains/WorkCore/System/Modules/Finance/Contracts/DocumentSnapshotRepository.php,820140ae3d8ea7408198a5060c166fbce8797bb0ab6e3988a0756a87d436dadb,canonical
app/Domains/WorkCore/System/Modules/Finance/Contracts/EInvoiceAdapter.php,e78bb2f9ca57af666b2ab8ed4c00a21cd5b16cb28b77d6002f080d4f034fdbb5,canonical
app/Domains/WorkCore/System/Modules/Finance/Contracts/ExternalEventInboxRepository.php,85685e7036263bfe36c691323f60865d1bde8948bcdcff337041635f7f3c8c49,canonical
app/Domains/WorkCore/System/Modules/Finance/Contracts/FinanceRepositoryContract.php,15eb7277294eed4c8b82832f4ab22abdc2fea19a3474a16f2ce912b2f3430cfd,canonical
app/Domains/WorkCore/System/Modules/Finance/Contracts/FinancialActionInvoker.php,807df840ba30da5700dd8efc4a146dbe3a465f4bef62d5d0f9a18dc47d8aa36e,canonical
app/Domains/WorkCore/System/Modules/Finance/Contracts/FinancialExceptionRepository.php,873b2b4bd2bd7870f407712a30925cc071f969048654ecb967c6d26f5b58054e,canonical
app/Domains/WorkCore/System/Modules/Finance/Contracts/FinancialSettingsRepository.php,5a14dc7bfbdee422e386be1da0af46039e133df22269d0da63797c88552589a2,canonical
app/Domains/WorkCore/System/Modules/Finance/Contracts/IdempotencyStore.php,fd0a5f9890ae6525a4106205c68db46619cb86d0d6044f7ca000864c3faa0a82,canonical
app/Domains/WorkCore/System/Modules/Finance/Contracts/IdentifierGenerator.php,207eabaf151978f3dbbe1ed19fe626e3f25ca77785c64f4e5e414d148afb556f,canonical
app/Domains/WorkCore/System/Modules/Finance/Contracts/InvoiceRepository.php,0b13c43f2f58376054b6ec2a9e9eb501e868ff65403087b2f0e8eed0e3129465,canonical
app/Domains/WorkCore/System/Modules/Finance/Contracts/JobRepository.php,5a1590a7f07d8256f2ade6503a159274dbf8f57845743616a70c1b5f07a56c52,canonical
app/Domains/WorkCore/System/Modules/Finance/Contracts/JournalRepository.php,b86a1005c19cb7ef0f98e785f555ae5b36982a20e31d0ad22efc491954f8dd97,canonical
app/Domains/WorkCore/System/Modules/Finance/Contracts/OutboxRelayQueue.php,a09d64fa40b4b0d60b0c37c000f222e3c4c24b7d583940bf71d39eb2729a30e7,canonical
app/Domains/WorkCore/System/Modules/Finance/Contracts/OutboxRepository.php,2f568fef29119d5a538e21f8f120ece0a0a706355239b6eaca6be53e3968b283,canonical
app/Domains/WorkCore/System/Modules/Finance/Contracts/PayPalConnectionResolver.php,19ab1106e0bbe7bd177d52ef7dfb03e205d7c9bfc922cd1b0c27bfbd59cccf63,canonical
app/Domains/WorkCore/System/Modules/Finance/Contracts/PayPalWebhookVerifier.php,bd1e9c74014cf1c329da8b4a7b46bccec29026468b7b5d24ccec94283cd8c390,canonical
app/Domains/WorkCore/System/Modules/Finance/Contracts/PaymentEvidenceIngestor.php,e9d97a83a281cd1390cb902a0ff2ca28c6d72462d2ee0f82bd1bd30675703df8,canonical
app/Domains/WorkCore/System/Modules/Finance/Contracts/PaymentEvidenceRepository.php,6f8c442d27dd72e6084be854f1d6d680c2b834d4fbe28c85dfe6e92a94b7d925,canonical
app/Domains/WorkCore/System/Modules/Finance/Contracts/PaymentInstructionDeliveryGateway.php,5b45f5297d05a1a5e2246dded91310b4927487fb3d044fe58b3a6cce7e57a9df,canonical
app/Domains/WorkCore/System/Modules/Finance/Contracts/PaymentMatchRepository.php,5bb5874d6f976e5700cbb6b11a4000f04c475a23916e77340701e90ffd34760b,canonical
app/Domains/WorkCore/System/Modules/Finance/Contracts/PaymentMethodConfigurationRepository.php,0f04a1d73220bf64e09a7caa05d3c3dd64f23c3e1107100b3de0a33288aa67cb,canonical
app/Domains/WorkCore/System/Modules/Finance/Contracts/PaymentRepository.php,71f3839ea22dd0fc7bc21fe882f516f71b0461b1dfcd52a446a1a7251799045f,canonical
app/Domains/WorkCore/System/Modules/Finance/Contracts/PaymentRequestRepository.php,af34258cd428163bbc4029279856cfcc77ec3bbf00a9145057f4dbae9b7ba443,canonical
app/Domains/WorkCore/System/Modules/Finance/Contracts/PermissionAuthorizer.php,f2637cd7901167ac413123fb4f7c76cc3c34bc2c174eae2857556c3bbddec8f3,canonical
app/Domains/WorkCore/System/Modules/Finance/Contracts/QrArtifactRepository.php,08110c1cc3686bcbeba4bb4701b9168a566946fa97dc5b5ad8a9c36350883538,canonical
app/Domains/WorkCore/System/Modules/Finance/Contracts/QrCodeRenderer.php,1a707ec44a343d84d1a9262a22ce1a762b71556e7e3effb2fd4485bb66071892,canonical
app/Domains/WorkCore/System/Modules/Finance/Contracts/ReceiptRepository.php,196a34f5d3c7e4db96e0f5de55d9340847f88f7fd24c84623ba13bf5bf99353d,canonical
app/Domains/WorkCore/System/Modules/Finance/Contracts/ReceivableRepository.php,8f4216da3aadc07ba96de4e157fed3c23704fcc9368511ee24979363455bd8e5,canonical
app/Domains/WorkCore/System/Modules/Finance/Contracts/ReconciliationRepository.php,9a9173b7bf4fe1d3a68514e98791b0ecb7787d6c9ad3eb9b70dba93379ae3462,canonical
app/Domains/WorkCore/System/Modules/Finance/Contracts/ScheduledActionQueue.php,92895117feee222afa05a923d71aeec95d1b813d4829250915cd63695e2db2a1,canonical
app/Domains/WorkCore/System/Modules/Finance/Contracts/SignalPublisher.php,c814c1052195a4421ee30a70f4d0274abd98434e84e816e77c2124db2363055e,canonical
app/Domains/WorkCore/System/Modules/Finance/Contracts/TitanMoneyAction.php,0ba954236c6062674a17b9d875002b8b5396ad785b6b4c4dbcb948d453bd51e3,canonical
app/Domains/WorkCore/System/Modules/Finance/Contracts/TitanTalkTransport.php,9ea3983c59b42395d336e67640994741601f6228463568816b2862b3a3ea5773,canonical
app/Domains/WorkCore/System/Modules/Finance/Contracts/TransactionManager.php,4c983d91b471586f70589a20273c75144bc92d17d5403251d3031bdf50945cbf,canonical
app/Domains/WorkCore/System/Modules/Finance/Contracts/WorkCoreCommercialSource.php,fede3d7804e8546512fc1951007073c35b20d2acd2df8b1be3c469ba4fb3eefd,canonical
app/Domains/WorkCore/System/Modules/Finance/Documents/FinancialDocumentSnapshot.php,207604defdf2a0b1be344d911e93dfb80e8a851067c68fe8d7fb420d46961d53,canonical
app/Domains/WorkCore/System/Modules/Finance/Domain/Ageing/AgeingBucket.php,c4059025255a5bb1a30985bf6b779256e9f4ecc7111e80650fea68c54acf0868,canonical
app/Domains/WorkCore/System/Modules/Finance/Domain/Ageing/AgeingReport.php,268a58dcdae056ee5c3431bb46fc4d1f1b9e480cb787cb2c87a2a33d9722b03e,canonical
app/Domains/WorkCore/System/Modules/Finance/Domain/Ageing/PayableBalance.php,67370dddb18c64364561094267b5c46a2b36cf943825eb23e8266744463cfe1d,canonical
app/Domains/WorkCore/System/Modules/Finance/Domain/Ageing/PayablesAgeingCalculator.php,0769182668e306d85a7367b71b0e25b575cc713e8ba88cd6a630b6c583d4d15f,canonical
app/Domains/WorkCore/System/Modules/Finance/Domain/Ageing/ReceivableBalance.php,8fdfc42c9ff54c7aedf02f947194088ae1c166cb63d440386a2f39b0df9b6922,canonical
app/Domains/WorkCore/System/Modules/Finance/Domain/Ageing/ReceivablesAgeingCalculator.php,75ccb26b107251e902b1ed3185c50a977e5c60ebabca76f48c18f34f0d4f8eee,canonical
app/Domains/WorkCore/System/Modules/Finance/Domain/Budgeting/BudgetApprovalPolicy.php,90daacad32ec8866674609ab2577cedf6c0830d13f4361e3a6928e041243ebc8,canonical
app/Domains/WorkCore/System/Modules/Finance/Domain/Budgeting/BudgetApprovalThreshold.php,0511cda612c1462602243c8f5f50577f52ae589fea4bf58ea6204270edfd6a90,canonical
app/Domains/WorkCore/System/Modules/Finance/Domain/Budgeting/BudgetEnvelope.php,70757575219340571309dc3aed5fbb6e571809a6f97d6cb13955a3804479d2f3,canonical
app/Domains/WorkCore/System/Modules/Finance/Domain/Budgeting/BudgetState.php,70d14d7f2709fda66f6595bd54bfb3d022ba37b75b3450cff2aa59c2d6126490,canonical
app/Domains/WorkCore/System/Modules/Finance/Domain/Commercial/InvoiceDraft.php,fd52781f875b5fe21c35333046a294d1e13b6a02618d0e24ed50a4921b9aba94,canonical
app/Domains/WorkCore/System/Modules/Finance/Domain/Commercial/InvoiceLifecycle.php,4a3d2a5b2b7da43a410a00132f3a54a4a92b286a7ed6a18954eb29be6147ad93,canonical
app/Domains/WorkCore/System/Modules/Finance/Domain/Commercial/InvoiceLineDraft.php,d8cd62c351c2b1e1ef7289cffb9f6a469420c2a759513273eb57918ac9e0cd05,canonical
app/Domains/WorkCore/System/Modules/Finance/Domain/Commercial/InvoiceRecord.php,ffccb9816e533b740f890c3f41717006ae82c7bb05558fc97a59430bef58ae86,canonical
app/Domains/WorkCore/System/Modules/Finance/Domain/Commercial/InvoiceState.php,688e6d7b24f647a21e29be0d9bee8f1acbe92f1356ea68b32e31818137621b30,canonical
app/Domains/WorkCore/System/Modules/Finance/Domain/Commercial/QuoteLifecycle.php,50827b6fb21e35f3e4e91d49b2860c18ea8268d51ec4d9eebed8395785fd1fbe,canonical
app/Domains/WorkCore/System/Modules/Finance/Domain/Commercial/QuoteState.php,d28a7e655701f279bfffc346b2dd449833090ac83913f3ec20538f3238f6535a,canonical
app/Domains/WorkCore/System/Modules/Finance/Domain/EInvoicing/EInvoiceFormat.php,ab2d1aa3e657135d5485bd27d238b988a4b60debb2264355e8f5a93728ef9a13,canonical
app/Domains/WorkCore/System/Modules/Finance/Domain/EInvoicing/EInvoiceState.php,33d78f71c5807a4cc8ba67c96edb0000e29d9e5f1d8348bd42c8bc1bf6d38258,canonical
app/Domains/WorkCore/System/Modules/Finance/Domain/EInvoicing/EInvoiceTransmission.php,f04060d1e4143f0cef507d74be912d3832f01cc29917056919610554b3709162,canonical
app/Domains/WorkCore/System/Modules/Finance/Domain/Events/OutboxEvent.php,a8a35f709307a45a5c17cc27d7d31167b5d2d888e8fee99f23bf0a090820a7b3,canonical
app/Domains/WorkCore/System/Modules/Finance/Domain/Events/OutboxRelayRecord.php,db98b01834c2a52f417c2319bf3ab63833cefea3a6ab42711dd1864762181539,canonical
app/Domains/WorkCore/System/Modules/Finance/Domain/ExpenseClaims/ExpenseClaim.php,de82ebc5e434476e571a800d8034c04ecc8b6b20121e32a399577138432cb32b,canonical
app/Domains/WorkCore/System/Modules/Finance/Domain/ExpenseClaims/ExpenseClaimState.php,21a82302f04b21b8ad3299cf8381517b6a1b1752528a13abf7b8cda20148651e,canonical
app/Domains/WorkCore/System/Modules/Finance/Domain/ExpenseClaims/ReimbursementBatch.php,072e2d62aa921c9562c2c3a66e0888ee0e3c64170a668e460ec4a72b429eac9c,canonical
app/Domains/WorkCore/System/Modules/Finance/Domain/Exports/AccountantExportPack.php,ff4aad9e2749c86def630191a6601d8b194feb1e7912c5fc900a5c007d55fd95,canonical
app/Domains/WorkCore/System/Modules/Finance/Domain/Forecasting/CashflowDirection.php,1ad83c535f860f2ad0d81b4d4aaf49bd84e6e75d224d73997129e7c0f919bd61,canonical
app/Domains/WorkCore/System/Modules/Finance/Domain/Forecasting/CashflowForecast.php,ce78e7090bfb0eb1c5b035f50e29c2a29d968174fd34b8cbf77e2a76133e9572,canonical
app/Domains/WorkCore/System/Modules/Finance/Domain/Forecasting/CashflowForecastItem.php,29f189c24abbf9fbe6e94a737609862056fc55c9ea79e96795f6bc7383998163,canonical
app/Domains/WorkCore/System/Modules/Finance/Domain/Forecasting/CashflowForecastPeriod.php,57ea2b3c46d27a3100c28beff585a5902d998d3bf517564388020b64e0aebf30,canonical
app/Domains/WorkCore/System/Modules/Finance/Domain/Forecasting/CashflowForecaster.php,f0febbdd350615cf83a7fbbe087729abf2896461f045e8a895ec46ec48083968,canonical
app/Domains/WorkCore/System/Modules/Finance/Domain/Ledger/AccountRole.php,bf550c3c1f8123e2677439b0e6cede711843e799e81981b910089f536ca432ea,canonical
app/Domains/WorkCore/System/Modules/Finance/Domain/Ledger/JournalEntry.php,e1de59a6ff9f78c7739871280873efd63dffaa8d06dcc029c5abc7da59c2ada8,canonical
app/Domains/WorkCore/System/Modules/Finance/Domain/Ledger/JournalLine.php,95c9fb1487a173735fdad6e3891379e80ff1a37f4e7358c6233a29105f4ba4e9,canonical
app/Domains/WorkCore/System/Modules/Finance/Domain/Ledger/LedgerSide.php,c30e95b463a2ee3bdf9a5e31ed4aca6decbb826c78fa39fdbcb0a8a4a057815d,canonical
app/Domains/WorkCore/System/Modules/Finance/Domain/Ledger/PostingTemplates/InvoiceIssuedPostingTemplate.php,1131efa535e95244fb89645586fbe54f476ad645b586ee4284d9dc7c6a47cc49,canonical
app/Domains/WorkCore/System/Modules/Finance/Domain/Ledger/PostingTemplates/PaymentConfirmedPostingTemplate.php,3524ab826896b234e27eafed94d5c634521f392245b5324aa5d1cdc2173d7eb8,canonical
app/Domains/WorkCore/System/Modules/Finance/Domain/Ledger/PostingTemplates/PaymentReceivedPostingTemplate.php,7b9483601afaddc2d170170cb7de718171777e9a36968a48c76168ca112dd5ca,canonical
app/Domains/WorkCore/System/Modules/Finance/Domain/Payments/PaymentEvidenceRecord.php,bdc23b463dc273bfc02e7a462bba6b847794e51998f97c977c6292a56a3647f4,canonical
app/Domains/WorkCore/System/Modules/Finance/Domain/Payments/PaymentInstructions.php,ca7ded6d0be62fd58bae5387165222597ec68d693f77ab41cdafaa8a4c1e601b,canonical
app/Domains/WorkCore/System/Modules/Finance/Domain/Payments/PaymentMethodConfiguration.php,f978fecd9eef3a3ebb6f662f176fe33cd48093efd432027ef5960149bed5abdc,canonical
app/Domains/WorkCore/System/Modules/Finance/Domain/Payments/PaymentMethodKey.php,59f96e953c4119f21584033d243373c3153e7cd97acd80118adb30cbdc46e00b,canonical
app/Domains/WorkCore/System/Modules/Finance/Domain/Payments/PaymentQrPayload.php,61118fc37a41dfb527b7e50d0ef4367ea582f1721403e8dcef3689afce3e2cb3,canonical
app/Domains/WorkCore/System/Modules/Finance/Domain/Payments/PaymentQrPayloadBuilder.php,84323b20e0c6691ba5815b9d826c813f018bd246aef707f39df624dcc5818a8b,canonical
app/Domains/WorkCore/System/Modules/Finance/Domain/Payments/PaymentRecord.php,287bd0ab44e16a582adb95198620ba2d3afdb943827503a1e688635a383b0569,canonical
app/Domains/WorkCore/System/Modules/Finance/Domain/Payments/PaymentRequestRecord.php,374d7ef23b23048696e614cae8d419d9a4089df4ecb36636955797370ae8c357,canonical
app/Domains/WorkCore/System/Modules/Finance/Domain/Payments/QrArtifact.php,de76f8c5e9fe02b289480230683f07db920d02328fc02b831f6d77f87dbdeaff,canonical
app/Domains/WorkCore/System/Modules/Finance/Domain/Payments/ReceiptRecord.php,c1bc46e09b969c99b42238fd2339292cd6b2520231901c8a492512430a0e76d6,canonical
app/Domains/WorkCore/System/Modules/Finance/Domain/Procurement/PurchaseOrder.php,2a357cc13180f2999ab03902408273357534a8802e2002a054a54bf6330f7cab,canonical
app/Domains/WorkCore/System/Modules/Finance/Domain/Procurement/PurchaseOrderLine.php,6fb38ec4568c8279d69ddadf56b5cc6bb35f28d7db7a9211ce48ea0d9d6fb062,canonical
app/Domains/WorkCore/System/Modules/Finance/Domain/Procurement/PurchaseOrderState.php,d395a7c32e59ad85097bcd999d149de1b3f8babe73c095f729997b872aaff3fd,canonical
app/Domains/WorkCore/System/Modules/Finance/Domain/Profitability/JobProfitabilityCalculator.php,ce51249d2d9390fb274f3d5d21d66725e93c48444120720bead01f8c6ba9f925,canonical
app/Domains/WorkCore/System/Modules/Finance/Domain/Profitability/JobProfitabilityResult.php,835491df3dcc225df80a9679a12962fe14bad13b8d92dca8dbe86869cf7191ee,canonical
app/Domains/WorkCore/System/Modules/Finance/Domain/Receivables/ReceivableAccount.php,a4a4805d388dbda63c75e5d9b9b235ffe310289d73bfd5c86284f8b4ac7dec90,canonical
app/Domains/WorkCore/System/Modules/Finance/Domain/Reconciliation/BankDepositEvidence.php,a8bef5d79948225c6c1f884af3acab0413658d6231cc38ff88778824ae415f07,canonical
app/Domains/WorkCore/System/Modules/Finance/Domain/Reconciliation/BankDepositMatcher.php,d5223bddbb0ff37aa0bf8c4159f2a679e92544c3bdc0b5f7e9d414ccfc203337,canonical
app/Domains/WorkCore/System/Modules/Finance/Domain/Reconciliation/MatchStatus.php,98a5585c8fedd58d7241869e651565f1e9709a55a923f9a0a5b4af3069aa4a73,canonical
app/Domains/WorkCore/System/Modules/Finance/Domain/Reconciliation/OpenReceivableCandidate.php,d5a33514bb3cebe536e8ac7f6799e229488630e3e2bcbd5f9d8452a796e577af,canonical
app/Domains/WorkCore/System/Modules/Finance/Domain/Reconciliation/PaymentMatchCandidate.php,7199cdd6e323b512a06372026144c408825ad7234de4eb7d2f27f5a73750abe0,canonical
app/Domains/WorkCore/System/Modules/Finance/Domain/Reconciliation/ReconciliationBalance.php,43610901085bade11a9ab55d0fb2d8c250e00b42fbad4d68df222360f8ecfb83,canonical
app/Domains/WorkCore/System/Modules/Finance/Domain/Reconciliation/ReconciliationSession.php,d42b455970905e885f778fba18b92987a52a1280211e1b1714c046b25f3609f5,canonical
app/Domains/WorkCore/System/Modules/Finance/Domain/Sales/PointOfSaleTransaction.php,d00d08ea89c3b05d609c565cdaf5d1a15cda5381f1d604ecb1d49d9579082c3b,canonical
app/Domains/WorkCore/System/Modules/Finance/Domain/Sales/SaleLine.php,fcc9c3a7cea07b80df8020cc68489109e8c5dbf460210c200767733913f1b012,canonical
app/Domains/WorkCore/System/Modules/Finance/Domain/Sales/SaleState.php,8f93aec8c80e567d27eea0a2f868868ada0164c58979cac72637ac95f74280e1,canonical
app/Domains/WorkCore/System/Modules/Finance/Domain/Sales/SalesOrder.php,161a0990e073f70c0b8fdf480a3b37e413ff618eda03b5c15bd06d849818e58e,canonical
app/Domains/WorkCore/System/Modules/Finance/Domain/Sales/SalesOrderState.php,bc3f4de8e8c8242116869af2cb2d739364555cd126c1633e332786cf16cdd15d,canonical
app/Domains/WorkCore/System/Modules/Finance/Domain/Shared/CurrencyCode.php,5718c21336bb3d4e055367dd6a80cdfc80384bd52306125291f3aa43839334de,canonical
app/Domains/WorkCore/System/Modules/Finance/Domain/Shared/DecimalMoneyParser.php,38c946e5d213f42612b37da0dbc98d5c7700ff01c3915f56a04900a5be36f558,canonical
app/Domains/WorkCore/System/Modules/Finance/Domain/Shared/Money.php,57d0bfaa43f2609393745f9a501ab4f477debe6b808f5e1e28f87e8806cf81af,canonical
app/Domains/WorkCore/System/Modules/Finance/Domain/Tax/GstBreakdown.php,d4040337a09892cea0b4315c203d6ff42372a3d6f5a1bcc02604050bb3e16bfe,canonical
app/Domains/WorkCore/System/Modules/Finance/Domain/Tax/GstCalculator.php,be51373699f391aa2010d1ebb04a38128cb62718aca25ea7ad3a22006d8ef1b8,canonical
app/Domains/WorkCore/System/Modules/Finance/Domain/Tax/GstReportCalculator.php,98df2c039aad687fedb516199a85b54fda2c33bff4d16bb079466250f66d17c2,canonical
app/Domains/WorkCore/System/Modules/Finance/Domain/Tax/GstReportSummary.php,0d3c718d2187ebbfee2d1798678dc126e800526550c379b7159e2052ce28c8d1,canonical
app/Domains/WorkCore/System/Modules/Finance/Domain/WorkforceLoans/WorkforceLoan.php,66d11a8f872d45215af9ff3277c63efb2266d77ddf377500456497bcef052912,canonical
app/Domains/WorkCore/System/Modules/Finance/Domain/WorkforceLoans/WorkforceLoanState.php,d0ca5928f0308b20de277641f0e10b5a87b2072adb533ee376b05165081dbc25,canonical
app/Domains/WorkCore/System/Modules/Finance/Http/Controllers/HealthController.php,da7a6045cae606a253c679bc02bda2253e6478e43ba79e3e13d2a64610833347,canonical
app/Domains/WorkCore/System/Modules/Finance/Http/Controllers/PayPalWebhookController.php,591ada5e2586e1e843b6fb59b60e8cd78ad07dd401c1480f0997c1d0f698a2b7,canonical
app/Domains/WorkCore/System/Modules/Finance/Http/Routes/api.php,dac79ec98e75b5d39efa92a7e7100ec8873d9dca2692addc93ff7b73c5ae82fd,canonical
app/Domains/WorkCore/System/Modules/Finance/Http/Routes/web.php,dac79ec98e75b5d39efa92a7e7100ec8873d9dca2692addc93ff7b73c5ae82fd,canonical
app/Domains/WorkCore/System/Modules/Finance/Http/Routes/webhooks.php,5e7676bc4adbe40a29c432c0f6e196fcbe33630f2527ce16bf94e4b8eb07b92e,canonical
app/Domains/WorkCore/System/Modules/Finance/Idempotency/IdempotencyClaim.php,5ece3fab6e36353de36efc7cdc751f97fbb03031ece491d0712db391e3319feb,canonical
app/Domains/WorkCore/System/Modules/Finance/Idempotency/IdempotencyClaimStatus.php,a538778d301608d108d94d1b1d420addd45064c732a981640d8d59145e7084c0,canonical
app/Domains/WorkCore/System/Modules/Finance/Idempotency/IdempotencyKey.php,61e45446b6e4393423a0b7de4df5087887143c9598779cdee57ed8be8afc3aec,canonical
app/Domains/WorkCore/System/Modules/Finance/Idempotency/RequestFingerprint.php,efcf828c108c9e694c59d559d09674df61ba374d7f32d9213f1d5a95ce682bed,canonical
app/Domains/WorkCore/System/Modules/Finance/Infrastructure/FailClosed/FailClosedArtifactStore.php,6b41b27105bdeb561666a49279412da7d0e75ea334b73dd05496258bd1e1943f,canonical
app/Domains/WorkCore/System/Modules/Finance/Infrastructure/FailClosed/FailClosedAutomationPolicyRepository.php,610a2d1480d3e658078bcd4db5fd895974e62c74407e2c50c1be3281c963967b,canonical
app/Domains/WorkCore/System/Modules/Finance/Infrastructure/FailClosed/FailClosedPayPalConnectionResolver.php,6863da5c2316450268f3b475be2b0ff4a12a84e413af2d862a6015a072c6efa3,canonical
app/Domains/WorkCore/System/Modules/Finance/Infrastructure/FailClosed/FailClosedPayPalWebhookVerifier.php,f88f5a77d4e41d84f861c5da70732c512015082debe8f82bb8a412426aab3d5e,canonical
app/Domains/WorkCore/System/Modules/Finance/Infrastructure/FailClosed/FailClosedPaymentMethodConfigurationRepository.php,7e068e0799bbea6cc26f4aebeaa65a2898e831f9a77de9e98958afca65ffa63c,canonical
app/Domains/WorkCore/System/Modules/Finance/Infrastructure/FailClosed/FailClosedSignalPublisher.php,7e356cbfcf98a9aad678f55fed99d9c88e42b193e06debe9440962c0ec6db11e,canonical
app/Domains/WorkCore/System/Modules/Finance/Infrastructure/FailClosed/FailClosedTitanTalkTransport.php,5493e2ace2caa6250bbce06e23d7870c3fa732daacb5c1697aa78828db2cb44d,canonical
app/Domains/WorkCore/System/Modules/Finance/Infrastructure/FailClosed/FailClosedWorkCoreCommercialSource.php,47f1f4903712f17c67ca27e35b6f0429bc326ac02db61fb84d37777da9793e39,canonical
app/Domains/WorkCore/System/Modules/Finance/Infrastructure/Identifiers/RandomUuidGenerator.php,d99f2bc40290affbfd9700cde7253ee035f80ce5600f69c4786956ee127463da,canonical
app/Domains/WorkCore/System/Modules/Finance/Infrastructure/InMemory/FrozenClock.php,b8cfc10be3a3cf4c64fb4317870597f434cf1c638ff5a26cc7fc94d09a8a8431,canonical
app/Domains/WorkCore/System/Modules/Finance/Infrastructure/InMemory/InMemoryActionAttemptRepository.php,f4b0e11e993d32c555af170f59657df5b6d8b2d67ebccd789f0da75f7dc79c5c,canonical
app/Domains/WorkCore/System/Modules/Finance/Infrastructure/InMemory/InMemoryArtifactStore.php,e6d78059366ad233d8663f12cb84da3fa0b96aaafe6ea70a709c87a592804395,canonical
app/Domains/WorkCore/System/Modules/Finance/Infrastructure/InMemory/InMemoryAuditRecorder.php,540168af687d6c5f681825c8a004031d93d806e48c1eacca72c224a6358b731b,canonical
app/Domains/WorkCore/System/Modules/Finance/Infrastructure/InMemory/InMemoryAutomationPolicyRepository.php,99e449855a5396ce160ad65c5776f9fd8fec9a6adc59bf0fd877047bc257e22a,canonical
app/Domains/WorkCore/System/Modules/Finance/Infrastructure/InMemory/InMemoryAutomationScheduler.php,afc547746cee48b4b708775d341c46e1d05aeacd841af8ec5161b49cc30ae64f,canonical
app/Domains/WorkCore/System/Modules/Finance/Infrastructure/InMemory/InMemoryBankImportRepository.php,5a7aa3006b5ad7895a13fd594b2c305b3430987811f5b10d4ee1c37c4e613763,canonical
app/Domains/WorkCore/System/Modules/Finance/Infrastructure/InMemory/InMemoryBankTransactionWriter.php,7a359f4986d8f574193feb90d99452a142af5efa31b23c69f69f570ca8698157,canonical
app/Domains/WorkCore/System/Modules/Finance/Infrastructure/InMemory/InMemoryCollectionAccountStateRepository.php,1359221fd9dd1a7f32bfc0b4ba430e0dd851e21d7080a56e7359b59f1ab64807,canonical
app/Domains/WorkCore/System/Modules/Finance/Infrastructure/InMemory/InMemoryCollectionMessageGateway.php,2fbad4c081c966152060f3512c11a355b45b568d3acd46cb8de2b2095d763e48,canonical
app/Domains/WorkCore/System/Modules/Finance/Infrastructure/InMemory/InMemoryDocumentNumberGenerator.php,0a5e8c7fe39e92d0b7b415384e60bddd4def8a9619c2d5e8f0dcd93b02ffc5a1,canonical
app/Domains/WorkCore/System/Modules/Finance/Infrastructure/InMemory/InMemoryDocumentSnapshotRepository.php,592f81ad6098afc6ea3674bd31d788a92a24811d817e9673bea19b21a005d4fe,canonical
app/Domains/WorkCore/System/Modules/Finance/Infrastructure/InMemory/InMemoryExternalEventInboxRepository.php,d7869183bba5ed83c26c31581fb954b9a7cf677259e3e71515168f8155a37190,canonical
app/Domains/WorkCore/System/Modules/Finance/Infrastructure/InMemory/InMemoryFinancialExceptionRepository.php,2cff5ba4b5694f1b5b793a044194167d0875bf762e74761309a707e1e1eb5973,canonical
app/Domains/WorkCore/System/Modules/Finance/Infrastructure/InMemory/InMemoryIdempotencyStore.php,ba3ac972bce4c167c4b4e70890d06802e1852f2013391a8b87208a033381bbde,canonical
app/Domains/WorkCore/System/Modules/Finance/Infrastructure/InMemory/InMemoryIdentifierGenerator.php,770d22e2da251de030afae281eebc55971897a25b25cef24931213629c143bd3,canonical
app/Domains/WorkCore/System/Modules/Finance/Infrastructure/InMemory/InMemoryInvoiceRepository.php,d5c1fb9080d22ae90e327ee6615c150654bd4699bfedda590ec435d648ce641b,canonical
app/Domains/WorkCore/System/Modules/Finance/Infrastructure/InMemory/InMemoryJournalRepository.php,1e907c378879f55e64026953dcc8c36132c59be951ee98576170e38d3e111497,canonical
app/Domains/WorkCore/System/Modules/Finance/Infrastructure/InMemory/InMemoryOutboxRelayQueue.php,45fdce90becfaae17fa2b6f3cfc397daba46932a4414ceca99dcf88569d640d8,canonical
app/Domains/WorkCore/System/Modules/Finance/Infrastructure/InMemory/InMemoryOutboxRepository.php,e2398a52d7e747fa22e7c0e2ba3f2225f37357120ef45fe8639a5424f7f6f2f4,canonical
app/Domains/WorkCore/System/Modules/Finance/Infrastructure/InMemory/InMemoryPaymentEvidenceRepository.php,85bb19123e83833502288c6f5448cfb92e6f67603c80359a91a3d027bc1886f4,canonical
app/Domains/WorkCore/System/Modules/Finance/Infrastructure/InMemory/InMemoryPaymentMatchRepository.php,39ff48ca1cbc5f2055903d8786183db980b7646e477eacb8484acfa0b99d4965,canonical
app/Domains/WorkCore/System/Modules/Finance/Infrastructure/InMemory/InMemoryPaymentMethodConfigurationRepository.php,8d3ff73d4a8713725984d3c817953e79aa6b5122185059d0fc1d335b13af9551,canonical
app/Domains/WorkCore/System/Modules/Finance/Infrastructure/InMemory/InMemoryPaymentRepository.php,e08f60683c4c9619f7b3b6f75030e79d626252b3b530e33af2a2bf8429053e64,canonical
app/Domains/WorkCore/System/Modules/Finance/Infrastructure/InMemory/InMemoryPaymentRequestRepository.php,2a42f9397639c433b0e5f830ed8f8c4d24997090573507ea15837d01fef81b80,canonical
app/Domains/WorkCore/System/Modules/Finance/Infrastructure/InMemory/InMemoryQrArtifactRepository.php,904eb769d7c0945c579fc0853945769a9201459039aa1ff2467b4adf9433038b,canonical
app/Domains/WorkCore/System/Modules/Finance/Infrastructure/InMemory/InMemoryQrCodeRenderer.php,e79d558da8b8d8a22b06b23ab70f5fa080ebd271ac524f034e6b3065bb286e16,canonical
app/Domains/WorkCore/System/Modules/Finance/Infrastructure/InMemory/InMemoryReceiptRepository.php,7adbfd4743756cd83142a2206a01ee4cbcbd24ae5372d5220bd9116e20e03b09,canonical
app/Domains/WorkCore/System/Modules/Finance/Infrastructure/InMemory/InMemoryReceivableRepository.php,99e076eddd76986b1d785d97f22dc56fcce9c6a6d32410f2c87343d7cb9f57cf,canonical
app/Domains/WorkCore/System/Modules/Finance/Infrastructure/InMemory/InMemoryReconciliationRepository.php,15b159b202177de9feb30c392ba2e735a0bf3cd76baaa41b92159463f7d8b030,canonical
app/Domains/WorkCore/System/Modules/Finance/Infrastructure/InMemory/InMemoryScheduledActionQueue.php,b1ba3da0040ca58b0c015d5691b857e04a564ad3f40ddf47d31662f05a164b19,canonical
app/Domains/WorkCore/System/Modules/Finance/Infrastructure/InMemory/InMemoryWorkCoreCommercialSource.php,77356c95ba5df59bcd17bb565a48791a0a26f158ea2bb299912cfeeb5800c9b4,canonical
app/Domains/WorkCore/System/Modules/Finance/Infrastructure/Integration/WorkCoreSignalPublisher.php,706ead79a7de526fcd245f5f7f7cc2cc78dcb4bcc39884ec34d3e697ce813d4e,canonical
app/Domains/WorkCore/System/Modules/Finance/Infrastructure/Integrations/ActionPaymentEvidenceIngestor.php,5310416a0637626e2f0e0efadfeefa79b9fde446a0365b035b7a272020ee36ed,canonical
app/Domains/WorkCore/System/Modules/Finance/Infrastructure/Payments/BaconQrCodeRenderer.php,2c11a6adf7dfa3540c0dbb48795af4993c2e226ea7992631429a7c241039ef06,canonical
app/Domains/WorkCore/System/Modules/Finance/Infrastructure/Payments/BankTransferPaymentAdapter.php,9dbfdb03d174b9625f29fe504ca1f79fbc4d9fbbcf57d3fd4961b9d1d3b6afa2,canonical
app/Domains/WorkCore/System/Modules/Finance/Infrastructure/Payments/CashPaymentAdapter.php,8714434d2ce44700050c708b4e57e7c6c33cb3d087580e24577e1a15d572c645,canonical
app/Domains/WorkCore/System/Modules/Finance/Infrastructure/Payments/OutboxPaymentInstructionDeliveryGateway.php,875d86d6dc98b9ab0d6ed98a84dfbd161509385f0943ee0db07f394ae7d81037,canonical
app/Domains/WorkCore/System/Modules/Finance/Infrastructure/Payments/PayIdPaymentAdapter.php,68292f5cdcb6d8365fc1c80023f3cd3192ba7565679a86053c4cfbdc71431db4,canonical
app/Domains/WorkCore/System/Modules/Finance/Infrastructure/Payments/PayPalPaymentAdapter.php,278755af9118e05ca68320f530cc49811dd5586549a17368774d429a29aebeb9,canonical
app/Domains/WorkCore/System/Modules/Finance/Infrastructure/Payments/PaymentAdapterRegistry.php,c37a84064bd6931d0fc18165834f81a885b38897f70c44b83d1bc17e84b67b0f,canonical
app/Domains/WorkCore/System/Modules/Finance/Infrastructure/Persistence/DatabaseActionAttemptRepository.php,9aeec52ecdfac2abcac50bc793989feaca199bf60e7a11a07429742bebdba1e3,canonical
app/Domains/WorkCore/System/Modules/Finance/Infrastructure/Persistence/DatabaseAuditRecorder.php,4889864b30496982c5cfe0bc9568f0d32efb7fe2f99098f52006e1a7646f3dfd,canonical
app/Domains/WorkCore/System/Modules/Finance/Infrastructure/Persistence/DatabaseAutomationPolicyRepository.php,1150f63cd56f107c8515a307010f7370b573d3aaadda3409a44335450b36bcd3,canonical
app/Domains/WorkCore/System/Modules/Finance/Infrastructure/Persistence/DatabaseAutomationScheduler.php,56183d505c46ede00f09a6dc7a46241406a81a4a8935fc8cfc3a170986b18a45,canonical
app/Domains/WorkCore/System/Modules/Finance/Infrastructure/Persistence/DatabaseBankImportRepository.php,6fb9c279f702ff8ec7a068e0c98a93525167a626472cd66e8b9baa83745a9c88,canonical
app/Domains/WorkCore/System/Modules/Finance/Infrastructure/Persistence/DatabaseBankTransactionWriter.php,27178420af58e2cd1289de6bdc1d738d609aa8452ba3c3d8e68f234d3f7d3a68,canonical
app/Domains/WorkCore/System/Modules/Finance/Infrastructure/Persistence/DatabaseCollectionAccountStateRepository.php,dc9a1e3529949ccb4c9d91456b470338932bbb17580cae1f5045a54f63ebe841,canonical
app/Domains/WorkCore/System/Modules/Finance/Infrastructure/Persistence/DatabaseCollectionMessageGateway.php,45eb81d7a62f98e4f36f45f8f62ef44e9cb162e933b0a7d447d6c1ac1bac4763,canonical
app/Domains/WorkCore/System/Modules/Finance/Infrastructure/Persistence/DatabaseDocumentNumberGenerator.php,c4e6c0570aed9ac9e7e8e7eb01cad00e087f43f7432e316e6da912cad3c1106f,canonical
app/Domains/WorkCore/System/Modules/Finance/Infrastructure/Persistence/DatabaseDocumentSnapshotRepository.php,6d755aa34be20c9df4fed0494e3adec884886202b15749a007005d515b4bd490,canonical
app/Domains/WorkCore/System/Modules/Finance/Infrastructure/Persistence/DatabaseExternalEventInboxRepository.php,dd6d32dc15d85ae3deb2cff189e1322a4fc920888e7f366beaca87e13b7e1ef4,canonical
app/Domains/WorkCore/System/Modules/Finance/Infrastructure/Persistence/DatabaseFinancialExceptionRepository.php,fbfef594ffff6e39d5d24607652e6409cf410db2954fd8f0e865de3cc2dffdd3,canonical
app/Domains/WorkCore/System/Modules/Finance/Infrastructure/Persistence/DatabaseIdempotencyStore.php,f09f67133b50be5e7696c95a9d2401c2e6a759f1af37de7cc990242384f8e11f,canonical
app/Domains/WorkCore/System/Modules/Finance/Infrastructure/Persistence/DatabaseInvoiceRepository.php,c929391f92ab6213c213cefa80dd24b5577f5792dfa5ad60347a74b63106c958,canonical
app/Domains/WorkCore/System/Modules/Finance/Infrastructure/Persistence/DatabaseJournalRepository.php,dbf88170b7e99295791e84ed5d2e5c5b6aa0fb8d5f6768619ac94e27c07bec52,canonical
app/Domains/WorkCore/System/Modules/Finance/Infrastructure/Persistence/DatabaseOutboxRelayQueue.php,0888a925d63a4d963a2317da6e8b6d5f6c6c1ad99aa8169d910d07dec2928d13,canonical
app/Domains/WorkCore/System/Modules/Finance/Infrastructure/Persistence/DatabaseOutboxRepository.php,fadb82028f6db0dd2d46095ab1a903e9e6529317edb1b2f1da7a8f79455c40e9,canonical
app/Domains/WorkCore/System/Modules/Finance/Infrastructure/Persistence/DatabasePaymentEvidenceRepository.php,82ed89eec8759841ba586e6d408b7af81e8209483401824784bbab1ef1333135,canonical
app/Domains/WorkCore/System/Modules/Finance/Infrastructure/Persistence/DatabasePaymentMatchRepository.php,243dd20c105c7a2f60eb3a5e41c1d0a206b274448ea37b0b53f1a0bae02c8745,canonical
app/Domains/WorkCore/System/Modules/Finance/Infrastructure/Persistence/DatabasePaymentRepository.php,31ad05f1908312709fdd36f1dcc95ae7f370eb89669c90f34add14320a75e50d,canonical
app/Domains/WorkCore/System/Modules/Finance/Infrastructure/Persistence/DatabasePaymentRequestRepository.php,77ef981c82e212c7c97089405ab0600925c5ffe0d8935af1d5b3908137b5ded4,canonical
app/Domains/WorkCore/System/Modules/Finance/Infrastructure/Persistence/DatabaseQrArtifactRepository.php,d6f36a436e1f9ae72f6f89f4b8b008987ee98d869764838af984e27a3c4c08b2,canonical
app/Domains/WorkCore/System/Modules/Finance/Infrastructure/Persistence/DatabaseReceiptRepository.php,efcd1e6dde98dc29555aff1f389c550e0770197dfb7c5bd8a6f20808750e9320,canonical
app/Domains/WorkCore/System/Modules/Finance/Infrastructure/Persistence/DatabaseReceivableRepository.php,c18af63d9f4d2fc3c6e7f909df66b7a8310c66e778e880517aab1ac5452716c4,canonical
app/Domains/WorkCore/System/Modules/Finance/Infrastructure/Persistence/DatabaseReconciliationRepository.php,8d757efc5fc42bc4e9002f1dc0c22e8bf317923e10a6e279f029f76c6cbad16d,canonical
app/Domains/WorkCore/System/Modules/Finance/Infrastructure/Persistence/DatabaseScheduledActionQueue.php,15ca076f1a820e18a7c5998c074bfb84c98d689e10c2acc0cd83b8b669dcdffd,canonical
app/Domains/WorkCore/System/Modules/Finance/Infrastructure/Persistence/WorkCoreCustomerRepository.php,03a00e0bf37e50103821b855c6ae38e8f57b7d792ebd3aa495c34af0ef15a4e7,canonical
app/Domains/WorkCore/System/Modules/Finance/Infrastructure/Persistence/WorkCoreJobRepository.php,8118a6cf845bd0c19182f48b3e4e18522d51c81713595a103c0260571decd050,canonical
app/Domains/WorkCore/System/Modules/Finance/Infrastructure/Runtime/LaravelFinancialActionInvoker.php,2fd69ec1529a850ef0ebf5ee1ab89337d83b5e60780616442d918718d0b0b0f7,canonical
app/Domains/WorkCore/System/Modules/Finance/Infrastructure/Runtime/TitanMoneyActionInputFactory.php,77a14fe24d9dce96e01db3b6a5b63f2173bd583d95b29f7536ee9c21bf2419fb,canonical
app/Domains/WorkCore/System/Modules/Finance/Infrastructure/Time/SystemClock.php,a5f53907f3ee8918747158d61571607c987fddc40c90d12e3ce436d9118242cc,canonical
app/Domains/WorkCore/System/Modules/Finance/Infrastructure/Transactions/ImmediateTransactionManager.php,14d126aa8284ad4eaf7f1ea2d1490b1d1589942be54d0cb0cd77d96465f03b46,canonical
app/Domains/WorkCore/System/Modules/Finance/Infrastructure/Transactions/LaravelTransactionManager.php,3e58a0073c1c954f08ab755eb97607e8f906bd4c668f3bb07089637efa82535a,canonical
app/Domains/WorkCore/System/Modules/Finance/Integrations/Banking/AustralianBankCsvParser.php,120b335a21e637b1fe8ec0ce03779806554b126aa8e4a03c8c3613bdc2cf2a9c,canonical
app/Domains/WorkCore/System/Modules/Finance/Integrations/Banking/BankImportParseResult.php,908e9684c3062bf9967ff573554d518df8ac95d7e920d6a1e64e9d538e92e02f,canonical
app/Domains/WorkCore/System/Modules/Finance/Integrations/Banking/BankImportRow.php,22fc9833c2bf70c7f25dec650f51c92b2c054f671fe159e69037197679aebf19,canonical
app/Domains/WorkCore/System/Modules/Finance/Integrations/Banking/BankStatementImportResult.php,1d683f0bf7016509bacfca5fbb7072ad11281982149bd1f9885d45f3198f6118,canonical
app/Domains/WorkCore/System/Modules/Finance/Integrations/Banking/BankStatementImportService.php,8a95bb9457f910649cf603473e24ba8d9a50b08e49deb89e994be479989e40aa,canonical
app/Domains/WorkCore/System/Modules/Finance/Integrations/Chatbot/InvoiceCreatedCardPresenter.php,ab83492958225ad7c5df754f35d1ae4d070f7af871869cbd81481601e081c380,canonical
app/Domains/WorkCore/System/Modules/Finance/Integrations/Chatbot/PaymentConfirmedCardPresenter.php,d332064e82d004d465c0b06480df1a911841e471e33de655bce352f411b3b2c9,canonical
app/Domains/WorkCore/System/Modules/Finance/Integrations/Device/DevicePaymentNotificationAdapter.php,883e56ea1e8b2f15749a17e8d5cb101693937bf6df4805d23a537a80311488e5,canonical
app/Domains/WorkCore/System/Modules/Finance/Integrations/PayPal/PayPalSettlementWebhookHandler.php,0d1fea2f3049ee64bd1bc00b45254cf94baae3ab50d81681914643af2372f032,canonical
app/Domains/WorkCore/System/Modules/Finance/Integrations/Pulse/ExecuteCollectionFollowupListener.php,5d940c5e3c69cbe45fa8a1140b46b617df9e84b58c6f7538460c4b0e0dfca396,canonical
app/Domains/WorkCore/System/Modules/Finance/Integrations/Runtime/ExternalEventReceipt.php,ae8343b5dcfdbf3858f010b0f459af7a1a5aef0df6c9748e5d6215f78416f5e4,canonical
app/Domains/WorkCore/System/Modules/Finance/Integrations/Runtime/ExternalEventReceiptStatus.php,b53663bc3a2cf45fee6443489d6aaa97a953fb04582e78bdb6d8c00df4560851,canonical
app/Domains/WorkCore/System/Modules/Finance/Integrations/Runtime/TitanMoneyOutboxRelay.php,49353511d1afe9ceac63c272c82034269495caba525311192e72b41aacb7677d,canonical
app/Domains/WorkCore/System/Modules/Finance/Integrations/WorkCore/CompletedJobMoneyFlowListener.php,a63e80309f52fd9bc3e82916185dac6dd7958420696883709caf10bee688256d,canonical
app/Domains/WorkCore/System/Modules/Finance/Numbering/SequenceFormatter.php,cecb49ec1b42730c1b5ba88aa80652d105404cecfda16abe412e033f7c806289,canonical
app/Domains/WorkCore/System/Modules/Finance/Numbering/SequenceKey.php,192933526a1671ba6c7e85c19ed90c280aa68719713f496846a46900eb3bdaab,canonical
app/Domains/WorkCore/System/Modules/Finance/Settings/FinancialSettings.php,4859a9991c2aa3abf5a46486e6608be3f897238c22834e06e9e48aa25b920e55,canonical
app/Domains/WorkCore/System/Modules/Finance/Settings/GstAccountingBasis.php,d26b32d89fc61d22105a4fa106ee7e0276cfe21191bd1dfb707715987eea4f18,canonical
app/Domains/WorkCore/System/Modules/Finance/Support/CanonicalJson.php,e834a403360e356e325b82c843b6b60ba587cae15bbce3b8d3855708961f3aed,canonical
app/Domains/WorkCore/System/Modules/Finance/Support/DependencyDiagnostics.php,00da22258a84b1c359e2d6b26eca9695c6cbe8c9288061d61f8bb945c49aa148,canonical
app/Domains/WorkCore/System/Modules/Finance/Support/MoneyDomainCatalogue.php,7a59d53e7382ae87cefcdfc74cacf55447f7f9ab488cfd223b2b34d32e5b798b,canonical
app/Domains/WorkCore/System/Modules/Finance/Support/TitanMoneyHealth.php,0787881ff4401fbdc4cccaa541aca58c3c35040cd15eae246175c792023b1d65,canonical
app/Domains/WorkCore/System/Modules/Finance/Tenancy/CompanyContext.php,02145a1cb8e35b0d1addffba6e3fee41a01f56c23d31f6a6600c75e5fd523546,canonical
app/Domains/WorkCore/System/Modules/Finance/Tenancy/Exceptions/CompanyMembershipRequiredException.php,8a1aad9274788f97eda19f158e7ae346896fba3d9d3f38c08b7685b156389439,canonical
app/Domains/WorkCore/System/Modules/Finance/Tenancy/Exceptions/MissingCompanyContextException.php,30cdfdbfaf057b471d8d5cb4b34ffe064eb50fc25982bcb421ed784a576e94ac,canonical
app/Domains/WorkCore/System/Modules/Finance/Tenancy/FailClosedCompanyContextResolver.php,f5697bf6de1959a7589e9bddc36ad013b987c020a3b609430df39486c31f3561,canonical
app/Domains/WorkCore/System/Modules/Finance/Tenancy/WorkCoreCompanyContextResolver.php,f37b03be51c1958d67a8fa5387bf4e115a05f62ae22e3bedce3bace47d58d003,canonical
app/Domains/WorkCore/System/Modules/Finance/WorkCoreFinanceServiceProvider.php,58c7cf476c5586b9b031bc220790eb75394eeb8ae675b8b532873270e7723259,canonical
app/Domains/WorkCore/System/Modules/Finance/config/automation.php,87750fc834d2058ad5288f3a7578ea346fdad2aec7b9e614d9be039402e0054f,canonical
app/Domains/WorkCore/System/Modules/Finance/config/permissions.php,2966bf5ef32f42a34b04f27cd6312900ac73d70bd799fae92c938794a0ba5480,canonical
app/Domains/WorkCore/System/Modules/Finance/config/titan-money.php,7233954e15ca7c5a736a0b667c3d0c8ccc0fbccf69f02d57e43112cef6174fd7,canonical
app/Domains/WorkCore/System/Modules/Finance/resources/lang/en/messages.php,7d7827afb564f7352a2e89caca9aea1efc794175646310ee33c0e2f5baa32013,canonical
app/Domains/WorkCore/System/Modules/Finance/resources/schemas/budget-envelope.schema.json,1a4e6ec371dee3f9a683d29d2362bb9ca2c181b5180ae3316140b8434c386013,canonical
app/Domains/WorkCore/System/Modules/Finance/resources/schemas/collection-followup.schema.json,a7442b6b65e0b897da4a28b038023eee7be94b76e72a689148f071b354bef6eb,canonical
app/Domains/WorkCore/System/Modules/Finance/resources/schemas/company-context.schema.json,82e85deafe9582d0762090254b6cb30bee0a80c749f1c00dc387ce28800ddd6d,canonical
app/Domains/WorkCore/System/Modules/Finance/resources/schemas/einvoice-transmission.schema.json,0174517280637bfd4eabcfb9eb2ab7f588d2a8d6f75e3d015eb426362ed68746,canonical
app/Domains/WorkCore/System/Modules/Finance/resources/schemas/expense-claim.schema.json,571804d3f780adafec2cb17873ade6ce19a7fd952c9453718f149c090ff46ea5,canonical
app/Domains/WorkCore/System/Modules/Finance/resources/schemas/financial-document-snapshot.schema.json,956a7c5f49a771c292935a2787175d036bca3cf59094550c6a1ab8e9453af4f6,canonical
app/Domains/WorkCore/System/Modules/Finance/resources/schemas/ingest-payment-evidence.schema.json,d4702f11a33373270cc153a2a0c09f106111f140b2e92dee1922fb65997984cb,canonical
app/Domains/WorkCore/System/Modules/Finance/resources/schemas/money.schema.json,4143a1d70103ea4b4e5aa494f89b4cfcfd06cea3bc65efc6d0b213df899ea1e3,canonical
app/Domains/WorkCore/System/Modules/Finance/resources/schemas/payment-confirmed-card.schema.json,ab29f823145b15859910fda26db303624893e08a9fd75387b04f8683e893922a,canonical
app/Domains/WorkCore/System/Modules/Finance/resources/schemas/pos-sale.schema.json,321452e4d160f9c19a186568b6a076efded357f11734cfe21e7ae7b661afab2f,canonical
app/Domains/WorkCore/System/Modules/Finance/resources/schemas/purchase-order.schema.json,6c35af741353563672130a379c8277cf4084bc77fbd33ec37ce656ece9cc68fb,canonical
app/Domains/WorkCore/System/Modules/Finance/resources/schemas/workforce-loan.schema.json,c4f1d4288ddb341418f00ef0f61fa559e89dcf46d234a730290f150857daa437,canonical
app/Domains/WorkCore/System/Modules/Finance/resources/views/index.blade.php,907bd98bd507c147ceb706aa130e6ce7e94e90b27bd29e5dbecb3857ecc52a8c,canonical
app/Domains/WorkCore/System/Modules/Fleet/AI/FleetToolRegistry.php,302f59aa9382d656f49f9e4d86720f5b93de195680bc1682a49b8c03bbb0cfa1,canonical
app/Domains/WorkCore/System/Modules/Fleet/Actions/AssignFleetVehicle.php,1baee6a0102045c00870c576098cb8b36af8438c7588acbe826e0c5ef0e16314,canonical
app/Domains/WorkCore/System/Modules/Fleet/Actions/CreateFleetVehicle.php,75f2b954e4a70ea1af3ce65dec7ac0220540873760e5704bfcaddff8be93c60e,canonical
app/Domains/WorkCore/System/Modules/Fleet/Actions/RecordFleetMileage.php,e7be70da487364c02eed34d9af9f024dd82663ff1e99b321f5958f969c143a21,canonical
app/Domains/WorkCore/System/Modules/Fleet/Actions/ReturnFleetVehicle.php,7a0c1295f2985c8b4a8c98ba90d15c0e4a1a882075848ebd56382e0da81d69b2,canonical
app/Domains/WorkCore/System/Modules/Fleet/Actions/SearchFleetVehicles.php,791e52c3ed4f4445967dff81993953e3509fe1eaabcfe59f4133a6a6591cd594,canonical
app/Domains/WorkCore/System/Modules/Fleet/Contracts/FleetRepositoryContract.php,84b767b863db136321f7881df5c8df268c2368abd18ccf2eeb90172030d4dc43,canonical
app/Domains/WorkCore/System/Modules/Fleet/Http/Controllers/FleetController.php,1cd85804aa891622f72bd7c03507b4b2eb0fb58dd13ee4b154391c8444f78359,canonical
app/Domains/WorkCore/System/Modules/Fleet/Http/Requests/AssignFleetVehicleRequest.php,378e8554e0c86758447ac02bc27ce0d77cc9c48989dd08e0e47033589b7df8ff,canonical
app/Domains/WorkCore/System/Modules/Fleet/Http/Requests/RecordFleetMileageRequest.php,49c580e94c35fc91f9064e30db5fe7a49851a081cebec942a8012fa535d4e12e,canonical
app/Domains/WorkCore/System/Modules/Fleet/Http/Requests/ReturnFleetVehicleRequest.php,3562cc0f9fca6a026729e26e80f9053a76b169ab3d782dd8f76dace6d456cd4c,canonical
app/Domains/WorkCore/System/Modules/Fleet/Http/Requests/StoreFleetVehicleRequest.php,14a853ea4481621bd96644a30a98254c5a3cada8595cb7c6035afed3abaede7b,canonical
app/Domains/WorkCore/System/Modules/Fleet/Providers/WorkFleetServiceProvider.php,1b99547b5e42c23cfd145ca6098c0f0fe6c006711b63e1795f2508b7ba6a1a76,canonical
app/Domains/WorkCore/System/Modules/Fleet/Repositories/EloquentFleetRepository.php,daef3adc09882ffa282f10d3e9fc6b2649cb018adbd0e0a18c45ee85b6bb8167,canonical
app/Domains/WorkCore/System/Modules/Fleet/routes/api.php,4a0f9faab9dc622a9ceedca97317f1f63288c06f049e894e76154a0fa97609d4,canonical
app/Domains/WorkCore/System/Modules/Forms/AI/FormsToolRegistry.php,10fbedef4948b9c335fa2628b731a01aa47a5b614a73436ccec74debd6b50b41,canonical
app/Domains/WorkCore/System/Modules/Forms/Actions/ConvertFormFailureToWorkOrder.php,675edae4443c5b6e33eb1bbc0cf7d3a6251cd3cc6775d3ca94362a3c963fb0e8,canonical
app/Domains/WorkCore/System/Modules/Forms/Actions/CreateFormTemplate.php,4cabb35f5f17974cc18fda1253c2c2baf4323b88c1c2f416bb846fca2ba17850,canonical
app/Domains/WorkCore/System/Modules/Forms/Actions/PublishFormTemplate.php,2cececd055626178c9b23cbb243c5c9cea112616ba18d7f1f4d14c6e160c40c4,canonical
app/Domains/WorkCore/System/Modules/Forms/Actions/SaveFormResponse.php,6663a67dc59c07031ab271da3c65134520f2d30f30c001a261692f4b15f7977c,canonical
app/Domains/WorkCore/System/Modules/Forms/Actions/SearchFormSubmissions.php,c2c8aaa530317d48b1aeb14ec871fdff536661dea93087467a8490e8a983ec0a,canonical
app/Domains/WorkCore/System/Modules/Forms/Actions/SearchFormTemplates.php,fe6a5d79bfa9a10dac12b97ce47b720c28a0bbc0054ab6bbfe012382eca65e28,canonical
app/Domains/WorkCore/System/Modules/Forms/Actions/StartFormSubmission.php,73be841b2157191d082c6951c3fd42323fbac547c2b34adc84a08abc2817471a,canonical
app/Domains/WorkCore/System/Modules/Forms/Actions/SubmitFormSubmission.php,7a2df91d02be0ee966a2bc0f2b55a781428b00d586e6361dbe24ad6a40a7bdcc,canonical
app/Domains/WorkCore/System/Modules/Forms/Contracts/FormRepositoryContract.php,bd32adaaffab779ebb83ead7209e4b8caadfd8a4b873d2b6c7c9712f15d980b8,canonical
app/Domains/WorkCore/System/Modules/Forms/Http/Controllers/FormsController.php,97a7e9817810bb0d58c1b31269ea523323ea38ed31f84708d7cf60dd5be588ef,canonical
app/Domains/WorkCore/System/Modules/Forms/Http/Requests/ConvertFormFailureRequest.php,70c3764082c50f6bd21fcb4cbb4884e4fbe8efae65ee62d11aa7d9464db2bcaa,canonical
app/Domains/WorkCore/System/Modules/Forms/Http/Requests/SaveFormResponseRequest.php,dec03f9aa1443eed14cf5546b00abc8853f3da392c7c59265db9c4edb5e2aaf1,canonical
app/Domains/WorkCore/System/Modules/Forms/Http/Requests/StartFormSubmissionRequest.php,9950574a1caf62c51b606c4a6f7b0e54f55eda83f68b013e381f516e9989e39f,canonical
app/Domains/WorkCore/System/Modules/Forms/Http/Requests/StoreFormTemplateRequest.php,58892690d8a4bb8041fb7791062e1239cef474ba4ca0719f410cb56aad56aefc,canonical
app/Domains/WorkCore/System/Modules/Forms/Http/Requests/SubmitFormSubmissionRequest.php,a09d7983d75de5fa780008f1cec1279dc0deb19b9a08a00b0db9c42639400fc6,canonical
app/Domains/WorkCore/System/Modules/Forms/Providers/WorkFormsServiceProvider.php,c1156571a66a58683153748e82ca6c1be64897a50d00111d59bf24c94e53a6a1,canonical
app/Domains/WorkCore/System/Modules/Forms/Repositories/EloquentFormRepository.php,d569e6772cfb6cadcdb13c3de1dcb2e973067f14d145bf6d79572c594034d978,canonical
app/Domains/WorkCore/System/Modules/Forms/Services/FormFieldPolicy.php,78292f1f24c60229812f99ea0620cb9abf84b52900a94492fa26facdc5d1274a,canonical
app/Domains/WorkCore/System/Modules/Forms/Services/FormSubmissionPolicy.php,11ac2b8f067f2bca389f68339c30636fe9484cbc5d235b9c17f8c7305f3862fa,canonical
app/Domains/WorkCore/System/Modules/Forms/routes/api.php,3a15b8097922cc063016a8c4bff0a49f93c2834fb75c184e64541f4b7ac1d095,canonical
app/Domains/WorkCore/System/Modules/Inventory/AI/InventoryToolRegistry.php,647dde0114eba4553c29e49c7b050068e5539414ca420094a197bee55dec0db9,canonical
app/Domains/WorkCore/System/Modules/Inventory/Actions/ConsumeStockReservation.php,a8bb2774d21eccc4c750eeb9a0ec9967876e32f5b7008314cb16b72c99b02d36,canonical
app/Domains/WorkCore/System/Modules/Inventory/Actions/CreateInventoryItem.php,b73117ad5db40b8869b302e859f6e19acd5e68749acc41885a3c15dcc563b845,canonical
app/Domains/WorkCore/System/Modules/Inventory/Actions/CreateStockLocation.php,63aaeb98239fadfdfd959714378933d73a5f8183eb860780b9633a8c8aedb1cb,canonical
app/Domains/WorkCore/System/Modules/Inventory/Actions/ListStockLocations.php,fd8c530cab8866bb319007037ca207469bd165f03a2d23ed6939476d4fc42350,canonical
app/Domains/WorkCore/System/Modules/Inventory/Actions/RecordStockMovement.php,04408ed17a449719c5683264623ab4c0f142c3885b1745d333fb17fee113914a,canonical
app/Domains/WorkCore/System/Modules/Inventory/Actions/ReleaseStockReservation.php,3db0964aa47699f6e1d4f57d922f0e596991f35d697a26dfe361590942957d77,canonical
app/Domains/WorkCore/System/Modules/Inventory/Actions/ReserveInventoryItem.php,d1a251b3602c0a68f20a60fd9edc2eb1b90f7e736022901b9f3acc1dc7fe36c6,canonical
app/Domains/WorkCore/System/Modules/Inventory/Actions/SearchInventory.php,5cf46842a058155cc6eae0b7af8134366ec31b624b82690dee679d57c16f00f4,canonical
app/Domains/WorkCore/System/Modules/Inventory/Actions/SetInventoryReorderRule.php,080a0118caefbc0ab66a3b389b15b156833ede7e8b929e122b41fc74db3c8c0e,canonical
app/Domains/WorkCore/System/Modules/Inventory/Contracts/InventoryRepositoryContract.php,c2a2324d18a7ea0fc8b399a371eb533df7d47ebe436b0bad31906ee646fa4ba3,canonical
app/Domains/WorkCore/System/Modules/Inventory/Http/Controllers/InventoryController.php,ea850d4ddd26c84c5919884c1c134b9119a877595fbb498615acfabd8b7837cd,canonical
app/Domains/WorkCore/System/Modules/Inventory/Http/Requests/ConsumeStockReservationRequest.php,d4745fd996ee3aeacb789c0fbe8b9dc4bbdcd20a748a33f6cfeb7d86b360dbf5,canonical
app/Domains/WorkCore/System/Modules/Inventory/Http/Requests/RecordStockMovementRequest.php,4950cfda1e3118dd8d8046b55b925f609dc9a12e657e311a78c58b3684c4ddc9,canonical
app/Domains/WorkCore/System/Modules/Inventory/Http/Requests/ReleaseStockReservationRequest.php,7cca35a6e62e64a2585c018b9f6553f3970a30104f5cfa8e216a9be7d2a1e1be,canonical
app/Domains/WorkCore/System/Modules/Inventory/Http/Requests/ReserveInventoryItemRequest.php,a8b91482dbe5e01e969e76893b747603ec447a4407c00c643c6bdf7eb4fced19,canonical
app/Domains/WorkCore/System/Modules/Inventory/Http/Requests/SetReorderRuleRequest.php,7b03bea530662e0ae4cff66c2da5e2db4fe9b532299fb41c0a7639ab35075079,canonical
app/Domains/WorkCore/System/Modules/Inventory/Http/Requests/StoreInventoryItemRequest.php,3639c2cbb0cc1e2cbbea4ceb2706b6d38de7023bdcb4b98fe352e7ab71f75389,canonical
app/Domains/WorkCore/System/Modules/Inventory/Http/Requests/StoreStockLocationRequest.php,1541a613756a10e7652badd8e702bb8c1cb79b2f3dbd5a021fda77a762a73485,canonical
app/Domains/WorkCore/System/Modules/Inventory/Providers/WorkInventoryServiceProvider.php,bddb72be77a0ff4362dd9fb01578874d59f147bbd23a717eb39a44d07d06ff06,canonical
app/Domains/WorkCore/System/Modules/Inventory/Repositories/EloquentInventoryRepository.php,fe7d737bc4fdac787f6f6a22c87c1b6463b2aa803bb1252560b538216cd4d87d,canonical
app/Domains/WorkCore/System/Modules/Inventory/Services/InventoryQuantityPolicy.php,5c2a8b198094838458ced84b781d3be6e120489d8cf55e685ad59758685c54a1,canonical
app/Domains/WorkCore/System/Modules/Inventory/Services/StockMovementPolicy.php,20f9246a8b8405ec4a46d9d1288299535e17f5ba75a483d93bd3135b7bcfe2a3,canonical
app/Domains/WorkCore/System/Modules/Inventory/routes/api.php,04abb21420ab542697acc6b3e24e6f77219930412cc4fa901ecba89ff295eb70,canonical
app/Domains/WorkCore/System/Modules/Knowledge/AI/KnowledgeToolRegistry.php,dbd1cde71b68b4a204eb0ef9a57cc78d92a1ea32acaffdb96e4879715e154ba9,canonical
app/Domains/WorkCore/System/Modules/KnowledgeBase/Actions/ChangeKnowledgeArticleStatus.php,33a13afd119b26eb8afb3f3f8a905ba60f05bf43c2484c10c9f1339952a480df,canonical
app/Domains/WorkCore/System/Modules/KnowledgeBase/Actions/CreateKnowledgeArticle.php,f854d95e98586ad04fa479feb98e0b5a46c8452bbd6d2a3102f13929a0958dea,canonical
app/Domains/WorkCore/System/Modules/KnowledgeBase/Actions/CreateKnowledgeArticleFromSupportTicket.php,7eb9971641bbeab91c825c6ba36a222402ddce9b501cb9b615cd4230ece392f1,canonical
app/Domains/WorkCore/System/Modules/KnowledgeBase/Actions/CreateKnowledgeCategory.php,7b5aaefa0e3fd43ec920bbe348a1528de47cdf19dade66685042bb7f97470de5,canonical
app/Domains/WorkCore/System/Modules/KnowledgeBase/Actions/RecordKnowledgeFeedback.php,6c7e7bf5ace00cfcbba4394b55c03902e6dba19e609df8e9dda007adc9c17e33,canonical
app/Domains/WorkCore/System/Modules/KnowledgeBase/Actions/SearchKnowledgeArticles.php,e5c6edda22e6ebade278408f886b6d2d02dcc4b1ee10f4ff31d8bd67bf021777,canonical
app/Domains/WorkCore/System/Modules/KnowledgeBase/Actions/UpdateKnowledgeArticle.php,8b0b4609c8f1db00aa5b7e129d8da08f7731384a77c6a693f5cf55311d9c108a,canonical
app/Domains/WorkCore/System/Modules/KnowledgeBase/Contracts/KnowledgeBaseRepositoryContract.php,68c995515d95c3f282f9e1ce7c3d2d92606b6528cafdb4133bc1759d311598a3,canonical
app/Domains/WorkCore/System/Modules/KnowledgeBase/Http/Controllers/KnowledgeBaseController.php,b4cd54bb444acc9dbcdd9d7734c24a7d9b1318bbf8fb53b5a83c6bfaa166b9de,canonical
app/Domains/WorkCore/System/Modules/KnowledgeBase/Http/Requests/ChangeKnowledgeArticleStatusRequest.php,6a67a27806ca297ea31e27c91a26da049ede2d4018de0560739910d965133588,canonical
app/Domains/WorkCore/System/Modules/KnowledgeBase/Http/Requests/CreateArticleFromSupportTicketRequest.php,4ed0386e154be480873a8ac77ac4c99016c4bee0ef3e70ab65b01f33bb3630bb,canonical
app/Domains/WorkCore/System/Modules/KnowledgeBase/Http/Requests/StoreKnowledgeArticleRequest.php,5dfa0d6b172219c84d2a9bd75ab0aca1a4dd776297e8fe6aba0a53b8132cba35,canonical
app/Domains/WorkCore/System/Modules/KnowledgeBase/Http/Requests/StoreKnowledgeCategoryRequest.php,17dcc964396fe8f350f22a7258cf00a824a1525b3761f20fed422bb5e9fdc3d2,canonical
app/Domains/WorkCore/System/Modules/KnowledgeBase/Http/Requests/StoreKnowledgeFeedbackRequest.php,ad3e209032837879b5ca8a202110c7857698dda5dd3bfaf401b111fd0028c95d,canonical
app/Domains/WorkCore/System/Modules/KnowledgeBase/Http/Requests/UpdateKnowledgeArticleRequest.php,9f12226e6e5682e47362a6fb878b47960de3853856c339d166042b68282c7ce3,canonical
app/Domains/WorkCore/System/Modules/KnowledgeBase/Providers/WorkKnowledgeBaseServiceProvider.php,68963570de9730c872e0c55d86c4b82c10560b66c650ac35013de17521df14e1,canonical
app/Domains/WorkCore/System/Modules/KnowledgeBase/Repositories/EloquentKnowledgeBaseRepository.php,571c045e6ca622ebc030f4bcf8b13bc2492a70f3a738e6b8bc7a62cd831df23b,canonical
app/Domains/WorkCore/System/Modules/KnowledgeBase/Services/ArticleStatusPolicy.php,d77af4d19cdcc77db1389020842963e8f6d1ea021019d04e964b8a25807d9be4,canonical
app/Domains/WorkCore/System/Modules/KnowledgeBase/Services/ArticleVisibilityPolicy.php,c78cea5f3edb1bc70f11127eaf09a566af6942958b4272a5232a68c09e6a4ddf,canonical
app/Domains/WorkCore/System/Modules/KnowledgeBase/routes/api.php,dc84b3e6a26e8b4ca6a326cbdbda6ae6cb1132021a894618ecdb738eaebccb2b,canonical
app/Domains/WorkCore/System/Modules/NDIS/Application/Actions/AddNDISCaseNote.php,e1bfbca5d779867b78a7039605e16ebe607bd1b7fb278c27db7a4eb79017878a,canonical
app/Domains/WorkCore/System/Modules/NDIS/Application/Actions/LinkNDISParticipantIncident.php,2e05a37ae5eb1f5e031e43c2bcf21f056cdbd978882e08c28bc885279f287112,canonical
app/Domains/WorkCore/System/Modules/NDIS/Application/Actions/MatchNDISWorker.php,90a647cde487cae42df42fbd3eb41c20b6b17a6d9f768a31cb25081af5eff4cc,canonical
app/Domains/WorkCore/System/Modules/NDIS/Application/Actions/PrepareNDISClaimLine.php,cf6233c4eae4cea6d12d9117cfaaf1f32f9423a541c580ef04c8750f6c52d9cc,canonical
app/Domains/WorkCore/System/Modules/NDIS/Application/Actions/RecordNDISSupportDelivery.php,96b495b694128b48685305750f98cc48c75262a0ba5e76daa6135361a6fb1431,canonical
app/Domains/WorkCore/System/Modules/NDIS/Application/Actions/UpsertNDISGoal.php,bffd8635f85a130e08a567d40aba0c0377b1ef903c29b3ee9c779ebbf082fe1c,canonical
app/Domains/WorkCore/System/Modules/NDIS/Application/Actions/UpsertNDISParticipant.php,adc923fc3316cb09c02b91235c0d01475d1ee4a814acbed7e390dbc0fb74d525,canonical
app/Domains/WorkCore/System/Modules/NDIS/Application/Actions/UpsertNDISParticipantContact.php,5addfbb2ca10f2057bbf99e3c2577fb9b0951531cda7a10459b8f045aed6058e,canonical
app/Domains/WorkCore/System/Modules/NDIS/Application/Actions/UpsertNDISPlan.php,fc258f7d588a9ca531e63d568bfaf5182cc6919ce3c9998bf288a9b8574c4822,canonical
app/Domains/WorkCore/System/Modules/NDIS/Application/Actions/UpsertNDISServiceAgreement.php,5b26bb28c1f5269208b27f75aee1e6a6531982fb651fe31d568bbdaab9e0e127,canonical
app/Domains/WorkCore/System/Modules/NDIS/Application/ReadModels/GetNDISBudgetPosition.php,932f494f12b30b080a93f3ee8389f096dbed9525a7ac2124a0343ab61c636fca,canonical
app/Domains/WorkCore/System/Modules/NDIS/Application/ReadModels/GetNDISParticipantProfile.php,610987ee941790b08d982993a542f480a95d70342e1a6d9d85e9df089309d29a,canonical
app/Domains/WorkCore/System/Modules/NDIS/Application/ReadModels/ListNDISClaimQueue.php,aa726b263a7cf4672d33aded0163ec1f8092d6715ba3e113805be42c862ab133,canonical
app/Domains/WorkCore/System/Modules/NDIS/Application/Services/NDISActionSupport.php,19f0bfce8682927de63e906dfb12d10bf1b44a37a665027b06469b252172a31c,canonical
app/Domains/WorkCore/System/Modules/NDIS/Domain/ClaimLineState.php,a13fce9deca00c073846bd3ca7cfa3dfbb762c927eb319f8859ae8fc6b093c38,canonical
app/Domains/WorkCore/System/Modules/NDIS/Domain/ParticipantStatus.php,33d7566afdefd8c41000fbd4d17ab8c947e0d92d919b51d4e49489a9c849e816,canonical
app/Domains/WorkCore/System/Modules/NDIS/Domain/PlanState.php,f5ecf4190fec7e99ed7038ecd05431382773b3c9f8fa5998992df6c4345db384,canonical
app/Domains/WorkCore/System/Modules/NDIS/Domain/RecordVisibility.php,eeb3dbe8627914a6f6ca2e4d697aa189197e1e3d91d13df1cb800d9d93b07f9b,canonical
app/Domains/WorkCore/System/Modules/NDIS/Domain/ServiceAgreementState.php,d34656587f9a15267ea27296a5e088cbcb918a91410c01272829da97bc0e210f,canonical
app/Domains/WorkCore/System/Modules/NDIS/Domain/ServiceDeliveryCalculator.php,75209e5d8197399f27f6f1e37fd5cc0dee725498ad9f469ec04e4f03fd69a81c,canonical
app/Domains/WorkCore/System/Modules/Operations/AI/OperationsToolRegistry.php,20b3d56d072adf3a420aef4e163ec762429f0e3737339a849c64a688bb2bef65,canonical
app/Domains/WorkCore/System/Modules/Operations/Actions/AddTimeEntry.php,d1f158f03f3fc2fa1ffcd85ca28a2b3c72d4bb2c88899ea1fe224ba32d8242df,canonical
app/Domains/WorkCore/System/Modules/Operations/Actions/ChangeWorkOrderStatus.php,610d1faa836afc641657ac523d7e8ca54cd95499d9e837180f277e3b36dd065d,canonical
app/Domains/WorkCore/System/Modules/Operations/Actions/CreateWorkOrder.php,bc633cc01a610a968d83ee68888301d2836332cc6cf3fec42aa5f1ec4c12c074,canonical
app/Domains/WorkCore/System/Modules/Operations/Actions/SearchWorkOrders.php,8dd1dd6c5d542a46d62001aa95da54ae6418b7b0d6eb9b4f65d8af087b3be75e,canonical
app/Domains/WorkCore/System/Modules/Operations/Actions/UpdateWorkOrderTaskStatus.php,b0b72778230ef66120fd71437fd9ca6eaa08fdc7be7b68fa90c121828d7e8a32,canonical
app/Domains/WorkCore/System/Modules/Operations/Contracts/WorkOrderRepositoryContract.php,3fbdf01b6bb5cfff3225cf4291245971a0fd0974dd17f98e0f7c889e20a64a16,canonical
app/Domains/WorkCore/System/Modules/Operations/Http/Controllers/WorkOrderController.php,37f88c42bee2dcf8fe1e3fd2b5d44cc0a0c794bdd196984a705830769baa5ac4,canonical
app/Domains/WorkCore/System/Modules/Operations/Http/Requests/ChangeWorkOrderStatusRequest.php,719e7ba50b5f71b6605df26f4a0503e6c56cf228a55e4351d41b2a541c6ded56,canonical
app/Domains/WorkCore/System/Modules/Operations/Http/Requests/StoreTimeEntryRequest.php,a956045745a4f76669ef3951e8cb41ecdd1712fd98fffe22cc7d8c655e614386,canonical
app/Domains/WorkCore/System/Modules/Operations/Http/Requests/StoreWorkOrderRequest.php,0652f7cc31a5ea9589d8a1b576d6dca4770e4504670c0f59db7e52e98dd03e9e,canonical
app/Domains/WorkCore/System/Modules/Operations/Http/Requests/UpdateWorkOrderTaskStatusRequest.php,ce86aece5b62fa180ac5f7e7563b35d6ebb1ef84322af50fb7d491a224cd3d50,canonical
app/Domains/WorkCore/System/Modules/Operations/Providers/WorkOperationsServiceProvider.php,0e68d6c3a8b1b1bcc46e08eb564d4a80cbc5acf9d82ccc258f24211912069e0b,canonical
app/Domains/WorkCore/System/Modules/Operations/Repositories/EloquentWorkOrderRepository.php,06d74c3098af1ae9060d80239fa96005aa02caa0df7ee3a8b75f731d9ac64044,canonical
app/Domains/WorkCore/System/Modules/Operations/Services/WorkOrderStatusPolicy.php,33db79e8c9079689d2e4448b42343a81a8cfb5580b3328fde15b74b19194a9c4,canonical
app/Domains/WorkCore/System/Modules/Operations/Services/WorkOrderTaskStatusPolicy.php,ed8b3148a6a48471bc6fedcd23545d7d4a581991824d1167fe551c5f38df65af,canonical
app/Domains/WorkCore/System/Modules/Operations/Services/WorkOrderTemplateExpander.php,8211c1a8468d86a57b6bf7da73871dad60a4da60f8843e929dafafe33b35ac97,canonical
app/Domains/WorkCore/System/Modules/Operations/routes/api.php,bc812bbddd2cca2927003c74d6a703823dc977d9ae7568dcb63bce34dca472b9,canonical
app/Domains/WorkCore/System/Modules/Payroll/AI/PayrollToolRegistry.php,9cb6eb18be4b18ea3f5c7635092030be0c8880db805c0b0db6a2ed74787fda9c,canonical
app/Domains/WorkCore/System/Modules/Payroll/Contracts/PayrollRepositoryContract.php,9f1aba3262a8fd574e6ac9fb1189f80b07a885acf8046ed1acb415d9a2ffa84e,canonical
app/Domains/WorkCore/System/Modules/Payroll/Domain/PayLine.php,bf129cb3dca6233391b49549a137eba6266c8dcb6edf31cd6908e7d1dd37ef73,canonical
app/Domains/WorkCore/System/Modules/Payroll/Domain/PayrollRun.php,4c02ef2ae2958b42fd362887e8f578eb0d6b9454fab34135741f38409d1be0d0,canonical
app/Domains/WorkCore/System/Modules/Payroll/Domain/PayrollRunState.php,1e910fe72a3d29b066dc4531cf4f3d2f9fa06e964b840098d6c9931d1fbe0299,canonical
app/Domains/WorkCore/System/Modules/Payroll/Providers/WorkPayrollServiceProvider.php,4d20a5f13a27054c624f3476b0a2e62337b29f56826ea7168262b1be79f5d097,canonical
app/Domains/WorkCore/System/Modules/People/AI/PeopleToolRegistry.php,746ee9bc023cd768967ba3d42dbf093da17c4db82e1ba85d3eefd27a2c7cc89c,canonical
app/Domains/WorkCore/System/Modules/People/Contracts/PeopleRepositoryContract.php,662bf59257307eb076bdac51b48ff6eab6ba28479194779b6d45bf4e2f8300d0,canonical
app/Domains/WorkCore/System/Modules/People/Domain/Compliance/ComplianceDocument.php,27d9bc7375abe11672a5361cb1d7c89d2e408567fd3d069b5db976d833fe14fd,canonical
app/Domains/WorkCore/System/Modules/People/Domain/Compliance/ComplianceDocumentState.php,f6125bbe8a14c17955bb9e0194c671fa3c8f2ee166730c63a75eb241a1084a2f,canonical
app/Domains/WorkCore/System/Modules/People/Domain/Employment/EmploymentLifecycle.php,0229eae80f053ae011d637899365552747b9ff7647086663e55422a171aba3f0,canonical
app/Domains/WorkCore/System/Modules/People/Domain/Employment/EmploymentState.php,f859b47ccb08351d2bba199edc661ebdca3ad52525b9227c70cac1aa5512268f,canonical
app/Domains/WorkCore/System/Modules/People/Domain/Onboarding/OnboardingPlan.php,8cfab3cad57f3ed65b09e5ba43172d82a4309c5420913b9a39cc5769e2c59b0d,canonical
app/Domains/WorkCore/System/Modules/People/Domain/Onboarding/OnboardingState.php,354789254aebfb814de8b15a6f59b9fcff7ecd1d12cc3a346fa6a9f23091d433,canonical
app/Domains/WorkCore/System/Modules/People/Domain/Onboarding/OnboardingTask.php,9664f296877f5a7d47d408b36b88ce15d3a3ea8a2732884d51d0db648d9798a7,canonical
app/Domains/WorkCore/System/Modules/People/Domain/Performance/PerformanceObjective.php,fc2fbf21f3bfed636224fc814e73bf6d3c3b7bdfa579e8e7f6c5d82a26787463,canonical
app/Domains/WorkCore/System/Modules/People/Domain/Performance/PerformanceObjectiveState.php,dc69e7692f4950433d0fd80f0296315349aec37e97d0fddfbc2a957bc4fe0aa5,canonical
app/Domains/WorkCore/System/Modules/People/Domain/Recruitment/JobApplication.php,22942b1586a15d8dbb7711d289b03ccb2fd000536c81f09c692dfa01dd47350f,canonical
app/Domains/WorkCore/System/Modules/People/Domain/Recruitment/JobApplicationState.php,61b6c226d44099d986e0c93a2f8f7bdf7702851ac0753c771620dd30226525e7,canonical
app/Domains/WorkCore/System/Modules/People/Providers/WorkPeopleServiceProvider.php,956f52c289adaca88757b364360efbaa2c514afb9912cd4f342561407e49087d,canonical
app/Domains/WorkCore/System/Modules/Premises/AI/PremisesToolRegistry.php,afde3295318462a03638910e9042a21559cce1a83cc4a2d08aa1fa699958ef61,canonical
app/Domains/WorkCore/System/Modules/Premises/Actions/AddPremisesHazard.php,d998e0e161f24c29f6239c12c1edcd0ac1e9bf4540ffdc38592a9fa01a6aae4d,canonical
app/Domains/WorkCore/System/Modules/Premises/Actions/ApprovePremises.php,9e11790a0d2920979fb1bb1f7fa8d6257cb3293d3b91002993233957ce67daba,canonical
app/Domains/WorkCore/System/Modules/Premises/Actions/ArchivePremises.php,cb9679dae6aa9d4912e5fe1c48e49da672e4a578b4f0266baf1de29ff3d81486,canonical
app/Domains/WorkCore/System/Modules/Premises/Actions/CreatePremises.php,81907df64bdb38a6bfd5e382459b70ba51a83e7e545757db07a806ffb9ae2e05,canonical
app/Domains/WorkCore/System/Modules/Premises/Actions/CreatePremisesAccessPoint.php,68a7ed2d74ab8fc3133e9030a5c4cadfa2cb33ed608cdf4478c09e246352b7e3,canonical
app/Domains/WorkCore/System/Modules/Premises/Actions/CreatePremisesServicePlan.php,24625ca9ed0f3e6db1ee108046579673767b31c646ad1f5ac361d210dc080bf1,canonical
app/Domains/WorkCore/System/Modules/Premises/Actions/CreatePremisesServiceWindow.php,341f1972d1fe5cfb873ae141515de9c120a1fd117b97d5bd2fce690d8a61b684,canonical
app/Domains/WorkCore/System/Modules/Premises/Actions/CreatePremisesSpace.php,053f2add2a1ea3d02a56e41bf151efec46e8caa18a7c2fdaaa29435a50b9e925,canonical
app/Domains/WorkCore/System/Modules/Premises/Actions/GetPremisesProfile.php,cbe8e76be3e1b113db5e749be883b3f09373b396e2996061088bd3a9c71cf702,canonical
app/Domains/WorkCore/System/Modules/Premises/Actions/GetPremisesReadiness.php,bd5b24a1c6ea1f76d5aab7c906fde8382cba0b05125eeae675a523e2e2051686,canonical
app/Domains/WorkCore/System/Modules/Premises/Actions/LinkPremisesContact.php,8ab0b2aa8058a49ecdab416a2120e481a9234f6d5d3db5580204ba8e35a33f3f,canonical
app/Domains/WorkCore/System/Modules/Premises/Actions/LinkPremisesDocument.php,90ef2654e9d330c0cf89b7ec9d6df176e4a31fc26a30b312bc4d10d12382cc14,canonical
app/Domains/WorkCore/System/Modules/Premises/Actions/RecordPremisesMeterReading.php,bf9572aeedb14c5ef82c7de70be4d581573535a30aa50ba4e00daece3f210939,canonical
app/Domains/WorkCore/System/Modules/Premises/Actions/RegisterPremisesIdentifier.php,9bac4543127f177c7fc4485be521f1d4e0923b386d08ef953feac6114dece8f6,canonical
app/Domains/WorkCore/System/Modules/Premises/Actions/ResolvePremisesHazard.php,f2c5fbe5b4eec61e31af4bf869e329dd6487338b2bfb27ca2b2293caa3d44839,canonical
app/Domains/WorkCore/System/Modules/Premises/Actions/SearchPremises.php,29da211c1378bd3522549056076125816fa35ea885a3c10fd35b8747e50242f9,canonical
app/Domains/WorkCore/System/Modules/Premises/Application/Accommodation/Actions/AddAccommodationCharge.php,f90e265eff396635f1cd53baf0a79197f26b1fa2d8322b939020cc316ae9a5eb,canonical
app/Domains/WorkCore/System/Modules/Premises/Application/Accommodation/Actions/ChangeAccommodationReservationStatus.php,8195f3ef06e37ddcfb4049b3a365fa804bb1d8f1ae9bf4a6dfaf3697e93c30a3,canonical
app/Domains/WorkCore/System/Modules/Premises/Application/Accommodation/Actions/CheckInAccommodationStay.php,cdede7f912afdc513851034d5e8d0090ce7fb505b9701a3a43abd787f8f23759,canonical
app/Domains/WorkCore/System/Modules/Premises/Application/Accommodation/Actions/CheckOutAccommodationStay.php,3731dc2c9ae3cf8f931a8c243467a2d1596265e31bb01d1bc782fa74f2df6b65,canonical
app/Domains/WorkCore/System/Modules/Premises/Application/Accommodation/Actions/CreateAccommodationReservation.php,e54f2cc3cb2f736edfe96592df9aa623949df60396696d477102009a89991383,canonical
app/Domains/WorkCore/System/Modules/Premises/Application/Accommodation/Actions/UpdateAccommodationHousekeeping.php,c24839bf21709d80fcabdadbb9490cf6aa44f532b054ebed15a73ae91aeb7cef,canonical
app/Domains/WorkCore/System/Modules/Premises/Application/Accommodation/Actions/UpsertAccommodationRatePlan.php,d9bd10d12239e1cf39f46591605e62b80a5b1e8a8086472c5269b35fe94205e4,canonical
app/Domains/WorkCore/System/Modules/Premises/Application/Accommodation/ReadModels/GetAccommodationBoard.php,a819d39a7823fbb14ab0e5828963af757d6404e2d0efa4a17f545dca90dcfbca,canonical
app/Domains/WorkCore/System/Modules/Premises/Application/Accommodation/ReadModels/GetAccommodationFolio.php,c3b65405d9e33f6d48afa2c88b4ecf5ebb9ce5bce91c1504d972ebaea9ed7327,canonical
app/Domains/WorkCore/System/Modules/Premises/Application/Accommodation/ReadModels/SearchAccommodationAvailability.php,07361ada0eb41f6c8a6b7de94f87c03bbb2116739db67aba30483d0de4f95141,canonical
app/Domains/WorkCore/System/Modules/Premises/Application/Accommodation/Services/AccommodationActionSupport.php,a98ffd8a33f91acd9c8b8031e5d83465fd47545ef39641022df4158d304173b8,canonical
app/Domains/WorkCore/System/Modules/Premises/Application/Accommodation/Services/AccommodationAvailabilityService.php,ce91975626392352d1c8230419f9283d7bc0d0f7a8944ef75736abbcf8b37fdb,canonical
app/Domains/WorkCore/System/Modules/Premises/Application/Accommodation/Services/AccommodationOccupancyBridge.php,5303edbc6bc195314d0ec3abda91f49dc03df165fbadae662a016508fc11052e,canonical
app/Domains/WorkCore/System/Modules/Premises/Application/Queries/GetPremiseComplianceOverviewQuery.php,ae22cbe3dd404412d93b6ad55f9da635850412dccbfa57c90c397b13bf0c4c25,canonical
app/Domains/WorkCore/System/Modules/Premises/Application/Queries/GetPremiseServiceReadinessQuery.php,acc5857edf99725979963f2dfa1b26b63a848f79232aaa0962432e91245f55bd,canonical
app/Domains/WorkCore/System/Modules/Premises/Application/Queries/GetPremiseTimelineQuery.php,b1f5839ef834d666a8ca09309103cebe4ff1fcf75606e03cd2d4d0b85cfbde1a,canonical
app/Domains/WorkCore/System/Modules/Premises/Config/compliance_rule_packs.php,c78c9f5608ffee181f67bbce050c9a6c825b9ecd228645a8bff0c3172988ac16,canonical
app/Domains/WorkCore/System/Modules/Premises/Config/config.php,803c67e0a4b3af1a18b4f317c37127acc9718a38f8da6bf2ca913075ea368f7e,canonical
app/Domains/WorkCore/System/Modules/Premises/Config/generative_panels.php,288e032e0d480952a0a896ea84006f297cfc465160c09c18327770e803255e84,canonical
app/Domains/WorkCore/System/Modules/Premises/Config/operations.php,a168efb6a23f7091e421420c78a73fc755e9cf35b7c29ad0b48bd44bec5cc202,canonical
app/Domains/WorkCore/System/Modules/Premises/Config/permissions.php,f800704398c4b2bddb29b9da7a12fa7779c509956d28d8775cbefcfb8968dedb,canonical
app/Domains/WorkCore/System/Modules/Premises/Config/portal.php,4e75f14d2495266cd13c428305d1b10780758782c9ecd861deb1f3ff514745c6,canonical
app/Domains/WorkCore/System/Modules/Premises/Config/premises_profiles.php,6122b133f57d3b2e8769d09392f545abb88a8bbb72c6b1e19f7f224d8a1eacbd,canonical
app/Domains/WorkCore/System/Modules/Premises/Console/Commands/GenerateVisitsCommand.php,c381fb94f7909d471fb3d22b939631b27e02e8302f26f76f6c1dde03509c935e,canonical
app/Domains/WorkCore/System/Modules/Premises/Console/Commands/PmDoctorCommand.php,892781a46fed16803c2423ced1fde6f6584896ddfcdbc0767b0eec0377954bec,canonical
app/Domains/WorkCore/System/Modules/Premises/Console/Commands/RefreshComplianceCommand.php,f9d978ddad37bdbbd434a0493396a43367dc9a87637bf32a648aae2674dd71a6,canonical
app/Domains/WorkCore/System/Modules/Premises/Console/Commands/RetireLegacyInspectionsCommand.php,bef75d5b3def9d88175847c074d9eb44a5f4678ee20209d00ecf69f719cf7826,canonical
app/Domains/WorkCore/System/Modules/Premises/Console/ImportLegacyHousesUnitsCommand.php,7da3977f5e0ba73eece1a6c178593d14ae12b04811a179d00df86004aaa6a521,canonical
app/Domains/WorkCore/System/Modules/Premises/Contracts/PremisesRepositoryContract.php,b0a2e39b50c96c0d7d53f1a1edee508c34eeeb664c0863a1e337643c8e3fff29,canonical
app/Domains/WorkCore/System/Modules/Premises/Data/PremisesData.php,9c0bacbc7b288d9f8e5e1aaaafd770cc729168b44004dc38cc4e291d46b7771d,canonical
app/Domains/WorkCore/System/Modules/Premises/Docs/DONE_REPORT.md,cd3129a8304aac44ea539aab276878eb87857b6b3973875f438f4bebf73d9efa,canonical
app/Domains/WorkCore/System/Modules/Premises/Docs/PASS2_SPACE_HIERARCHY_REPORT.md,32aa45c05df944909f807b8395178594dcbd3812a076992dae98c6e1829fc185,canonical
app/Domains/WorkCore/System/Modules/Premises/Docs/PASS3.md,91fc6a28dbf836dcc1c7a12e1976d11b3eafe0042c4319259dfef9ccb96ffce1,canonical
app/Domains/WorkCore/System/Modules/Premises/Docs/PASS3_PARTIES_OCCUPANCY_REPORT.md,69b6f02ed59cb6bc2691145e1cb3d4b12ada2811c60552de035ff888519b0c4a,canonical
app/Domains/WorkCore/System/Modules/Premises/Docs/PASS4_HARDENING_REPORT.md,13244c05333475f42e2386f0e127d92296da929fbbdb2568396e075f5e63c3a1,canonical
app/Domains/WorkCore/System/Modules/Premises/Docs/PASS5_RELEASE_NOTES.md,8957da1c6b43bddd5b4f8fc61f9a50df5f31842e0ad634d29d14be0a5ca96b0c,canonical
app/Domains/WorkCore/System/Modules/Premises/Docs/PASS5_RELEASE_REPORT.md,7cb805d83dc5ead6b51770395ed757fe7bd3b21dbf0a92876fe893399f26058e,canonical
app/Domains/WorkCore/System/Modules/Premises/Docs/PASS6_PROFILE_GENERALISATION_REPORT.md,e19c5c7aebb94066cb739aeec08fc47178153ca3465c9d58a26554456693362f,canonical
app/Domains/WorkCore/System/Modules/Premises/Docs/Pass1_Deltas.md,87b22f28b8d1fc856599c11ef23b3efd2c3a2db615b39e551932010b10b0521a,canonical
app/Domains/WorkCore/System/Modules/Premises/Docs/Pass2_Deltas.md,3d2a983c13afe1aedd25ba0289997139afc424d17b92fec7f7c8c40e7a491ebb,canonical
app/Domains/WorkCore/System/Modules/Premises/Docs/README_Tradie_Focus.md,799faf404c1936a7df688a68ebdd2767f6d1786824e8a9db7c1b4c38a9fa7c3c,canonical
app/Domains/WorkCore/System/Modules/Premises/Docs/SECURITY_MODULE_CONCEPT_EXTRACTION_REPORT.md,4cb18c1efd5ea9f9909269956db6db82f7cb88cb5e68b70658356d412a9107c8,canonical
app/Domains/WorkCore/System/Modules/Premises/Docs/Tradie_Use_Cases.md,2a343c6ffcab775c4166f0ac365e99352f62f3a47f3815b43592859be5b830ff,canonical
app/Domains/WorkCore/System/Modules/Premises/Docs/UPGRADE-PASS6.md,e8fb36733ec03ea31b28d890b70bbb6572ed4ab748616e4adc601e6eabf4f72c,canonical
app/Domains/WorkCore/System/Modules/Premises/Docs/UPGRADE_PASS10_PORTFOLIO_OWNERSHIP_APPROVALS_REPORT.md,697216654c4eefbb914b639b17ced020fcc2a052a98840936745cbaf72580387,canonical
app/Domains/WorkCore/System/Modules/Premises/Docs/UPGRADE_PASS4_AGREEMENTS_FINANCE_REPORT.md,6974ee68df4e3df095eec81c9c9941b2ec07203463be68a7d4db18afd2690fcc,canonical
app/Domains/WorkCore/System/Modules/Premises/Docs/UPGRADE_PASS5_ACCESS_CONDITION_INCIDENTS_REPORT.md,9c5c83d197a72a75325ca590b83d9beb1ecab7780154df72b507e5e66fc56471,canonical
app/Domains/WorkCore/System/Modules/Premises/Docs/UPGRADE_PASS6_COMPLIANCE_REPORT.md,e01b878e0295956bc2e39ffc97dab77319753ed5c46655e07e7cb78248480530,canonical
app/Domains/WorkCore/System/Modules/Premises/Docs/UPGRADE_PASS7_OPERATIONS_DASHBOARDS_REPORT.md,a94df0899c2b230518911e8921f6d818a624f9aa639055a874d4a71dcf8deeb4,canonical
app/Domains/WorkCore/System/Modules/Premises/Docs/UPGRADE_PASS8_AI_PORTALS_VACANCIES_REPORT.md,999d1491bb6e0fff53057e920095b6f88593287270c0651b030684048c7704ca,canonical
app/Domains/WorkCore/System/Modules/Premises/Docs/UPGRADE_PASS9_APPLICATIONS_COMMUNICATIONS_REPORT.md,55710a7989e387c6050ea3be89e90c31f6dd08cf848b59936d3a13cafe96d520,canonical
app/Domains/WorkCore/System/Modules/Premises/Docs/superpowers/plans/2026-07-22-parties-occupancy.md,15330ff7f342ced045d44ca5ba129911d9dc61f47e8b3a198fc8ece104f7687c,canonical
app/Domains/WorkCore/System/Modules/Premises/Domain/Access/AccessCardRequestState.php,de7a565e1aa5713314c5ee2e8b062be2102e3f09ef72c43be1801b08d10966f2,canonical
app/Domains/WorkCore/System/Modules/Premises/Domain/Access/AccessItemState.php,7c2bbf2067573810343eceddb5352ff447f8cc4cdeea77b01feba956d7825d90,canonical
app/Domains/WorkCore/System/Modules/Premises/Domain/Accommodation/AccommodationDateWindow.php,4a05ea762a8d168a957ec8c27bb40f8eea95cfc0ea7e0b0c406f2f01b3a8e83e,canonical
app/Domains/WorkCore/System/Modules/Premises/Domain/Accommodation/AccommodationRateCalculator.php,cc4657268dc7658d022410d81704f74e536d7e05d79e8166221e35318e137c60,canonical
app/Domains/WorkCore/System/Modules/Premises/Domain/Accommodation/AccommodationReservationState.php,8115e480f181c6cf558314e1cc142cf9287b0a72a244bb740e9010821bf969ba,canonical
app/Domains/WorkCore/System/Modules/Premises/Domain/Accommodation/AccommodationStayState.php,f7a9df3295155ce13cd4156d7c3dc85ca8875216826be2aa6ef6c70fab8ef0a5,canonical
app/Domains/WorkCore/System/Modules/Premises/Domain/Accommodation/HousekeepingState.php,4c223e21de554f65dec0027f2bec65db02c4c00558307a108b980e8148bdd074,canonical
app/Domains/WorkCore/System/Modules/Premises/Domain/Agreements/AgreementFinanceLinkType.php,8ac4b15a7ab396d96f9a5b22c66add622546ee5eca509db2d22b013262031e8c,canonical
app/Domains/WorkCore/System/Modules/Premises/Domain/Agreements/AgreementState.php,6e3210445fe8fb53bb5a07fa0139f4d98cc4a8bf14aaa1dfadc441f20c4ae0be,canonical
app/Domains/WorkCore/System/Modules/Premises/Domain/Applications/ApplicationState.php,71ca94b971e8a8fc3f05456fe7f69b67f6d8d03a779b87c71f408ecca5123191,canonical
app/Domains/WorkCore/System/Modules/Premises/Domain/Applications/EnquiryState.php,9f976a81e845bed59947b19e4aaea8fd3f31a731a29393c29caa9f88f031983b,canonical
app/Domains/WorkCore/System/Modules/Premises/Domain/Approvals/ApprovalPayloadSanitizer.php,f39e1bf73a8351705698a5b8592855593f15805372a6863e169a6f87a597cd12,canonical
app/Domains/WorkCore/System/Modules/Premises/Domain/Approvals/ApprovalRequestState.php,1c870e34707d7ea8eb849e4392d981447dbd8727a46e0f2495e34522669f777c,canonical
app/Domains/WorkCore/System/Modules/Premises/Domain/Communications/MessageVisibility.php,a8e1983575d97c1c63451c9c54ff76a0e3515e8d000e4f4b64af38cf767cf9bf,canonical
app/Domains/WorkCore/System/Modules/Premises/Domain/Communications/NoticeState.php,3dc548c95244c71911f0d6ebf8a69b75f6656e92cef2d7be685456075d790249,canonical
app/Domains/WorkCore/System/Modules/Premises/Domain/Compliance/ComplianceDuePolicy.php,5b2e8773bdb745c46838c51e1d21c327409a98c28e08b295ca19a40ac91d85ef,canonical
app/Domains/WorkCore/System/Modules/Premises/Domain/Compliance/ComplianceOccurrenceState.php,7270c623643cded504991a573acb7e1de9b525f2a03dd823cb3c9d1ef8ba7583,canonical
app/Domains/WorkCore/System/Modules/Premises/Domain/Compliance/ComplianceRecurrence.php,78d94d0ca856bece74e28620e2531a09ae8071c41613b01249638436ae215e43,canonical
app/Domains/WorkCore/System/Modules/Premises/Domain/Compliance/ComplianceRequirementState.php,1e6295046381eb2c14263d4a09c4bdd39076cd6d18657a9484401e3269f0563e,canonical
app/Domains/WorkCore/System/Modules/Premises/Domain/Condition/ConditionState.php,7e7387181743b4422cd6176920663b33e7fc5e2fc91de1aec6b41bedb3bcf410,canonical
app/Domains/WorkCore/System/Modules/Premises/Domain/Incidents/IncidentState.php,ad7664b5bb44371e2328ba0c7f8d28a5550ba2056c7a3453afc7957a46a133dc,canonical
app/Domains/WorkCore/System/Modules/Premises/Domain/Occupancy/OccupancyCapacityPolicy.php,24b9b9d2a203ae0c61da37056a955f657fba7a456b2248afbac080e2633acaca,canonical
app/Domains/WorkCore/System/Modules/Premises/Domain/Occupancy/OccupancyState.php,b494abbc39db9ea87ade20ee8a8b86c40763b76e2315e040b896fc5a49f33a4a,canonical
app/Domains/WorkCore/System/Modules/Premises/Domain/Operations/WorkflowProgress.php,d928ee9865f4a53291cf1f07146c31467069b2d11c1c5b42ac950fbdb9552088,canonical
app/Domains/WorkCore/System/Modules/Premises/Domain/Operations/WorkflowState.php,e037a72af9be1bdc387245629cd08d171cedc09dfbde19d24a264e7b6d5ed0be,canonical
app/Domains/WorkCore/System/Modules/Premises/Domain/Permits/WorkPermitState.php,c8254b5b15beb60870663b4f4455885f140186f04e34935d6960b4f4b225f3f3,canonical
app/Domains/WorkCore/System/Modules/Premises/Domain/Portal/PortalGrantState.php,870d185387f2bdb506432f5354b2ceb16e250bf2aac78de7a22bc61f767e7094,canonical
app/Domains/WorkCore/System/Modules/Premises/Domain/Portfolio/ManagementAuthorityState.php,3f5a89e6025efc24edd31caf01f880d91595872b8007f83a2d569e27be8f959b,canonical
app/Domains/WorkCore/System/Modules/Premises/Domain/Portfolio/OwnershipSharePolicy.php,21c0257a86c2a5d8c45b40829776db3c27fd8c39ca5dae7b20835a94b615e601,canonical
app/Domains/WorkCore/System/Modules/Premises/Domain/Premises/Actions/AddPremiseContactAction.php,57436b1512c1fde1f29244b5b2831663a4f68b8fe2dd641c9c807aecb9479fed,canonical
app/Domains/WorkCore/System/Modules/Premises/Domain/Premises/Actions/AddPremiseHazardAction.php,68568b5f78d734a73bdd318cfc0bf9db344771eb1865173c0eaa18f9cfabfe99,canonical
app/Domains/WorkCore/System/Modules/Premises/Domain/Premises/Actions/AddPremiseKeyAction.php,6071ffcb65b91f2596aebf3fa8ed24899e656035354b311837c12bb7004bbb36,canonical
app/Domains/WorkCore/System/Modules/Premises/Domain/Premises/Actions/AddPremiseUnitAction.php,6b1d2002a295f5a1a12fbc17a31ec2eb2f520ee8beafb8472a1fa457e3f70dba,canonical
app/Domains/WorkCore/System/Modules/Premises/Domain/Premises/Actions/ApprovePremiseAction.php,05c9296cd8c7f47b6f9c4627d612c768943bd95c4e9f66f2f45407eb1661fb77,canonical
app/Domains/WorkCore/System/Modules/Premises/Domain/Premises/Actions/ArchivePremiseAction.php,80e1d1f27e73d8f7750dc3e4f9c6d74ebc3c9c14945fd526e0669d58670b4a3d,canonical
app/Domains/WorkCore/System/Modules/Premises/Domain/Premises/Actions/AssignPremiseAssetAction.php,92b4236ccc6b2b4cb015bed5fa0c1fc0a545c0cc9e5631f9a4ed2132ad70e0e4,canonical
app/Domains/WorkCore/System/Modules/Premises/Domain/Premises/Actions/CreatePremiseAction.php,068189d73895eb252023de8eec6ce5f9dc98e63ed4eca01f6af3a6e723a0d9a4,canonical
app/Domains/WorkCore/System/Modules/Premises/Domain/Premises/Actions/CreatePremiseServiceWindowAction.php,212ab989175b79beaa53b46f88fef221e28e233a3bf88c19bfe74ae5a00b1710,canonical
app/Domains/WorkCore/System/Modules/Premises/Domain/Premises/Actions/CreatePremiseVisitAction.php,983ad8df287e5154d5fc672266d701ae38be911542362a5d637041315224fe3c,canonical
app/Domains/WorkCore/System/Modules/Premises/Domain/Premises/Actions/RecordMeterReadingAction.php,b6d2bd6338cdae64597abb175068ecee87dafbf523118b4f3ff4ae6e60ab8e67,canonical
app/Domains/WorkCore/System/Modules/Premises/Domain/Premises/Actions/UpdatePremiseAction.php,8f466ed651a779dd5bd26477a81e2b7529f1add386b5f3f75c9e6679fc86a4a6,canonical
app/Domains/WorkCore/System/Modules/Premises/Domain/Premises/Actions/UpdatePremiseServicePlanAction.php,eae1c574517b9411f0bd5b184bbab95ef63b61c6015ecd292aa13a2bf7467d99,canonical
app/Domains/WorkCore/System/Modules/Premises/Domain/Premises/Actions/UpdatePremiseUnitAction.php,2da5689b0d617b8295e94d2cdec60a103ad14d3abf072a0e2561e3bd256f6dbe,canonical
app/Domains/WorkCore/System/Modules/Premises/Domain/Premises/Actions/UploadPremiseDocumentAction.php,b42edd693f5f124769a455eb4fb6917646713fddfb3de3b576b095f34a40c2f9,canonical
app/Domains/WorkCore/System/Modules/Premises/Domain/Requests/ServiceRequestState.php,e37e58ea921a2215debbbe15c565459c98b9cc0735870843d7b28677cb8e9f79,canonical
app/Domains/WorkCore/System/Modules/Premises/Domain/Vacancies/VacancyListingState.php,4c8af65d814c0a2aa64ee01a2e93592602cf995e8eb2630f97f87a614b1f8a31,canonical
app/Domains/WorkCore/System/Modules/Premises/Domain/Vacancies/VacancyPublicationState.php,d519ac9e0dc9b905a120a1d978f09971866786c5e4a08db4d822d1f7a66a5934,canonical
app/Domains/WorkCore/System/Modules/Premises/Entities/Accommodation/AccommodationChannelReference.php,5147fe1e35d0205bd324107969be99893c371297b33ad13697d85e6046756c86,canonical
app/Domains/WorkCore/System/Modules/Premises/Entities/Accommodation/AccommodationCharge.php,ef3b1700e1cce4c4f88faabb522fa66f1c4a28446fdbf67ac822af04f33a3ab6,canonical
app/Domains/WorkCore/System/Modules/Premises/Entities/Accommodation/AccommodationGuest.php,e4aadb1fe6d12cba2393170f2bd6b09765850a8b2d0cbea85a5dfc5db369af08,canonical
app/Domains/WorkCore/System/Modules/Premises/Entities/Accommodation/AccommodationHousekeepingTask.php,9ae7cb0debdb24e8640b36ca9fb2ae45d6d6a50120cf619fc98224a6d33651d3,canonical
app/Domains/WorkCore/System/Modules/Premises/Entities/Accommodation/AccommodationRatePlan.php,eee1a163360e33ce8bb4e1fd176da8a6b4f040a59a85aaf01c8b730977fe5ce8,canonical
app/Domains/WorkCore/System/Modules/Premises/Entities/Accommodation/AccommodationReservation.php,7b6c5a39a447656e9dee866d27f2d5a8e1fa113ccf23b42f660dfe6648ddd1c7,canonical
app/Domains/WorkCore/System/Modules/Premises/Entities/Accommodation/AccommodationReservationSpace.php,65c2f2dc052fc3e4f07acc18458951d9ccc8520827fecb0a773d671f614f4143,canonical
app/Domains/WorkCore/System/Modules/Premises/Entities/Accommodation/AccommodationStay.php,d9a7a206f8ca9a7ff7a30a112e8604c356b072043e54f16ef6ff6c181c2ec829,canonical
app/Domains/WorkCore/System/Modules/Premises/Entities/Concerns/BelongsToCompany.php,62fcb5bd6a59da6138656d7c880459bad5a1f74a15d16a4c7432f8ab5ef6b33b,canonical
app/Domains/WorkCore/System/Modules/Premises/Entities/PremiseAccessAuthorisation.php,5434d376720b6b961089e37f42162264d46de266eba61cfac6569521dfe80f02,canonical
app/Domains/WorkCore/System/Modules/Premises/Entities/PremiseAccessCardRequest.php,ac7f16b6b6fc45f622d607efe174c7ea758a4a7d6428da3859d3a76ac71acaff,canonical
app/Domains/WorkCore/System/Modules/Premises/Entities/PremiseAccessCardRequestItem.php,fd33934baf07c1fde9cc70769d43b810e1dc76d3455fc94eb5caf909e7307fb3,canonical
app/Domains/WorkCore/System/Modules/Premises/Entities/PremiseAccessEvent.php,ee77b57eab3331941a8e0b428dc121341624fe9a51eb8b734c4d8e57552abcb1,canonical
app/Domains/WorkCore/System/Modules/Premises/Entities/PremiseAccessItem.php,cf3ae6b7dc7e8d21cc183d319e7512449992e8b4fb8768bf387ee03504388521,canonical
app/Domains/WorkCore/System/Modules/Premises/Entities/PremiseAgreement.php,8e5042f73173291ab69a2c3e1cbcb0829b7b895a7889f75b3f6a41143bf38a58,canonical
app/Domains/WorkCore/System/Modules/Premises/Entities/PremiseAgreementFinanceLink.php,ec7953b76f56ad6e2bb730960b827886e1924e939eda4a9e530bdb13d1a70b31,canonical
app/Domains/WorkCore/System/Modules/Premises/Entities/PremiseAgreementParty.php,0a8d1b4a7e3ea65ff324af1c88b71a7470e0f639ffbdb5fb4ab88c970611edf4,canonical
app/Domains/WorkCore/System/Modules/Premises/Entities/PremiseApplication.php,632130cc83078903dcbf79a707bf1a3b54a841ae35baef9a96819924a11abbae,canonical
app/Domains/WorkCore/System/Modules/Premises/Entities/PremiseApplicationEvent.php,fdfd43dd420ff2d50bc766d9d99e4ca7358a541559555c1b6e8f001349c7ebef,canonical
app/Domains/WorkCore/System/Modules/Premises/Entities/PremiseApprovalDecision.php,a9fcdfee90b161cb7a14eef340e49c7f3b233efa3a06551e5e57eb5f9a7cfac4,canonical
app/Domains/WorkCore/System/Modules/Premises/Entities/PremiseApprovalRequest.php,d28ae5866b9ae5656af30cf702c79833848a710b60c714bada2d00f91bf075a5,canonical
app/Domains/WorkCore/System/Modules/Premises/Entities/PremiseComplianceEvidence.php,ae1264cf46d04397d8d5b3ca6a0e8e396fae60d7f60bf34af82a44019e8e8d5d,canonical
app/Domains/WorkCore/System/Modules/Premises/Entities/PremiseComplianceOccurrence.php,b1740a17d30801961ffc4f778e0e0b8b5ff469c635141916bb0849d041cdc54d,canonical
app/Domains/WorkCore/System/Modules/Premises/Entities/PremiseComplianceRequirement.php,16ccfa1641c978e9cb5f9a6159d4fd8e540be6b9cc417260dd74b1961dc4e639,canonical
app/Domains/WorkCore/System/Modules/Premises/Entities/PremiseComplianceRulePack.php,0abe912932391a6796fffedd471178ee9a8d1f80cf4051d48bc09a9bfbfb844a,canonical
app/Domains/WorkCore/System/Modules/Premises/Entities/PremiseConditionRecord.php,4beba14c6b8d069505e0fb7b98c24eec76c37fe3ef808b75fca15065bc15b6dc,canonical
app/Domains/WorkCore/System/Modules/Premises/Entities/PremiseConversation.php,af59275f8a42c806efedc849f5d2915d979ce5081ed9964b002b46ce3b33f1b9,canonical
app/Domains/WorkCore/System/Modules/Premises/Entities/PremiseIncident.php,b8ccb5327aee39fa09515e1f738e7594d273845f5269b4e8229e12ab77b6ba41,canonical
app/Domains/WorkCore/System/Modules/Premises/Entities/PremiseManagementAuthority.php,9acfd11d81414021d9b2f6a8e891f44fdd03fb8223e3afc0ab0017dba66d4327,canonical
app/Domains/WorkCore/System/Modules/Premises/Entities/PremiseMessage.php,8f14db72bb6472eb3692aea2bde14d7dcd03db659672c3910508d273bc5a1b39,canonical
app/Domains/WorkCore/System/Modules/Premises/Entities/PremiseNotice.php,21ee4e267c8c03e636f669bfe45adf9b576961ebcdeb6d50b5d947ef6060cb8f,canonical
app/Domains/WorkCore/System/Modules/Premises/Entities/PremiseOccupancy.php,124a43a0127b3a0ac22237a8c8b40f389e0f3b8787359233ba1520d18b66eeb2,canonical
app/Domains/WorkCore/System/Modules/Premises/Entities/PremiseOwnershipInterest.php,6769d57f1af9c04ccc16d29dfd3b031a3b442f1b90033d5ad74f07289587327c,canonical
app/Domains/WorkCore/System/Modules/Premises/Entities/PremisePartyRole.php,eb316555f9e3d4c033dd0cb5b0a10ea6970406731be927639405ef305506d628,canonical
app/Domains/WorkCore/System/Modules/Premises/Entities/PremisePortalEvent.php,825abf5a7fb334f9ce279419f9b06bbf5a397d918c0e207b89cd7816158f1310,canonical
app/Domains/WorkCore/System/Modules/Premises/Entities/PremisePortalGrant.php,f5bcbac5ded6c1397d86c3ee42df991929925fd840c17db0222602ea38942067,canonical
app/Domains/WorkCore/System/Modules/Premises/Entities/PremisePortfolio.php,ecf8c77ef5e39d705ede8b133c7ac9c95187cd6f14c13c46b0db38ead688efbb,canonical
app/Domains/WorkCore/System/Modules/Premises/Entities/PremisePortfolioMembership.php,8cb2c72008d74a9eac0b3a6fd1069c35746d3af3b2289b8c670269e3759db253,canonical
app/Domains/WorkCore/System/Modules/Premises/Entities/PremiseSelfServiceRequest.php,59ba2119b546c2407a9cfe52f80b1c237795b937f08ef8234c20e5edd0ee06d0,canonical
app/Domains/WorkCore/System/Modules/Premises/Entities/PremiseSpace.php,549be32492f2de4908a4e06295517e28e16ddf28211d5f30dfc4fdddabfef46f,canonical
app/Domains/WorkCore/System/Modules/Premises/Entities/PremiseVacancyEnquiry.php,c7d28c479d666adb35d0ba1010fdc3d15871157b8c8d73cee8a3fa9bdeb9cd18,canonical
app/Domains/WorkCore/System/Modules/Premises/Entities/PremiseVacancyListing.php,bf4123080760f6b96febf9b828a8ca24c75b74289466ae763d9e621f496733a1,canonical
app/Domains/WorkCore/System/Modules/Premises/Entities/PremiseVacancyPublication.php,9c574ff82296aa583c8e32347a324244205dbf820bc20822625bd7501df8dc9c,canonical
app/Domains/WorkCore/System/Modules/Premises/Entities/PremiseWorkPermit.php,ef97150ad3c584d727cb2b2d0dc868e2c2d0884b354123cfcabe1ea3d541f2d7,canonical
app/Domains/WorkCore/System/Modules/Premises/Entities/PremiseWorkPermitApproval.php,c6d31743ee1ad10e35d502c0b67bd4119b9b0325843b8cfdbaf01947438e5b66,canonical
app/Domains/WorkCore/System/Modules/Premises/Entities/PremiseWorkflow.php,59ea3e857422fe892175819c7ee5f0ec2c75ef6dcf2ac84e0bf869f66979ae93,canonical
app/Domains/WorkCore/System/Modules/Premises/Entities/PremisesAssetLink.php,35c82ff1fcd9a39cb70fca42bff2e856cee4499881ba779173db7aaefa4b9f82,canonical
app/Domains/WorkCore/System/Modules/Premises/Entities/PremisesContactLink.php,44d929830bfb9dc50519cc4636dca579c91e03da4ee6fdb67b55d027878b2395,canonical
app/Domains/WorkCore/System/Modules/Premises/Entities/PremisesFormLink.php,e2041938ba1bea8d20b1703bf38b6ad83dcbc906424e828ee575da433bc7b7a5,canonical
app/Domains/WorkCore/System/Modules/Premises/Entities/PremisesWorkOrderLink.php,60f3fd816d1727767a99af8c401d51ff6cc26c4efc549f51202537a3aab3181f,canonical
app/Domains/WorkCore/System/Modules/Premises/Entities/Property.php,5dc64f0b8b7eaa7f4388bbf3a1f60aeb98bdadded1e90f3a96dde7385691c641,canonical
app/Domains/WorkCore/System/Modules/Premises/Entities/PropertyApproval.php,d5508152ce58dbc9ddb2439ebfa90ee4c718515f2d7fd79e9ee66c75bd557913,canonical
app/Domains/WorkCore/System/Modules/Premises/Entities/PropertyAsset.php,0acbd5c2a05270bb00faae78a9958183c9f2003b8abf123bc101624e5f89c7d2,canonical
app/Domains/WorkCore/System/Modules/Premises/Entities/PropertyChecklist.php,7aeebc20e66ea3ee724170c310a63575dd9a4da4dc70d0d0bab926cfd7dbe986,canonical
app/Domains/WorkCore/System/Modules/Premises/Entities/PropertyDocument.php,23cc231c5da7c4c3e0966824b35226d19549173875f31eb0ce7b52693d2bb2ea,canonical
app/Domains/WorkCore/System/Modules/Premises/Entities/PropertyHazard.php,264ab5883ff40ea75af03a9ae071c2cb45b509db0553a9c9d2641c9c5ce3f5d4,canonical
app/Domains/WorkCore/System/Modules/Premises/Entities/PropertyInspection.php,7e59218fbb6f4201f843074483387789b48a114c413af3dc58afbc0b6ebafc13,canonical
app/Domains/WorkCore/System/Modules/Premises/Entities/PropertyKey.php,4925e4872dcad8124cdb4b0005ab380c1cd168652a2e6c2f6f275f5ecfe2240f,canonical
app/Domains/WorkCore/System/Modules/Premises/Entities/PropertyMeterReading.php,2f5bfb7761bced0d3e8dbb97e1d757382eebd6debdd31a2bf0a2c4e4f30bdc2e,canonical
app/Domains/WorkCore/System/Modules/Premises/Entities/PropertyPhoto.php,dd146a987c7ce9ff70c57fe32dc72f80917754097ce965bd892f08f9f8c0de5b,canonical
app/Domains/WorkCore/System/Modules/Premises/Entities/PropertyRoom.php,51d2df80b0ed0ff2674837858d3f0df02129471af5eb25179e72ac4d11ac969f,canonical
app/Domains/WorkCore/System/Modules/Premises/Entities/PropertyServicePlan.php,c75bf015a02524255c0e69724e19ae625c99f59f769b37081eef246c02c42928,canonical
app/Domains/WorkCore/System/Modules/Premises/Entities/PropertyServiceWindow.php,f3ff99b24a4d6fceeb75de7b2394e9090d490829ad2f404109344148bc43c115,canonical
app/Domains/WorkCore/System/Modules/Premises/Entities/PropertyTag.php,2b8a63e58deeb1d2fd1e4bd2f4dc2534e494a47da0f2d064ac8a9010c2ebd7ba,canonical
app/Domains/WorkCore/System/Modules/Premises/Entities/PropertyUnit.php,bb897bbcbc98967c844e7dd8b3e8c54c4ec29a83968194d537d50531be3a62b6,canonical
app/Domains/WorkCore/System/Modules/Premises/Entities/PropertyVisit.php,747921012fea1e47b79a26d9e6130cd75e4142712c857d81ffc5d9dcc4a07331,canonical
app/Domains/WorkCore/System/Modules/Premises/Entities/Traits/BelongsToCompany.php,4e3d1244701074f4652fbdad2a74925bf91910fcc6b02e82cd04b9185411139b,canonical
app/Domains/WorkCore/System/Modules/Premises/Events/PremiseAccessCardRequestChanged.php,6298ab614cef2fdcfceff350aab967000b140ac7e4ebcfcf2390d2eceeeeea10,canonical
app/Domains/WorkCore/System/Modules/Premises/Events/PremiseAccessItemChanged.php,58de9c4022319ed871f3e7dfb2b269e04c0abeb469835bc0501014f61c460e4c,canonical
app/Domains/WorkCore/System/Modules/Premises/Events/PremiseAgreementCreated.php,7e598181110bb798595314c27b28c7a92bd85ec8367ac42ccdfaabe49138f130,canonical
app/Domains/WorkCore/System/Modules/Premises/Events/PremiseAgreementFinanceLinked.php,f3c36d12c2e6499f1a0848fffa9b08e9b60da284a2c3dbedab84935bd63df32c,canonical
app/Domains/WorkCore/System/Modules/Premises/Events/PremiseAgreementRenewed.php,00f0480ecc65fccdebca746b92dd56ffe014ff9a826280422ff8a529d454a7cd,canonical
app/Domains/WorkCore/System/Modules/Premises/Events/PremiseAgreementStatusChanged.php,f49f9f249dfbac2a3d1aa850ca6b07654731c851126f2acad55a89dd58191d70,canonical
app/Domains/WorkCore/System/Modules/Premises/Events/PremiseApplicationConverted.php,b54623b473b5e41e8e07893816dbfa26e7e9f14ac70d082d58b1be0aac3d466f,canonical
app/Domains/WorkCore/System/Modules/Premises/Events/PremiseApplicationStatusChanged.php,706dea76d2571a7cb612681596322088e9a4e5e17b2ce1cb326e7fde233b92c5,canonical
app/Domains/WorkCore/System/Modules/Premises/Events/PremiseApplicationSubmitted.php,5fea9b47508816932c6c1869237614917fffbb84d4762996823a18a808c45ed6,canonical
app/Domains/WorkCore/System/Modules/Premises/Events/PremiseApprovalStatusChanged.php,3e20c979e3971a9f469c1a1892d28d37ebf96b74d4ea88d70a5cc997af3438f4,canonical
app/Domains/WorkCore/System/Modules/Premises/Events/PremiseComplianceEvidenceChanged.php,fe7fb3859fdf418f7b373d683bf8b03f35a23d0a6a39f91acbe7a572839cb3a2,canonical
app/Domains/WorkCore/System/Modules/Premises/Events/PremiseComplianceOccurrenceCompleted.php,be0584f03c65b266daf82f245ddc171519f1017d84f323586d5884d97a47853b,canonical
app/Domains/WorkCore/System/Modules/Premises/Events/PremiseComplianceOccurrenceWaived.php,10828b24c0a7b616f851be1ad90758eed590fe67e9220eb8c8bcb6d89e1af700,canonical
app/Domains/WorkCore/System/Modules/Premises/Events/PremiseComplianceRequirementCreated.php,7835d81c0b25ac3418d91f805dcd7ab1e22d4759ce6103ec88fc120c644df699,canonical
app/Domains/WorkCore/System/Modules/Premises/Events/PremiseComplianceRulePackApplied.php,0f015c0910cb64e2fee86732dbf2c2ebad0c89258f5567c84ff4fc3f84e392f5,canonical
app/Domains/WorkCore/System/Modules/Premises/Events/PremiseConditionCreated.php,4b6c6d1ab96fff17584829845b4537e31235ed40a6473403fd12c9269fc28d5e,canonical
app/Domains/WorkCore/System/Modules/Premises/Events/PremiseConditionStatusChanged.php,a3a7befb21b992455de9e7d2864b3b9e50624ed522c67b6dc0343b66ac963022,canonical
app/Domains/WorkCore/System/Modules/Premises/Events/PremiseIncidentCreated.php,b7341f71fbb3ead1fd960ebcf6da4371b791f921259cdc7224df5ecccc7d5ecf,canonical
app/Domains/WorkCore/System/Modules/Premises/Events/PremiseIncidentStatusChanged.php,0c2d0ad84f9e48e1e4536ee69255539619db03dcbb8500452c647572c3bb8f83,canonical
app/Domains/WorkCore/System/Modules/Premises/Events/PremiseIncidentWorkLinked.php,640337d18d7e3c72a574b0004e7f9df6bd2bfb15692e4c327a5d4275118b8a3c,canonical
app/Domains/WorkCore/System/Modules/Premises/Events/PremiseManagementAuthorityStatusChanged.php,d63296de8860a27d180fded6ae8b2d6ff9df156a16d59f363e4f2baed19fb631,canonical
app/Domains/WorkCore/System/Modules/Premises/Events/PremiseMessageCreated.php,dfd8991c136ae8640fc6c1d4eee881fa30684119009f7a4512bdb6ea4ed2958b,canonical
app/Domains/WorkCore/System/Modules/Premises/Events/PremiseNoticeStatusChanged.php,abc9cb04ccc88b2765a99742543ed411165bb8b07b760928cbac2059659093c4,canonical
app/Domains/WorkCore/System/Modules/Premises/Events/PremiseOccupancyCreated.php,4f3543b0cb1c79dffb5d69edefb5c9f1e9e250db0aa2818ae297076219b525ef,canonical
app/Domains/WorkCore/System/Modules/Premises/Events/PremiseOccupancyStatusChanged.php,f88863a979dfb67c583931096b9a6152b1308614f14ed2b9d097a149e23d3780,canonical
app/Domains/WorkCore/System/Modules/Premises/Events/PremiseOccupancyTransferred.php,233c9584ddc803b401536d55a4de0f17207f8ebd399fb4433272828d8a429c1b,canonical
app/Domains/WorkCore/System/Modules/Premises/Events/PremiseOwnershipChanged.php,73a629178afb2195156db74c91ebe9e4a478719c8481bed1ee5cef610b1ab1e6,canonical
app/Domains/WorkCore/System/Modules/Premises/Events/PremisePortalGrantIssued.php,6ac919f56fe98900f7354ce3592f7bff0cadd62f6f78434ad093d0bbbf224b5d,canonical
app/Domains/WorkCore/System/Modules/Premises/Events/PremisePortalGrantRevoked.php,19c5f0575eec0a31557cc2f41ec0bbab6fbed5d5fe665b1ab6630451d1abc5b0,canonical
app/Domains/WorkCore/System/Modules/Premises/Events/PremisePortfolioChanged.php,4729e67bf90301a540bfefece32980672b127755c8e05332dbbf66d917b9e5f7,canonical
app/Domains/WorkCore/System/Modules/Premises/Events/PremiseSelfServiceRequestCreated.php,3e779dffae985201475a38c6e1f287a0fc960458f11609102b1f0e0661c224c5,canonical
app/Domains/WorkCore/System/Modules/Premises/Events/PremiseSelfServiceRequestWorkLinked.php,acfafacd5bdac4925114acc8707db52f9b7a0dcbfb65456b343c411c02874a25,canonical
app/Domains/WorkCore/System/Modules/Premises/Events/PremiseVacancyApprovalRequested.php,75fe7dddc96931d60e3d9f5dbb380a6f4b0ad711fe6f8f85db3b26e0e579dab2,canonical
app/Domains/WorkCore/System/Modules/Premises/Events/PremiseVacancyPublicationRequested.php,528de26759f56da093d664dccc6233e7e3292e627438cd0e7e96ebb9603b1990,canonical
app/Domains/WorkCore/System/Modules/Premises/Events/PremiseWorkPermitStatusChanged.php,256e5df4b5fc71140defcfc99c6fc29a84e8ea6689cab562169b4da1746adb7b,canonical
app/Domains/WorkCore/System/Modules/Premises/Events/PremiseWorkflowCreated.php,784316e158a9ea08578d55ac34e62416f11d9e2e7558815fcafb5a9bb129c412,canonical
app/Domains/WorkCore/System/Modules/Premises/Events/PremiseWorkflowStageAdvanced.php,4619f8736828fadf4325a95de7340a017049107772b35814a54ef9cd0c1e4c05,canonical
app/Domains/WorkCore/System/Modules/Premises/Events/PremiseWorkflowStatusChanged.php,73a1475e5c39f8558b8c1ab06fb10d2c386046d78bf27b771806123a4213df46,canonical
app/Domains/WorkCore/System/Modules/Premises/Events/PropertyApprovalRequested.php,d093e87adc07b02179baf86e4e2f2572b309e23c1869b5152b193f3ce2f92785,canonical
app/Domains/WorkCore/System/Modules/Premises/Events/PropertyCreated.php,abaece6168fac2e95ad5b75d20d5bf09dee338b784d8ed9c18893bacbdeaa94f,canonical
app/Domains/WorkCore/System/Modules/Premises/Events/PropertyDocumentUploaded.php,77297f0b2d38ee74f8704eb030e1e38e07609b8000776a7d183d21271c421a3d,canonical
app/Domains/WorkCore/System/Modules/Premises/Events/PropertyInspectionCompleted.php,d8cc87741f0db30cc93146363b5b7cb0b187d13b5f0ef3bdc07197415768f921,canonical
app/Domains/WorkCore/System/Modules/Premises/Events/PropertyUpdated.php,0c53682a670ce95b9b27c081c83a06eaa3b1fb62864f13d99e9792be6108f9ba,canonical
app/Domains/WorkCore/System/Modules/Premises/Events/PropertyVisitCompleted.php,284aaf11fd48e55f95928f8e909e227d97503b2c8323f9201ecaaf9574db4004,canonical
app/Domains/WorkCore/System/Modules/Premises/Events/PropertyVisitCreated.php,3dc19dd71b3aa3644ee03e64e3e3f446a80803a1f7b64ae1d532e5c03d0e2025,canonical
app/Domains/WorkCore/System/Modules/Premises/Events/PropertyVisitScheduled.php,ff3dbf9f2244d170b614dd0346dfb840e22f54f5ab62ba32a9654f4b4f320630,canonical
app/Domains/WorkCore/System/Modules/Premises/Http/Controllers/Api/EnsuresManagedPremisesPermissions.php,7992dd6cffd08e256e4094209a15ce47670b6931d7e6321c7523142417f62fc3,canonical
app/Domains/WorkCore/System/Modules/Premises/Http/Controllers/Api/GenerativePanelController.php,23e5961b8f54a110c9c8ed7eb5720ea2e66ff2c66c1e442308094295dca7ab50,canonical
app/Domains/WorkCore/System/Modules/Premises/Http/Controllers/Api/MobileWorkflowController.php,be9508a62ed3cce61255f20c06bea60a462c77ded2ca18ce79987432b7c32860,canonical
app/Domains/WorkCore/System/Modules/Premises/Http/Controllers/Api/PropertyProfileController.php,7a3daa824568ef2b64d277f1bf69a5d542548769342793199bd597ccc428e52a,canonical
app/Domains/WorkCore/System/Modules/Premises/Http/Controllers/Concerns/EnsuresManagedPremisesPermissions.php,ba0d0ff95b988fee7d069bc7d30a9cc48e97cbc2db21746b3bdf44041f6fdf95,canonical
app/Domains/WorkCore/System/Modules/Premises/Http/Controllers/PremisesController.php,3233463ca6d95938461260fdb67291fc38aa1d52d40141ef5f46bfb9bc0c2649,canonical
app/Domains/WorkCore/System/Modules/Premises/Http/Controllers/PropertyApprovalsController.php,3101ad86bfb56d1ec5fb1e6a7da22035fa1379982b7ab94a9c75e9f98024633b,canonical
app/Domains/WorkCore/System/Modules/Premises/Http/Controllers/PropertyServicePlansController.php,19a2b7ac01e7d9b9ae4a1d0ac757f04c2bba898f86abc1eb016cf8d854178b3a,canonical
app/Domains/WorkCore/System/Modules/Premises/Http/Controllers/PropertyVisitsController.php,9b9b5a9770ed84d10d3665b732e93f832e362040c62de1dc1e1f2ea0c5a6a3fc,canonical
app/Domains/WorkCore/System/Modules/Premises/Http/Middleware/EnsureCompanyContext.php,67084eb5f33a105e30800c536a1b3238d0d3bce222e9b959992acf332111fab9,canonical
app/Domains/WorkCore/System/Modules/Premises/Http/Middleware/EnsureCompanyScope.php,bbf1f73cd2f1bf4b5f70cff36b1d047e1da874338589236d28e471314223534a,canonical
app/Domains/WorkCore/System/Modules/Premises/Http/Requests/ApprovePremisesRequest.php,0ff0668df7fa7f1cc273da79e4612c35ee3869d1e21a5d2c413c911a07a58d3f,canonical
app/Domains/WorkCore/System/Modules/Premises/Http/Requests/ArchivePremisesRequest.php,f3cfb1e70be32a2242fd5e7e0195dcde2f4777e764e6fa9ef89a83f549f9bb52,canonical
app/Domains/WorkCore/System/Modules/Premises/Http/Requests/CalendarFeedRequest.php,9bdc347cb4d35bcbcc8ad17b62f03d5abb6b6a99ff3cdb4e31ca7e6321f9cfd3,canonical
app/Domains/WorkCore/System/Modules/Premises/Http/Requests/LinkPremisesContactRequest.php,c9f6cf97a4c85aae0a2b5976f338d80904825fc7b68072658b415e3b7bbad6f7,canonical
app/Domains/WorkCore/System/Modules/Premises/Http/Requests/LinkPremisesDocumentRequest.php,f1e11bce32278d76726815830a0be021bc4b35b09fb6acd29f91fa62873299d0,canonical
app/Domains/WorkCore/System/Modules/Premises/Http/Requests/ResolvePremisesHazardRequest.php,8de15741aec1770a49e386818619cf3ef251a51a9c413f0d4a44e2b797a5d931,canonical
app/Domains/WorkCore/System/Modules/Premises/Http/Requests/StorePremisesAccessPointRequest.php,c5020010ad71bbadbe5e1f9a54f4f36e66e1f8b6b2d7de8dfbe3c3e416815e60,canonical
app/Domains/WorkCore/System/Modules/Premises/Http/Requests/StorePremisesHazardRequest.php,4fa637efa5242c379d45ad49533fed2145fcdab79df7ebc28ca5038bb92b2ec1,canonical
app/Domains/WorkCore/System/Modules/Premises/Http/Requests/StorePremisesIdentifierRequest.php,a609e8b703ac5ea6b541cdd6f486bfeb75649c425348390677f7ed0181836eca,canonical
app/Domains/WorkCore/System/Modules/Premises/Http/Requests/StorePremisesMeterReadingRequest.php,01bb4c894b772c11ef4864aff1bfbe4e9fc0a61b5deb9cb633995c3e3cb578f0,canonical
app/Domains/WorkCore/System/Modules/Premises/Http/Requests/StorePremisesRequest.php,22fee2c155f2d38963de0b6ba2b5a8db97bb581c711b8be20ea7767f6fa85898,canonical
app/Domains/WorkCore/System/Modules/Premises/Http/Requests/StorePremisesServicePlanRequest.php,fcd88aa158bd0f98f5554f5234ae56d9d98e28b4ad1bbe48ed5255945a64f0a1,canonical
app/Domains/WorkCore/System/Modules/Premises/Http/Requests/StorePremisesServiceWindowRequest.php,59964ad399f1acede3c14cf083878ee0239414367f0db062a98970093de00d8f,canonical
app/Domains/WorkCore/System/Modules/Premises/Http/Requests/StorePremisesSpaceRequest.php,c52ad41e9a71202a587c70d20346d1947b1f7a38605ac29ef6b69ecad6c2a8bc,canonical
app/Domains/WorkCore/System/Modules/Premises/Http/Requests/StorePropertyAssetRequest.php,4bbebaf9dcd7c85b50b3375ffc9fd64b82218de5cb7d3e6fc330d4947f059402,canonical
app/Domains/WorkCore/System/Modules/Premises/Http/Requests/StorePropertyChecklistRequest.php,989e22fa57ce2d582f9de46ca11b552752f71dab9bec59c993f92a0b3b51df99,canonical
app/Domains/WorkCore/System/Modules/Premises/Http/Requests/StorePropertyHazardRequest.php,3885a3bb8604c25c9bfa6e977e50f4262b1760ee99938a3f15864c339bf731fc,canonical
app/Domains/WorkCore/System/Modules/Premises/Http/Requests/StorePropertyInspectionRequest.php,2ab4c6a7a1a8b2f7da9cca8811edba0c3cd3aac8683c42fde275773c9d289bdb,canonical
app/Domains/WorkCore/System/Modules/Premises/Http/Requests/StorePropertyKeyRequest.php,b730d2d1d4c42432a8a209d4ac35dd9cf113a2a28e8eec98bc0cfb1d00d2479b,canonical
app/Domains/WorkCore/System/Modules/Premises/Http/Requests/StorePropertyMeterReadingRequest.php,33cb5c6a5d4e733584520487f4fd7fc8069c25a8a90f63d58b21227d27fedfff,canonical
app/Domains/WorkCore/System/Modules/Premises/Http/Requests/StorePropertyPhotoRequest.php,36b60b53c653a3b1caffbec9f91d78917a1f2de4301cb4a48872352d3a823b2c,canonical
app/Domains/WorkCore/System/Modules/Premises/Http/Requests/StorePropertyRequest.php,97d6a8f06412287ff1a81c07b323cf31a2179a2269d6da3a8c6043fbf0a4beb9,canonical
app/Domains/WorkCore/System/Modules/Premises/Http/Requests/StorePropertyRoomRequest.php,f0a7ea7d070174d1257d26073d93c12d879b64a8ef8fd387d90be7c21b972d8f,canonical
app/Domains/WorkCore/System/Modules/Premises/Http/Requests/StorePropertyServicePlanRequest.php,71b200bf9c4ef530b3d3fc76642f24af5f48af05937e7959c18d69b32eceb70f,canonical
app/Domains/WorkCore/System/Modules/Premises/Http/Requests/StorePropertyServiceWindowRequest.php,98fc487b67f361dc22ce780a31acb5a719a60033fbf9cb0fe644e7ca7020d45f,canonical
app/Domains/WorkCore/System/Modules/Premises/Http/Requests/StorePropertySettingsRequest.php,5bc1bb6403c29f756198e9029c9b03387f09ee8ead635da15c7ddf5945c01736,canonical
app/Domains/WorkCore/System/Modules/Premises/Http/Requests/StorePropertyTagRequest.php,67e89a0e61a0d1158b7edc5b1e4b08af7a51e4166144ee3296b48ff70a4d0a0f,canonical
app/Domains/WorkCore/System/Modules/Premises/Http/Requests/StorePropertyUnitRequest.php,d3f8dd99a24e03d6a081dd0b1df18c84a537b6c1a97d219a4275ebfbcddceb68,canonical
app/Domains/WorkCore/System/Modules/Premises/Http/Requests/StorePropertyVisitRequest.php,8d927ef8684ae5c801dada9407cc88368172597b159637ddc9ad07cffe57cffb,canonical
app/Domains/WorkCore/System/Modules/Premises/Http/Requests/UpdatePropertyInspectionRequest.php,9f798dd48753bb7a569e93369e0e0b16837689071b9ad4c936bd0a1517c7ed8d,canonical
app/Domains/WorkCore/System/Modules/Premises/Http/Requests/UpdatePropertyRequest.php,1297d6bef0686d991785af9afb6693fb5a9bd15244c1ab3bd808cabcf2b3130f,canonical
app/Domains/WorkCore/System/Modules/Premises/Http/Requests/UpdatePropertyServicePlanRequest.php,fe3a8ba233361360ecd1717c6d1cf07d44718ef57a0743128268c07e8bb2aa62,canonical
app/Domains/WorkCore/System/Modules/Premises/Http/Requests/UpdatePropertyVisitRequest.php,92ba01f206ecfcd9d80ee210a6e3b750013138ed44c1c3ba7e910f48b12df4d7,canonical
app/Domains/WorkCore/System/Modules/Premises/Http/Resources/CalendarItemResource.php,877d4bc6abffd45ed048dc9b78c1dda2159c423901cd946d3035be01e6f68c37,canonical
app/Domains/WorkCore/System/Modules/Premises/Integrations/Core/HrAdapterInterface.php,7dd075a58957832d56fdad8436e7388a85c79a9b3f1743255839be0623c3b8a9,canonical
app/Domains/WorkCore/System/Modules/Premises/Integrations/Core/NullHrAdapter.php,33e274ee5e1b5b7ebe488390164ad9b0c3fbc90837099f43657fa1d79cf0d8a7,canonical
app/Domains/WorkCore/System/Modules/Premises/Integrations/Core/NullTaskAdapter.php,c9cf4e518edf44816549b443377f947154f95bf1a88222736f18135e75a87202,canonical
app/Domains/WorkCore/System/Modules/Premises/Integrations/Core/README.md,18e265c0aaec0472b060a354f396225036d48b87e150a8fd456b96246de63972,canonical
app/Domains/WorkCore/System/Modules/Premises/Integrations/Core/TaskAdapterInterface.php,9e8a2d9bfae16bb5b1f22cce0c9635826aa11dfe7240e1c4eb2075f41a51e9ad,canonical
app/Domains/WorkCore/System/Modules/Premises/Listeners/LogPropertyEvent.php,5fa9320aed7ee58acaa6f936370dd3068fb791c8c26d2f1d22970ba74bf385ed,canonical
app/Domains/WorkCore/System/Modules/Premises/Listeners/LogPropertyLifecycle.php,867ef18628223ea057aa6e85f9b5d7faa9c4ea3977c247108a5a222ed2a60524,canonical
app/Domains/WorkCore/System/Modules/Premises/Listeners/NotifyPropertyContacts.php,8a284c1c6829e2543f78a534819c737a0d0bc1997df199c390c0aff88bce5b8a,canonical
app/Domains/WorkCore/System/Modules/Premises/Listeners/SyncCoreTaskOnInspectionCompleted.php,3c956efd1c31980fadd50f8fcfc08af1d2c012463a53981f0aa127fa1e537569,canonical
app/Domains/WorkCore/System/Modules/Premises/Listeners/SyncCoreTaskOnVisitScheduled.php,caeff64a043974fee9335cce6efadc052b5edbddefcc23c1b3476c733be389a8,canonical
app/Domains/WorkCore/System/Modules/Premises/Listeners/SyncPropertyToWorkOrders.php,ffaedc3a26977d213dd4355e059199f2bd067c2a865f2a01428547fd566061a5,canonical
app/Domains/WorkCore/System/Modules/Premises/Policies/Concerns/ChecksPmPermissions.php,0f193f37665e1c7a5807447e9763ca3188fba59192eaa5e9255d49b10571813f,canonical
app/Domains/WorkCore/System/Modules/Premises/Policies/PropertyInspectionPolicy.php,2a0bd11418cf98a2e7eca5cf253b31a23de1a6f5c43d247d196600e194698575,canonical
app/Domains/WorkCore/System/Modules/Premises/Policies/PropertyMeterReadingPolicy.php,53ce1f9b6a262b3383622d6793225ef5905dd04fa11846ca30ee66e4abcd8425,canonical
app/Domains/WorkCore/System/Modules/Premises/Policies/PropertyPolicy.php,a02e95c5fb6554ab92c15ef60fe946c28aade9c48d4381ab1f40d550f2fdf20a,canonical
app/Domains/WorkCore/System/Modules/Premises/Policies/PropertyServicePlanPolicy.php,d4fbbbd94b49b45fba737d87a1f50da31a9134ced9c946b542d30284c0b9605c,canonical
app/Domains/WorkCore/System/Modules/Premises/Policies/PropertyVisitPolicy.php,5bbd47d5d05862f3a12fb49881dc5481f55069f99ac7773980dd9d3494b619cc,canonical
app/Domains/WorkCore/System/Modules/Premises/Providers/AuthServiceProvider.php,b9474989cfc39da2bade2bab6b6dec9808ec2aaf26e27e0cf939585663b978e1,canonical
app/Domains/WorkCore/System/Modules/Premises/Providers/EventServiceProvider.php,ca5662e318e0988f719a39d002d256490a91005f41e4d7840193d8cbc982684c,canonical
app/Domains/WorkCore/System/Modules/Premises/Providers/WorkPremisesServiceProvider.php,87569e19a4c6a6fb5c8d25ffb62fa3aed8a0d649962325b277463f8cd2878134,canonical
app/Domains/WorkCore/System/Modules/Premises/README.md,db010f5c6f0741efd97a086d2322e6da174e8fedf8aa2bca4b8afa836a3c19ce,canonical
app/Domains/WorkCore/System/Modules/Premises/Repositories/EloquentPremisesRepository.php,bb5fb13318d9c67f7bec3334c576c2f0ba159a03ca69b09c69af51ecf809485d,canonical
app/Domains/WorkCore/System/Modules/Premises/Resources/lang/en/app.php,d8e6b9a37daf8fcc3e4c9e2c659af7eb6be2651fa4fd59b1802ac71482a8aaf1,canonical
app/Domains/WorkCore/System/Modules/Premises/Resources/views/applications/index.blade.php,aed0835579efe0d9f235c31ecbfb79d1808ba9c64f835f0c74d90a691a0ac7ca,canonical
app/Domains/WorkCore/System/Modules/Premises/Resources/views/applications/portal.blade.php,ae9d8cd5d80b39486d9e0a08f74bf179e54c8f19412985704de542f17918392d,canonical
app/Domains/WorkCore/System/Modules/Premises/Resources/views/approvals/create.blade.php,af6c82d78a8f605662cd65d08deb880fe2110d4848c89fbfe4c0d2502a501db7,canonical
app/Domains/WorkCore/System/Modules/Premises/Resources/views/approvals/index.blade.php,cfd496dcf6034bde9625b22049ef59e490df96fdc2f75a66f1b01d5c9d9760aa,canonical
app/Domains/WorkCore/System/Modules/Premises/Resources/views/approvals/requests.blade.php,9a3c9beafe86fc03e7feea3451d29475bfe7797a9e12428a4a2ef5fadd9c8e53,canonical
app/Domains/WorkCore/System/Modules/Premises/Resources/views/calendar/index.blade.php,1db59453f61aecd85be5dc8cb21db7aed56166047a4b74eee2e1ba30b82e182e,canonical
app/Domains/WorkCore/System/Modules/Premises/Resources/views/communications/index.blade.php,4471ed19a596187aff8dcf17dc0985392c2363a2ad0d544f0bc90e63a7443481,canonical
app/Domains/WorkCore/System/Modules/Premises/Resources/views/compliance/rule-packs.blade.php,5309dc0fae3b57e13e4ede434d5dbb44fa3a8ebcefefbefaa4bcd66a59e3f202,canonical
app/Domains/WorkCore/System/Modules/Premises/Resources/views/documents/create.blade.php,351369fa75431ccadd72882d4b2e3b52bb73a642650694efda97b12115cb4ba7,canonical
app/Domains/WorkCore/System/Modules/Premises/Resources/views/documents/index.blade.php,b079a7fee64fed390e377b6b302e2a292428a3162c20c4e02403e0d1e01b743b,canonical
app/Domains/WorkCore/System/Modules/Premises/Resources/views/global/checklists.blade.php,19f5722cac407d146d2d8bdbcde9d18faafb41c855d6d23913fc195f48624404,canonical
app/Domains/WorkCore/System/Modules/Premises/Resources/views/global/documents.blade.php,4fb19eaa583c68f266ed14f1fe370256ff5a8cacae7ae23886679400755ba245,canonical
app/Domains/WorkCore/System/Modules/Premises/Resources/views/global/hazards.blade.php,98deb2599e57900d8b87ebce884d336a4ed9be1a45f089fd8e252d7820b784de,canonical
app/Domains/WorkCore/System/Modules/Premises/Resources/views/global/keys.blade.php,42cb397fb9edc6f3b6d99ffee473e7362892e30a060ddd733d9b516a5be73b5e,canonical
app/Domains/WorkCore/System/Modules/Premises/Resources/views/global/photos.blade.php,3369aacd4cc2c183e46c8c8996104479628a1ad564407195bf7c51585632231f,canonical
app/Domains/WorkCore/System/Modules/Premises/Resources/views/global/rooms.blade.php,8ed0e6ac764b23445d2b0e4079beaa056cc258d8555031367dbd9633d82b01fb,canonical
app/Domains/WorkCore/System/Modules/Premises/Resources/views/inspections/create.blade.php,d3a70c37896c9726c52ae2766f2b041aa028c279fa955e67536fbc92aa9b3c02,canonical
app/Domains/WorkCore/System/Modules/Premises/Resources/views/inspections/edit.blade.php,95bef5563efa7a553852ccaedcfaeee008910001a7b58a74ef8753762062a0e9,canonical
app/Domains/WorkCore/System/Modules/Premises/Resources/views/inspections/form.blade.php,27dfe67cefeccafc282e71de93da728ebad988bc52b9d532694e5d2149276bc9,canonical
app/Domains/WorkCore/System/Modules/Premises/Resources/views/inspections/index.blade.php,f8767cc212c5c26c38028117c6979b24e40b9af9834ce908e354ed59c1d26edc,canonical
app/Domains/WorkCore/System/Modules/Premises/Resources/views/mobile/workflows.blade.php,8119898152c6d94b4491ae2dd993f5f370187b6ef9a44c5f33c92d39c0dd60e8,canonical
app/Domains/WorkCore/System/Modules/Premises/Resources/views/ownership/authorities.blade.php,c260b116ebe5b31366224bece295851a8811e2ed67597f27dfd820cb57296593,canonical
app/Domains/WorkCore/System/Modules/Premises/Resources/views/ownership/index.blade.php,ab5cb4b5c6c5031a5b8974d7d114a78cc10b9c4693cd359b6fab05c10879d448,canonical
app/Domains/WorkCore/System/Modules/Premises/Resources/views/partials/empty-state.blade.php,ea04aaea6c8ce0f563a2906c9c6a9ce50cd7dd3c878831cddf7409f07d2d64f8,canonical
app/Domains/WorkCore/System/Modules/Premises/Resources/views/partials/empty_state.blade.php,35c06d1cec4cfe67effbd61204f8caccd2b33049733fa48efce366ddb717ae25,canonical
app/Domains/WorkCore/System/Modules/Premises/Resources/views/partials/property-tabs.blade.php,3d9650dbd212e467be64a9a3c79f6e56da858e151abafc39320e83b9d7847232,canonical
app/Domains/WorkCore/System/Modules/Premises/Resources/views/partials/property_tabs.blade.php,207e6999117bc1e90c7db5e04e734aabe286cf675140c9243d0573882662402d,canonical
app/Domains/WorkCore/System/Modules/Premises/Resources/views/portal/index.blade.php,96a2d34ada73337c3d62fac98a9fd0c1110e203867303fc895c8077ddc573e73,canonical
app/Domains/WorkCore/System/Modules/Premises/Resources/views/portal/show.blade.php,73179357355ad30bb1034efcc14871af679bca88fad959755b51785f92d9d505,canonical
app/Domains/WorkCore/System/Modules/Premises/Resources/views/portfolios/index.blade.php,96f41df97e78d2bc3e9abe5dcdaf36e2f9caf9164e05fc9d0b4c0e80a4280d10,canonical
app/Domains/WorkCore/System/Modules/Premises/Resources/views/properties/access-card-requests.blade.php,563673986be23e03445f5a06bc3dd4f37df782e0c87cf9623f2af6871ce2a8e1,canonical
app/Domains/WorkCore/System/Modules/Premises/Resources/views/properties/access-register.blade.php,8825117f3613b0edb1e1317e65421b5d395304ae83d90b5a1793b1b288368cfc,canonical
app/Domains/WorkCore/System/Modules/Premises/Resources/views/properties/agreements.blade.php,c22a6c788f5ec7d803c4bee2e1c736adcf7f3cf648d7b97a5a5e3fe81f2e27e8,canonical
app/Domains/WorkCore/System/Modules/Premises/Resources/views/properties/ajax/form.blade.php,90afc42a31e76f8aa33ca42b72638ec1b5248b265762004b49ce7e710424342c,canonical
app/Domains/WorkCore/System/Modules/Premises/Resources/views/properties/ajax/show.blade.php,1da86503f6f570a519de64cce20b0697120cdaec979340a22767822e569a958c,canonical
app/Domains/WorkCore/System/Modules/Premises/Resources/views/properties/assets.blade.php,d58cbe6fe0c3ccccd8029641efe51b78a0420c36fb967eaa5f1c7a8504c6dcb0,canonical
app/Domains/WorkCore/System/Modules/Premises/Resources/views/properties/checklists.blade.php,6c0948672ce1ca5e8c5863f1ef3443c4652f85e1a8ea52fdc516dc5a84fcb177,canonical
app/Domains/WorkCore/System/Modules/Premises/Resources/views/properties/compliance.blade.php,b6a8d0e2320d2a0c01cf11fa30505026127ce697d0deef94054f2c956ff83130,canonical
app/Domains/WorkCore/System/Modules/Premises/Resources/views/properties/condition-records.blade.php,ecf8093190d5b7898c6cf6452404523d3d0e1576febec909d683fe6d8b22ffc1,canonical
app/Domains/WorkCore/System/Modules/Premises/Resources/views/properties/contacts.blade.php,a15bb19818c2164bc946a22ab050ac8bfd871abd291c30a0ade647c299c0cfc6,canonical
app/Domains/WorkCore/System/Modules/Premises/Resources/views/properties/create.blade.php,fb6a0ff49639bf824b9f68c276972cadf5e4ce9d8398d4fae2d2f2ee43f82a89,canonical
app/Domains/WorkCore/System/Modules/Premises/Resources/views/properties/edit.blade.php,a4bc609841b8fa9faacd8351ff68ddc93ea094fa8202118ff113ab03243ae74b,canonical
app/Domains/WorkCore/System/Modules/Premises/Resources/views/properties/hazards.blade.php,7dfd2eec28ad262ea887523b211e4a4b93d8d40de0c6391ff9c18f724029d1f9,canonical
app/Domains/WorkCore/System/Modules/Premises/Resources/views/properties/incidents.blade.php,1e150b08d4f1062b45c3731f635c5128f4234fd1c0b2ec27748818d55f31bb7a,canonical
app/Domains/WorkCore/System/Modules/Premises/Resources/views/properties/index.blade.php,f1e4af5f5b0affa7c6097e3cd9276a51427ad75756c6d5423672b34d4553bddb,canonical
app/Domains/WorkCore/System/Modules/Premises/Resources/views/properties/jobs.blade.php,39a5bd78d71c8883b8a42666c130710dc0276fa5688e0f667f928c17f98acace,canonical
app/Domains/WorkCore/System/Modules/Premises/Resources/views/properties/keys.blade.php,3b61209a93ab7241f5f110356991d5b879c85dcbc7945cf10f05b84a1c79ebde,canonical
app/Domains/WorkCore/System/Modules/Premises/Resources/views/properties/meters.blade.php,6efc9769a7f04d92de44fbb0a0a6688b149d22d608639b72e6c0f41bedb66e37,canonical
app/Domains/WorkCore/System/Modules/Premises/Resources/views/properties/occupancies.blade.php,659cd8fc694d24c726c7c190d5b46f77653e1056a8a670b64a21ad82a0ab3c85,canonical
app/Domains/WorkCore/System/Modules/Premises/Resources/views/properties/operations.blade.php,2bb880a5686f9fafda980f5ac6b90b499d87ab988c236dc6b00efce762107e06,canonical
app/Domains/WorkCore/System/Modules/Premises/Resources/views/properties/overview.blade.php,9e09c71213fb1525be10f7e52f2fd5ba63d03ae983963cbf512a6992505714c3,canonical
app/Domains/WorkCore/System/Modules/Premises/Resources/views/properties/parties.blade.php,d4e41a87e79cacf3fe77ab0bffdaef7da83ce913facda88d1878e0fa1fd907a8,canonical
app/Domains/WorkCore/System/Modules/Premises/Resources/views/properties/photos.blade.php,bfd8cbf34d79c2a6b2eba97a312b95eed91309f74180524a63f346d68647bb07,canonical
app/Domains/WorkCore/System/Modules/Premises/Resources/views/properties/rooms.blade.php,59f0039455fc62210613116d376aae84092586419d75b6b8899cf9707f3cec6e,canonical
app/Domains/WorkCore/System/Modules/Premises/Resources/views/properties/service-windows.blade.php,34b4b4a78c9e39e78197110589df1703016a19b6b52d64f70fbf853b7a2dbebd,canonical
app/Domains/WorkCore/System/Modules/Premises/Resources/views/properties/show.blade.php,7f9b7aa6023948b90a68e6c7cc921534c7adcbc60812e16f4e2fbfd63bd8335a,canonical
app/Domains/WorkCore/System/Modules/Premises/Resources/views/properties/spaces.blade.php,009d7199cb2489f34edcc4b26c97595ca712c74ea1e89cd1634bfbe2274af6c4,canonical
app/Domains/WorkCore/System/Modules/Premises/Resources/views/properties/tags.blade.php,9ada4ad2046dfe128ceefc1f351321e662b5b468a8cdd95ec1f2c139e7b5d3eb,canonical
app/Domains/WorkCore/System/Modules/Premises/Resources/views/properties/units.blade.php,62d3112452856145715575db846dfeda452e526840168ac4bb760fbfacd168b5,canonical
app/Domains/WorkCore/System/Modules/Premises/Resources/views/properties/work-permits.blade.php,96428828ffd24b925d9160ae3a7ca7d110db20cf759898c0b2cc762359d70f9f,canonical
app/Domains/WorkCore/System/Modules/Premises/Resources/views/requests/index.blade.php,9ff881b6722543bfd3bd2468f8609c729bd8560e8738e48c4098f73a2483d63d,canonical
app/Domains/WorkCore/System/Modules/Premises/Resources/views/sections/sidebar.blade.php,924b89756fb0db864345f4f3872935ff84e7be57f9cc99d55a2f9980dd37dbc2,canonical
app/Domains/WorkCore/System/Modules/Premises/Resources/views/service_plans/create.blade.php,dd086dbc15796dafe4fb4732d89818dad567898c8f632c9d714d10c058e2a1de,canonical
app/Domains/WorkCore/System/Modules/Premises/Resources/views/service_plans/edit.blade.php,bb690ab0c5073908eeb9290aa5f93e5abeeafdfc0e09a22b17e3ca4d8fa55f1f,canonical
app/Domains/WorkCore/System/Modules/Premises/Resources/views/service_plans/form.blade.php,0b2a8d4e8c0b6be60037a0afb4060a28fd68e12b1da0b0bc3c6d6b67d1e17fb9,canonical
app/Domains/WorkCore/System/Modules/Premises/Resources/views/service_plans/index.blade.php,15af2b28aee3a32b37c1843fbdf9b2f038f641864d8914fba1147d350ccc1383,canonical
app/Domains/WorkCore/System/Modules/Premises/Resources/views/settings/index.blade.php,79d5d939f2fd4624edf69397552f6142ab051dcbd490006eb4ed9fc98b642dd1,canonical
app/Domains/WorkCore/System/Modules/Premises/Resources/views/vacancies/index.blade.php,9e8e701d44f9cdd5ac2fe83bec7d6b09cce32af13ba2de3648deee264c25cc55,canonical
app/Domains/WorkCore/System/Modules/Premises/Resources/views/vacancies/public-show.blade.php,a5e2ae33e3f082a850888c0fa42ec02f808996a98e17cfa045d2a7554dac5c82,canonical
app/Domains/WorkCore/System/Modules/Premises/Resources/views/vacancies/public.blade.php,66eb36d0b8234b18327caf0519e55ce4ee1cb9e7a52c1dd5d643d39cd6c2129d,canonical
app/Domains/WorkCore/System/Modules/Premises/Resources/views/visits/create.blade.php,b5c8dcdc0d00cb5625ff14bf0bc7f771e2d859687ec31ab59f832722d68bd142,canonical
app/Domains/WorkCore/System/Modules/Premises/Resources/views/visits/edit.blade.php,b5445a2a0a9d64b3874359286c8b05a407544d45e250049e81b80da0c4364692,canonical
app/Domains/WorkCore/System/Modules/Premises/Resources/views/visits/form.blade.php,da8eea073e280cf88261a66488c71f4c13def08db209a612989af8bc5612b78a,canonical
app/Domains/WorkCore/System/Modules/Premises/Resources/views/visits/index.blade.php,a6301e535bc52d3d1927e48994f3d2f50984ab4117d46f0a6ed3871128acbba6,canonical
app/Domains/WorkCore/System/Modules/Premises/Resources/views/widgets/next_visits.blade.php,07e2ecd1ee6eec9e08212b94424ff14deb3a58f66de8703374c46073fbab86f3,canonical
app/Domains/WorkCore/System/Modules/Premises/Resources/views/widgets/overdue_inspections.blade.php,340ae26eff51e700dbf40df89c4ebd8978445adde9cac1111e4166f5940d5a20,canonical
app/Domains/WorkCore/System/Modules/Premises/Resources/views/widgets/property-profile.blade.php,37cae1514e06befca78de1f99d66ce3d49a311cee0f4c4248e6e9e94f9c63a7c,canonical
app/Domains/WorkCore/System/Modules/Premises/Resources/views/widgets/property-stats.blade.php,4b1333319330df13b2e076ce242a71a0da7a91aafd7983413b04e7ab79def33e,canonical
app/Domains/WorkCore/System/Modules/Premises/Services/AssetService.php,5d98791c606b900131259f7672c0bd05b05fdcf6776b7b84a3a43efa300dc4a1,canonical
app/Domains/WorkCore/System/Modules/Premises/Services/ComplianceRulePackRegistry.php,541e81927ca65a7af70983ee93a09e0c6717d6dd2973d6373d7ff28ef9c71614,canonical
app/Domains/WorkCore/System/Modules/Premises/Services/GenerativePanelService.php,7dc6b87c3854798d1f09b2694a055d31b06efc245b2c01642e8506014102d4a5,canonical
app/Domains/WorkCore/System/Modules/Premises/Services/HazardService.php,cb3fa1b0106356ba0ea3e1d2492a649ef935df71b0fdbf4f078a228aefad7f4a,canonical
app/Domains/WorkCore/System/Modules/Premises/Services/LegacyAccessSynchronizer.php,f03ee4077519624379c4e7ad80b4354cc0c4b3dc52790c48dd954776b60093ab,canonical
app/Domains/WorkCore/System/Modules/Premises/Services/LegacyAgreementSynchronizer.php,8ad695370a7543327e6f94ef8fc082d40d56f2a1f6bbbe92a55c5f5a1fd542e0,canonical
app/Domains/WorkCore/System/Modules/Premises/Services/LegacyPartySynchronizer.php,b8532e21e4250fee529ef0b6a2d7a3301c651b1c77629a5dbc2220fac8f052b4,canonical
app/Domains/WorkCore/System/Modules/Premises/Services/LegacySpaceSynchronizer.php,cc1eba7faf34dec36a1c59e7396cb447cb730fc62d12de8b5725216ade80e0b5,canonical
app/Domains/WorkCore/System/Modules/Premises/Services/MeterInsightsService.php,8da8a9101c5a4d852398b2745ed9b2e372fdfbcd51a509c4efcafef0f251bf51,canonical
app/Domains/WorkCore/System/Modules/Premises/Services/MeterReadingService.php,71631ecd25f9e3724d0e4fbbb4b23fe8bb95ab62c6778287fc8226ecf74fd478,canonical
app/Domains/WorkCore/System/Modules/Premises/Services/PortalAccessService.php,80d2dfa07b6bfb79c5c8a9eb74221833ffbb409511a7276fdf53dc8dfbf95312,canonical
app/Domains/WorkCore/System/Modules/Premises/Services/PremiseAccessCardRequestService.php,c3abe8fa22a94ee6c9f251a839b14c58ebd28130bb978fca15291728b02b3101,canonical
app/Domains/WorkCore/System/Modules/Premises/Services/PremiseAccessService.php,6502e6078c803f1d21cb86338a64801d1423390f58bfa6bedfcfb6837fe3b9e9,canonical
app/Domains/WorkCore/System/Modules/Premises/Services/PremiseAgreementFinanceLinkService.php,3c615c55c6833539bc7dacd458922497946c117ac18a9ef6808d5aff2a5de6e8,canonical
app/Domains/WorkCore/System/Modules/Premises/Services/PremiseAgreementService.php,4396aa79ce23f2f4ce27c91b63d8cd4accd81f8dcf9df6d84c09b42e121971fc,canonical
app/Domains/WorkCore/System/Modules/Premises/Services/PremiseApplicationService.php,3c538a96f4ab941e4bada947d7623e3bb2fde16cdd5c3490e9938e64c2a29a57,canonical
app/Domains/WorkCore/System/Modules/Premises/Services/PremiseApprovalService.php,37cf6c7811096feee96ad47e579ba2ff353926b165ccf10fbb450a583a20368b,canonical
app/Domains/WorkCore/System/Modules/Premises/Services/PremiseCommunicationService.php,4a161428228d460be6e90a9c461bd74249b43f88ef526fa7a867e8d7d639776f,canonical
app/Domains/WorkCore/System/Modules/Premises/Services/PremiseComplianceRulePackService.php,8fb671111c1a600eafdf3418874e4e2ad23be38b654f3045a3941f87a3d7a58f,canonical
app/Domains/WorkCore/System/Modules/Premises/Services/PremiseComplianceService.php,de84de1821f213eb17ed3ff777d5332103585468a23c9482a33d6e751d231c24,canonical
app/Domains/WorkCore/System/Modules/Premises/Services/PremiseConditionService.php,b3442cd8855d63d59f8c0fd71a77cbbaba5fd67129aa1ed0983c58b1937d1352,canonical
app/Domains/WorkCore/System/Modules/Premises/Services/PremiseIncidentService.php,ad25e003afdecae3793fb2a744a9a58ec62ff87f8183083d4f522b2bb8ab0f9f,canonical
app/Domains/WorkCore/System/Modules/Premises/Services/PremiseManagementAuthorityService.php,57b296783798486882a7da2185b6cd65874b2d6c146ef612d57a93251cf8aefd,canonical
app/Domains/WorkCore/System/Modules/Premises/Services/PremiseNoticeService.php,f9dc8bf86fea1fcdea22beea1b98f85409582cd27a0ded04067d6e47d65f56a0,canonical
app/Domains/WorkCore/System/Modules/Premises/Services/PremiseOccupancyService.php,3f9951244234c3c1a9ecf5866f5fe3dd69f20e3c60f1996ea474e573aeb2df05,canonical
app/Domains/WorkCore/System/Modules/Premises/Services/PremiseOperatingDashboardService.php,aaad12a9540e9aef1b7dce8c1ed671733c939613c559d71f59ce6caa60dde96c,canonical
app/Domains/WorkCore/System/Modules/Premises/Services/PremiseOwnershipService.php,78ca4522fa6ff502a64574b1b069be235cdd6ad34f49260ee646e6515216788d,canonical
app/Domains/WorkCore/System/Modules/Premises/Services/PremisePortfolioDashboardService.php,b58beaf77c194e7be311ebba5558fcb52198391009e5c78a542a779b84f32a98,canonical
app/Domains/WorkCore/System/Modules/Premises/Services/PremisePortfolioService.php,0d4f3db0818718aff1ba7ee5a88a1c36fb42f2801d00d5a145fbbe14ff5bdba8,canonical
app/Domains/WorkCore/System/Modules/Premises/Services/PremiseSelfServiceRequestService.php,4b747f1510984e395d9fa586f609c38ba255102606c3587b616b1e4af0dacd1c,canonical
app/Domains/WorkCore/System/Modules/Premises/Services/PremiseWorkPermitService.php,44f00fefad8ebfd0cdc309ae70a0b464d0ee54e10a192871cc690d6861bb82ac,canonical
app/Domains/WorkCore/System/Modules/Premises/Services/PremiseWorkflowRegistry.php,c573d099d93e8eceb2c71a792c336bc617589c985a357c5154225baa1caa3aaa,canonical
app/Domains/WorkCore/System/Modules/Premises/Services/PremiseWorkflowService.php,ef2ca5dffb6090a0ec24b91fd312e0bbf7eee0ce69512b93fd1379c0df31991a,canonical
app/Domains/WorkCore/System/Modules/Premises/Services/PremisesProfileRegistry.php,28f7fb6c69cf661c11772dc88e3f6fb420ba715b55b4a59064fdf0e7cb795534,canonical
app/Domains/WorkCore/System/Modules/Premises/Services/PropertyProfileService.php,e5d253a7a200ee1ed83cece8106eabac50884330641326c760274809d0a3db3d,canonical
app/Domains/WorkCore/System/Modules/Premises/Services/VacancyListingService.php,0febe33b3d8ae156735cf71612217fd839a3f6432bf1919f5bc3d3ebeef7f0cf,canonical
app/Domains/WorkCore/System/Modules/Premises/Services/VisitGenerationService.php,08998ec12299caf8e72d650572841d53c9e322a428915ef46648c0ca14f91de0,canonical
app/Domains/WorkCore/System/Modules/Premises/Support/Enums/ContactRoles.php,2e0ae3621e29ce0c5025d09cf5909e37a0011110e4428749e06624c944ae064e,canonical
app/Domains/WorkCore/System/Modules/Premises/Support/Enums/RiskLevels.php,466af4bffdc67a1b0d9c7e631f25e73ad1e6281092f70464aef4a64f22514cb5,canonical
app/Domains/WorkCore/System/Modules/Premises/Support/Enums/RoomTypes.php,e10d59b77f7f1191ae824847ffa1d2c540a5eb9bae6a25112f9ce4fb8e45d0c9,canonical
app/Domains/WorkCore/System/Modules/Premises/Support/Exports/PropertyCsvExporter.php,cd0b7ba83d2e36df0d4222215ba127c57197ee7e8bb5d02a7f679335e3d1eb81,canonical
app/Domains/WorkCore/System/Modules/Premises/Support/IntegrationPoints.php,2260dff3414a3828bd6a170953db9375deaeb5f2f94c1bfb7498de2ca5bbafb9,canonical
app/Domains/WorkCore/System/Modules/Premises/Support/Permissions.php,c126f6398748efedeb3348dda8d970eb04d4f76ce628f0fdfa9d5f50e069e6bf,canonical
app/Domains/WorkCore/System/Modules/Premises/Support/PropertyCalendarService.php,d2c4c0bd7ff3dacb843dad91d61089bd2f97c1f5ea3624a48196c78606408725,canonical
app/Domains/WorkCore/System/Modules/Premises/Support/PropertyContextBuilder.php,a223429fc16b321de8546fce86e27cbcc4297b8f685e4af3945511c6bdd91c88,canonical
app/Domains/WorkCore/System/Modules/Premises/Support/PropertyLinkService.php,35b1a1eb34605b8f0881da890ebe145ea6e8601fdc91ca4ac92c6a7c4da013d6,canonical
app/Domains/WorkCore/System/Modules/Premises/Support/RecurrenceService.php,9a3e5538ef57321696c173b1e6ddb9baa186c3fcd317a6537a9b612ead155571,canonical
app/Domains/WorkCore/System/Modules/Premises/Support/RouteNames.php,22a3756c9d2e1896c7a9637165f7b4208ef83846bdb078d5d5413d12daccc30b,canonical
app/Domains/WorkCore/System/Modules/Premises/Support/Settings.php,1b3fc54440819b11f824bfcb8b53e64ebc36de7d6ad4f2faf5cb5056abc49a9d,canonical
app/Domains/WorkCore/System/Modules/Premises/composer.json,3e51d85b69b9653c0893e658293f2eae49c80e128125cc719b1a4496a9fe5bb6,canonical
app/Domains/WorkCore/System/Modules/Premises/docs/superpowers/plans/2026-07-22-managed-premises-generalisation-pass1.md,c469fe7ed8a614b282d1d6760fbba0a9c248ab42e565d0765a5253b052b7d6c2,canonical
app/Domains/WorkCore/System/Modules/Premises/docs/superpowers/specs/2026-07-22-managed-premises-generalisation-design.md,45b5739d1ccd4998c6c471fba76a8faa86a46a3c869547b66629c5c225646210,canonical
app/Domains/WorkCore/System/Modules/Premises/health/checks.php,d75d6da867ce1bc3b60e258ce3402cb3891cdc07e21e088259d215c2ade3411f,canonical
app/Domains/WorkCore/System/Modules/Premises/manifests/ai.php,169607a60e9d5966403d7e7e1c6c7b531424ed37c107efd50b7a3cabda13b95b,canonical
app/Domains/WorkCore/System/Modules/Premises/manifests/api.php,e2ee5e8b7104c4caf9328d14ba17f28fda003b03860a97d1a8c34ba4d9aaf5dd,canonical
app/Domains/WorkCore/System/Modules/Premises/manifests/lifecycle.php,2c61ea5a3d77e04c11d0ed03bb0fa1c276daa3767334419c1ad829398692fc0a,canonical
app/Domains/WorkCore/System/Modules/Premises/manifests/menus.php,f320b67f1d1f19f1c0f0a7ccc8b2f8f2aecca4a5996af644fb1a44bf31bc8a2b,canonical
app/Domains/WorkCore/System/Modules/Premises/manifests/permissions.php,700aeffd246754e0ce1f55c5a077d59c8b6631f07be71f122db30d903621882e,canonical
app/Domains/WorkCore/System/Modules/Premises/manifests/seeders.php,4610a9639db6749e48840314156ebd1a2ec2c663789fe82a975323c4e8465665,canonical
app/Domains/WorkCore/System/Modules/Premises/manifests/settings.php,64b2696686be7b6ddd1b76882b8d50de0d7cd8a4ded0b325918e3476a2064bfa,canonical
app/Domains/WorkCore/System/Modules/Premises/manifests/signals.php,e561601a22de640b4341070b6e32631e9a4318571e25996ed1fed3d0aae84ebb,canonical
app/Domains/WorkCore/System/Modules/Premises/module.json,45a2106ecb12948e01138f452cbe783703c3d65a5fad903575a98d69804bd02d,canonical
app/Domains/WorkCore/System/Modules/Premises/routes/api.php,bb9db5c546fa709e7374d9632bc42bb9c2be0683b548ccc940ad0a381c1cfdfd,canonical
app/Domains/WorkCore/System/Modules/QRCode/AI/QRCodeToolRegistry.php,f2bf798f5c098670fc1bd7d5c75450bd7656aa24f9f8aa4236566a46e9d80ddd,canonical
app/Domains/WorkCore/System/Modules/RecurringServices/AI/RecurringServicesToolRegistry.php,49c512bddec9b99bf5d854980b03c9ec0700e2ccf6f6f248928be594111d4bcd,canonical
app/Domains/WorkCore/System/Modules/RecurringServices/Actions/ChangeServiceAgreementStatus.php,0b3f880f15a7d7aa6d089344643ad631a2819c787717693ac2024445e645388f,canonical
app/Domains/WorkCore/System/Modules/RecurringServices/Actions/CreateServiceAgreement.php,9c38e3bc2fe891ad3ae73fe83fb60bcdab7076f0971f1b7541e110cff1b0423c,canonical
app/Domains/WorkCore/System/Modules/RecurringServices/Actions/GenerateRecurringOccurrences.php,7e1b1a89ab143d900719a28a790cad41d822c6d0c17142d1b8f5766535280801,canonical
app/Domains/WorkCore/System/Modules/RecurringServices/Actions/RenewServiceAgreement.php,937b0d9051a6c3956fa0d87e47beb7c20703e13fa42008f9efdbac94f7b0e1f0,canonical
app/Domains/WorkCore/System/Modules/RecurringServices/Actions/RescheduleRecurringOccurrence.php,6c3afef342bb6dc30579958e72d4fa2642e00d14c33b6827ec7947babbc09adc,canonical
app/Domains/WorkCore/System/Modules/RecurringServices/Actions/SearchServiceAgreements.php,72b5bc03edd29b506f08d273c0e6b9cb0a202f00b478f48010671b6cabfccce7,canonical
app/Domains/WorkCore/System/Modules/RecurringServices/Actions/SkipRecurringOccurrence.php,6dfe4000118ccaca6dfb0cf3425d74fc3381b589669c9df287f7694c2be73196,canonical
app/Domains/WorkCore/System/Modules/RecurringServices/Contracts/RecurringServiceRepositoryContract.php,20ea5cc70266caf6b91ca378f2f1c32452eb311896f02b53973deb0dbe187352,canonical
app/Domains/WorkCore/System/Modules/RecurringServices/Contracts/RecurringServicesRepositoryContract.php,db38fc0a4556c730f8c5f6a7b2f048c20e285860f1567a34c799f7cbfcb4c108,canonical
app/Domains/WorkCore/System/Modules/RecurringServices/Http/Controllers/RecurringServiceController.php,d65eaaa06311c12ce7dc3633d13b3165b6048fc7b5c95d0804919a6d0956cbc1,canonical
app/Domains/WorkCore/System/Modules/RecurringServices/Http/Requests/GenerateRecurringServicesRequest.php,cc659f836439d1df1e80feaf531023099ee2615c5f43490e1ef8aefff5ea4bb1,canonical
app/Domains/WorkCore/System/Modules/RecurringServices/Http/Requests/RenewServiceAgreementRequest.php,89890fd10d68f4c5a6a4b7eefa5bca85c501e58e7c498647c48eefcb90e6f9c0,canonical
app/Domains/WorkCore/System/Modules/RecurringServices/Http/Requests/RescheduleRecurringOccurrenceRequest.php,42567c2ae58457c700d2bfdf785d6dad8c6a1718777f7a577f42edf65e23ba27,canonical
app/Domains/WorkCore/System/Modules/RecurringServices/Http/Requests/ServiceAgreementStatusRequest.php,2723f30d749f6b3c26ba800a93d037cf5670ac552acbaad70bfb6e94fb698f9a,canonical
app/Domains/WorkCore/System/Modules/RecurringServices/Http/Requests/SkipRecurringOccurrenceRequest.php,4e37116dde0d04b5e76a31585bbdcfbef89d19079945372bda129d7baed290d9,canonical
app/Domains/WorkCore/System/Modules/RecurringServices/Http/Requests/StoreServiceAgreementRequest.php,57f1d597cea75aab7590cb2c3e91ffb7aa5c161c3c625a9bae407cbeb77deadd,canonical
app/Domains/WorkCore/System/Modules/RecurringServices/Providers/WorkRecurringServicesServiceProvider.php,03f9aa2282245d66d515565e8ab770b4875c4a8e092728227f779205111c1e53,canonical
app/Domains/WorkCore/System/Modules/RecurringServices/Repositories/EloquentRecurringServiceRepository.php,b5db0a091a95f3b1dfdf9ca1b9630e04c20e34018535c129eea121313d4cb790,canonical
app/Domains/WorkCore/System/Modules/RecurringServices/Services/RecurrenceCalculator.php,eb2cd7f7f94c43d42e578aeecebef8be258dc72dd74a37b96327b1536b453198,canonical
app/Domains/WorkCore/System/Modules/RecurringServices/Services/ServiceAgreementStatusPolicy.php,b7d539bc28e808fb596370e587f287262d123d87dbbc64eca9c25240d31307b6,canonical
app/Domains/WorkCore/System/Modules/RecurringServices/routes/api.php,cd28bde4a508ce60b58c72ab3bf7d8342526caba9c9930e549d54ff017f2396e,canonical
app/Domains/WorkCore/System/Modules/Repairs/AI/RepairsToolRegistry.php,eb85e2786f0bade8c45f96c42e18c33fe5ad823e3c80252e5a64e409e18fb23d,canonical
app/Domains/WorkCore/System/Modules/Repairs/Actions/CompleteRepairOrder.php,b29d720dcee793a74f2ebd226271a895e6fc737b71c2ed90b07988f2c8565347,canonical
app/Domains/WorkCore/System/Modules/Repairs/Actions/CreateRepairTemplate.php,80dfa82b6b60d7035505f12b7fe627c4c6f46fdc59bb644183dae6b3a9c0122b,canonical
app/Domains/WorkCore/System/Modules/Repairs/Actions/ReportRepairOrder.php,70961a4390059a69dfd630c81e8d93745e88ab2156e058e896ca20eb0e1fe6bd,canonical
app/Domains/WorkCore/System/Modules/Repairs/Actions/SearchRepairOrders.php,f17ba10caed7dee55b244fee25bc4c40f2113cec2f73b6363952411bbb55571e,canonical
app/Domains/WorkCore/System/Modules/Repairs/Actions/StartRepairOrder.php,92955b06fca20300f586e5bebc2fe45cf9842bac77b76cf69a832eff2fe2f52c,canonical
app/Domains/WorkCore/System/Modules/Repairs/Contracts/RepairRepositoryContract.php,f681527d197d3fba281aaff7642db2f5e3a5cc1a0845194e95f094c7f168053d,canonical
app/Domains/WorkCore/System/Modules/Repairs/Http/Controllers/RepairController.php,45b958a5ac306467b13346ec75f08d32c32213b29737cc93903135814392dbdf,canonical
app/Domains/WorkCore/System/Modules/Repairs/Http/Requests/CompleteRepairOrderRequest.php,966ae1987a0e30a3e47bcf8bbb374a0a6fc4214a66703249fd0ed2e4aa329e1b,canonical
app/Domains/WorkCore/System/Modules/Repairs/Http/Requests/ReportRepairOrderRequest.php,b78ed485310782bf65d180490a9772ecc2e770ee69c8742626424cba6189a99c,canonical
app/Domains/WorkCore/System/Modules/Repairs/Http/Requests/StartRepairOrderRequest.php,de42860c61208b75b61a5ddcc089d589c24cee378add83e41e28a9d14733f24b,canonical
app/Domains/WorkCore/System/Modules/Repairs/Http/Requests/StoreRepairTemplateRequest.php,ad29fe0a0b3c2c80e97835de282311bc28dcfbd9f2c6b7d60a455100e9d10f71,canonical
app/Domains/WorkCore/System/Modules/Repairs/Providers/WorkRepairsServiceProvider.php,0d0686c166997f94cb85225a2890f74d9a99b120204488b4b651039a9db614e5,canonical
app/Domains/WorkCore/System/Modules/Repairs/Repositories/EloquentRepairRepository.php,5866b6446713ff54ad0fe8e6a0db682d3195ae1a78946b1446e6baef7382b558,canonical
app/Domains/WorkCore/System/Modules/Repairs/routes/api.php,a98dcc84a9bf569c18cdb16705e7ff4033dd55ee0bde5591cecedf3cb6362973,canonical
app/Domains/WorkCore/System/Modules/Reviews/AI/ReviewsToolRegistry.php,954b45613a527fc8b03d33102ca7cb8ed26a7cf9ccd71f1539a289b979c7dc16,canonical
app/Domains/WorkCore/System/Modules/Reviews/Actions/CreateReviewRequest.php,cf125ce68b27e14eba813ba80967f6da58dec9c63e2d6c1a74dea9bdf3b147a8,canonical
app/Domains/WorkCore/System/Modules/Reviews/Actions/CreateServiceRecovery.php,2dd93aec74aa65191201b4136c3941339185b5e6c730458f7dff21b2ec4c4130,canonical
app/Domains/WorkCore/System/Modules/Reviews/Actions/PublishReview.php,825fb603523ac8ecfcf472f258f1a3b2d213e74e6f9ba9d86584b2d7286cc875,canonical
app/Domains/WorkCore/System/Modules/Reviews/Actions/RecordReview.php,47a7ecb3dcdfbb548200e91fc7ce0e9df156b4ce45b2298715ede4e238e20109,canonical
app/Domains/WorkCore/System/Modules/Reviews/Actions/RequestRebooking.php,b3f4b4970f839794c45f045293385742a0b8d328f118ae98d8f6e118a5b90a26,canonical
app/Domains/WorkCore/System/Modules/Reviews/Actions/SearchReviews.php,4d18e0040b9e2352ab8fb65ab06d5a610aaf7eddf2b81c707f5a26a90540d78a,canonical
app/Domains/WorkCore/System/Modules/Reviews/Contracts/ReviewRepositoryContract.php,4f8ca72cc10f044d91fe3710c71be86edcd8366ada67aec75f0c4dadadc423dc,canonical
app/Domains/WorkCore/System/Modules/Reviews/Http/Controllers/ReviewController.php,a25d0033f7a986b53bc4c50b5d30ba0fbde9884cc79a6ce01524faeb0daa2a91,canonical
app/Domains/WorkCore/System/Modules/Reviews/Http/Requests/PublishReviewRequest.php,4f47293e82f86c082ab9deceee64652834b4d808db45863ff1b092ad94eeb8c2,canonical
app/Domains/WorkCore/System/Modules/Reviews/Http/Requests/RebookingRequest.php,cf47b0591476b4f91a6fb2bfe5eba220bf7a426dcd93b5cd20a450f036944de0,canonical
app/Domains/WorkCore/System/Modules/Reviews/Http/Requests/RecordReviewRequest.php,de76c3692e098cf6b5702eaedd35909533dae987147e71f50e33cf3ac2dde346,canonical
app/Domains/WorkCore/System/Modules/Reviews/Http/Requests/ServiceRecoveryRequest.php,150981283a8bfdefde4ba510ab4ce2b722b6d30160fa54518ed805670d1ff3c6,canonical
app/Domains/WorkCore/System/Modules/Reviews/Http/Requests/StoreReviewRequest.php,d76d062cd9ed70756887d4f613532b09138fd19617c2a78d5307520484490e00,canonical
app/Domains/WorkCore/System/Modules/Reviews/Providers/WorkReviewsServiceProvider.php,f11afcc5f9f64e812b2bbbd927ac9869f64bee162efd4f9e5e53f782ada22ece,canonical
app/Domains/WorkCore/System/Modules/Reviews/Repositories/EloquentReviewRepository.php,ad33fbfb78f9ae618ee409307651c0350ccf1b7a9b7727420eda1c3d7f925a65,canonical
app/Domains/WorkCore/System/Modules/Reviews/Services/ReviewPolicy.php,11acb7a63cb4683195e9e055d2036d0db57d9fe5b6c43234941389b614b5f7e4,canonical
app/Domains/WorkCore/System/Modules/Reviews/routes/api.php,a673459d759a53ebbcbd949efd931d3478b6af54a932ba8bd94442913c887c4b,canonical
app/Domains/WorkCore/System/Modules/Rosters/AI/RostersToolRegistry.php,cad30bc735be740d2a5fd3a05678ba5b22ffc5afc6807e1eb0514fcc19765bf8,canonical
app/Domains/WorkCore/System/Modules/Rosters/Actions/AssignRosterShift.php,260391a299aafb5a30a0fadf00c34e3497c8c5b8b6c923b3a96011a0341b21bb,canonical
app/Domains/WorkCore/System/Modules/Rosters/Actions/CreateAvailabilityRule.php,818f437425ca04b203b2598757d7ee5dd9c3eb98d514ebb00ba32be6f17057bf,canonical
app/Domains/WorkCore/System/Modules/Rosters/Actions/CreateRoster.php,d389b140fa534a809aef06d2f1533b8ad8cf9ffbf9df6081ec754e194135d710,canonical
app/Domains/WorkCore/System/Modules/Rosters/Actions/CreateRosterShift.php,fa1b5bd5964e179583105224e8457f13707b7d8598bc90d1c0d85a380461a378,canonical
app/Domains/WorkCore/System/Modules/Rosters/Actions/PublishRoster.php,ec80897fa4442445275b7495559162339a9ec8f631d9bf6f0a0b0847615b408a,canonical
app/Domains/WorkCore/System/Modules/Rosters/Actions/SearchAvailability.php,35b8d2bc580b888013c01daf597bd8fc2a33348b9737f695475b8f55dd4049d3,canonical
app/Domains/WorkCore/System/Modules/Rosters/Actions/SearchRosters.php,99fa6aabb4f85a944a58629f48069975dc1b04386e91f7be29261889c6618c04,canonical
app/Domains/WorkCore/System/Modules/Rosters/Contracts/RosterRepositoryContract.php,9a59c7c344fd4faf9338930c939f1e52e2a954bf5450e3130bfedad4f62b8e9f,canonical
app/Domains/WorkCore/System/Modules/Rosters/Http/Controllers/RosterController.php,5f67696fd848b1f2be608ed9c1f15c8c12121cc3ed7f9b5cdda9f8544a544337,canonical
app/Domains/WorkCore/System/Modules/Rosters/Http/Controllers/RosterUiController.php,a3bd824d8acfae009df030f4501abea8bd308db313bb9e5ba2b200b5d712a252,canonical
app/Domains/WorkCore/System/Modules/Rosters/Http/Requests/AssignRosterShiftRequest.php,111caff6dec0636d88eb695ad303cdb49cccab7977ed04737ac58c993be9e40b,canonical
app/Domains/WorkCore/System/Modules/Rosters/Http/Requests/PublishRosterRequest.php,eb7ac3ed1b084b615315a727c7dfc16d4032e6500b5d6172ac896ac340c2659a,canonical
app/Domains/WorkCore/System/Modules/Rosters/Http/Requests/StoreAvailabilityRuleRequest.php,48f2cd058b3b3dfa1f0d4c4da24b946d4c30f248a2eef9094c6c9faee01bce8f,canonical
app/Domains/WorkCore/System/Modules/Rosters/Http/Requests/StoreRosterRequest.php,71a99bb2970672348182974b2f209f4be7f9d04256272ab72eb062e0bdbe047a,canonical
app/Domains/WorkCore/System/Modules/Rosters/Http/Requests/StoreRosterShiftRequest.php,8a80dd18bbff4e1ca7e13ee0e4568850fb36e8eb251c711077b3d1330e0c6b48,canonical
app/Domains/WorkCore/System/Modules/Rosters/Providers/WorkRostersServiceProvider.php,109c5b21061b8348bb7dce10223dd8bbdc5f11224735860ea49de7487f8b4ed9,canonical
app/Domains/WorkCore/System/Modules/Rosters/Repositories/EloquentRosterRepository.php,5983b483e87ac91e826e5e1c00fe66bd887ea117e6bc40b923527d3180b71fd7,canonical
app/Domains/WorkCore/System/Modules/Rosters/Services/AvailabilityRulePolicy.php,df9b9da6a91f903d5c21986440a05e057b046a9772c9a149b82378aa72bc3a87,canonical
app/Domains/WorkCore/System/Modules/Rosters/Services/RosterStatusPolicy.php,bb5c9138e447ce3a286a2af258bf6adeff2369d9da84823978c580a00ab9415d,canonical
app/Domains/WorkCore/System/Modules/Rosters/Services/RosterWindowPolicy.php,15916e720ea003d3b3158eb98f7ef9a26f1dbe07a0d333febd8ad0bab0a7e2f6,canonical
app/Domains/WorkCore/System/Modules/Rosters/routes/api.php,120ea617798fcfaddeb2a68cbd24756d2d683915f04b0fa99c7af77320f2b957,canonical
app/Domains/WorkCore/System/Modules/Rosters/routes/web.php,bc637d6429a6ad2a824b241521ba4a212058c2c9003677e3943d79a533ef4d2b,canonical
app/Domains/WorkCore/System/Modules/Scheduling/AI/SchedulingToolRegistry.php,ed96b2ed21bc5d8cd8f1a4f92b92fbd5714706921b8334dcde78d845b49c1f3e,canonical
app/Domains/WorkCore/System/Modules/Scheduling/Actions/ChangeAppointmentStatus.php,fdf5ea79cad0cf68444adea6a6194f70f737b8a2eeed47b3e276aabdd46c77aa,canonical
app/Domains/WorkCore/System/Modules/Scheduling/Actions/CreateAppointment.php,9bcc7763499f92aa8d862ba4f548b87db4f3a67a34faa8425d7d544156a913f2,canonical
app/Domains/WorkCore/System/Modules/Scheduling/Actions/RescheduleAppointment.php,787e316d47c556dade0ce68bf96477d828920f5f3481983d40586afe59b0eac6,canonical
app/Domains/WorkCore/System/Modules/Scheduling/Actions/SearchAppointments.php,1e52b0ec18708b63434f564d6abb2115ecfb65ab5c1421f37169e6704cca0f07,canonical
app/Domains/WorkCore/System/Modules/Scheduling/Contracts/AppointmentRepositoryContract.php,354e9b8e80b92b2b91daeb8bdb3f1c8054767a7fc3b37da93816385e23e71485,canonical
app/Domains/WorkCore/System/Modules/Scheduling/Http/Controllers/AppointmentController.php,1c126e8cc1434d898d1fe32b41cc702b49396d821c2d589e06873ce8c62024f2,canonical
app/Domains/WorkCore/System/Modules/Scheduling/Http/Requests/ChangeAppointmentStatusRequest.php,45899e9a56ebe7ccfcb826830e8de90ba6fdde2b4567008beb39bedb9eb5a888,canonical
app/Domains/WorkCore/System/Modules/Scheduling/Http/Requests/RescheduleAppointmentRequest.php,62c113b50d635dc3f14fd1aacb293634f1469bfee849a7dfe9451d5fc3cd3744,canonical
app/Domains/WorkCore/System/Modules/Scheduling/Http/Requests/StoreAppointmentRequest.php,a406b76b9697a53778680f39661c1ca2ca86c5fd0afbd8ca8cc09b9c6d93aa4c,canonical
app/Domains/WorkCore/System/Modules/Scheduling/Providers/WorkSchedulingServiceProvider.php,8685584bd837df936c9ecdc16da06a5c4c5843c98dec7ee0bdc20a796b84bc44,canonical
app/Domains/WorkCore/System/Modules/Scheduling/Repositories/EloquentAppointmentRepository.php,a66998e44b3a70e84da491e3364a18d0fca37aa0219121a426a591a03aac7db6,canonical
app/Domains/WorkCore/System/Modules/Scheduling/Services/AppointmentSchedulePolicy.php,e89760ba97c9f6ad1df7ca848e2296db24ae11184e59b3e9bc2e5563ac01942f,canonical
app/Domains/WorkCore/System/Modules/Scheduling/Services/AppointmentStatusPolicy.php,f8ed9efce8b14243b60e304358886f0d68e9c73380b1909869c195b1dcdac130,canonical
app/Domains/WorkCore/System/Modules/Scheduling/routes/api.php,7e28cc8355f5230392a230d602a941d0b4c74a39aa3b8ed47e5c7c55a540b44f,canonical
app/Domains/WorkCore/System/Modules/Supply/AI/SupplyToolRegistry.php,4c05a755a6fc96a2d6cbafcfc0002fa751573ec2a59c5b0deb355de63f3fe749,canonical
app/Domains/WorkCore/System/Modules/Supply/Actions/ApprovePurchaseOrder.php,68071dadc3d25753173cbb17699634047df22d7585d242c506f1ac20c1650f0f,canonical
app/Domains/WorkCore/System/Modules/Supply/Actions/CompleteStockCount.php,47084bd886e5d006db350e6e7e5ac1718cc85c0b1d0c994081cf66a33d5dd402,canonical
app/Domains/WorkCore/System/Modules/Supply/Actions/CreateInventoryCategory.php,2daec8d3a10a2eb5ea40b2f8ac0fb0a72cd4e4dccc9a95a9354babef3a9e674e,canonical
app/Domains/WorkCore/System/Modules/Supply/Actions/CreatePurchaseOrder.php,f8ae9173a7d9a924baf40b500a52945d5cd6ba28555195d8b85157d601092413,canonical
app/Domains/WorkCore/System/Modules/Supply/Actions/CreateStockAdjustment.php,41158ca28db09b1f4d2937faa8339d039a783a16ee16c38467574396a95be332,canonical
app/Domains/WorkCore/System/Modules/Supply/Actions/CreateStockCount.php,52c5d63bd0057688542490cea79a9cd0e6922c1ef0bec38c13a239069baf0e1c,canonical
app/Domains/WorkCore/System/Modules/Supply/Actions/CreateStockTransfer.php,8aa219b6003a3b84686e1a3e22f3e2066788f6ec1515bc5b32c5d72e1d57470d,canonical
app/Domains/WorkCore/System/Modules/Supply/Actions/CreateSupplier.php,4f208df75932448470ebc6711f6c5421d0961b08055cb018779b81c75857befa,canonical
app/Domains/WorkCore/System/Modules/Supply/Actions/DispatchStockTransfer.php,b61b56b4f6fc7cac4a3c36ad39df8bd146bca19c0e4256f108919e45ded8129d,canonical
app/Domains/WorkCore/System/Modules/Supply/Actions/PostStockAdjustment.php,8337804c56775ec0efac67ce6667f96de24009b0ea27beba7cfdcd5073d7f30c,canonical
app/Domains/WorkCore/System/Modules/Supply/Actions/RateSupplier.php,4d0f8b7f3d902084c0ef2a8e4d9b8ca13bf508434ffaac9b9817c9f91082c35a,canonical
app/Domains/WorkCore/System/Modules/Supply/Actions/ReceiveGoods.php,09658e9852469467fd4828da2bfdddf4a9e2bab365be85251b575cf97cd518ce,canonical
app/Domains/WorkCore/System/Modules/Supply/Actions/ReceiveStockTransfer.php,1b8290707bfba4498776d395c339c437bc56aa5d4dae4306a80dca7fe04c57d3,canonical
app/Domains/WorkCore/System/Modules/Supply/Actions/SearchPurchaseOrders.php,3738e1ceffd3b2d119588c82c41e6a73c0aca26e32436f933725f9588a2a9281,canonical
app/Domains/WorkCore/System/Modules/Supply/Actions/SearchSuppliers.php,ffa6737c8c2f4539c7b95d34f518491ca0efd1a061f2c1b87a86345a55f19ee6,canonical
app/Domains/WorkCore/System/Modules/Supply/Contracts/SupplyRepositoryContract.php,8fbec971063df2cc705d42e59360b165233767b94e25774cfd9c9fcd55c9b369,canonical
app/Domains/WorkCore/System/Modules/Supply/Http/Controllers/SupplyController.php,278176d352b35b497af6fa940729e11c4489d3a2f4f2490ed9f2dab2429e6bdc,canonical
app/Domains/WorkCore/System/Modules/Supply/Http/Requests/CompleteStockCountRequest.php,faeaabc8200729068b00dc3212961524e8752be5433539b58513d6bb767d9c4f,canonical
app/Domains/WorkCore/System/Modules/Supply/Http/Requests/RateSupplierRequest.php,33387aa03f5b98c874964239df899a2148504ad2c92049b3312e972713bcb06e,canonical
app/Domains/WorkCore/System/Modules/Supply/Http/Requests/ReceiveGoodsRequest.php,dfbace7136ef14b9e04637ada657178bce22933fe1f4736eaaf1f147c09ab80e,canonical
app/Domains/WorkCore/System/Modules/Supply/Http/Requests/StoreInventoryCategoryRequest.php,aa1abe8ec408a0838e7e27fcbdf2fe944bcd7a9bcc240aeeeb7b638702cd3a59,canonical
app/Domains/WorkCore/System/Modules/Supply/Http/Requests/StorePurchaseOrderRequest.php,8569e7c73ca44e109023cd8c5ef5594e5a40b6670b466ea6938addc259857f32,canonical
app/Domains/WorkCore/System/Modules/Supply/Http/Requests/StoreStockAdjustmentRequest.php,6f1e86c5731fd3e2e272a74cf798ed0d5fe4126d17addf37a3a0e6288a13b0db,canonical
app/Domains/WorkCore/System/Modules/Supply/Http/Requests/StoreStockCountRequest.php,13d2e0230ad281387d82ea1307c324e2092cb099c3622a6ec96a89c2aaa770d7,canonical
app/Domains/WorkCore/System/Modules/Supply/Http/Requests/StoreStockTransferRequest.php,f8e9abe30e61f3ea74900934e67422efd5dd10835ece8ca2bc3b9f06b5f5a55a,canonical
app/Domains/WorkCore/System/Modules/Supply/Http/Requests/StoreSupplierRequest.php,b66f0f8670c497ac84b13c4f20aa8015166e2ba5220e77ed9759658cf78c4068,canonical
app/Domains/WorkCore/System/Modules/Supply/Providers/WorkSupplyServiceProvider.php,2ac9b146c08b5125a343f3b6d6c48e02a45b7921dbc5a001cdade33e161d9bc1,canonical
app/Domains/WorkCore/System/Modules/Supply/Repositories/EloquentSupplyRepository.php,bd0641d62ae997f4e6cbb28a0820af5789a51779eb057a753a8bdee63277ac31,canonical
app/Domains/WorkCore/System/Modules/Supply/routes/api.php,653d8f57afb3311922a092df53332baaa9c0fb9f00cf9967f9d49e06dd3b4169,canonical
app/Domains/WorkCore/System/Modules/Support/AI/SupportToolRegistry.php,ce2b438e50fed6aab96a35cdb11f7192166b9ff6a8ffbf18d6cab93b5ad6ab4e,canonical
app/Domains/WorkCore/System/Modules/Support/Actions/AddSupportTicketMessage.php,3162e5f124ab13c3ee4c3f11a59ab48a17cc96547361da338134b451b558a2c7,canonical
app/Domains/WorkCore/System/Modules/Support/Actions/AssignSupportTicket.php,3e414f7dbbce37d253ef87b7575d06775cec4b9f81baf0be68412a422f2adcd5,canonical
app/Domains/WorkCore/System/Modules/Support/Actions/ChangeSupportTicketStatus.php,50ae298b19e64cd73eea2aaee5b818a20519a1e7df127956776c6e4b399a461d,canonical
app/Domains/WorkCore/System/Modules/Support/Actions/ConvertSupportTicketToWorkOrder.php,c13a6f790c6fef655ecf0c18489d32d675e56e60c7772cb056d1768277634c2e,canonical
app/Domains/WorkCore/System/Modules/Support/Actions/CreateSupportQueue.php,edef46d6d543794e02f829cba64afdd55af95e5c4501c1fb6f9c3c57de4de862,canonical
app/Domains/WorkCore/System/Modules/Support/Actions/CreateSupportTicket.php,52baf56453a642063276fc090635a79bc4a731b16265433ec9e2c1fa60cb067e,canonical
app/Domains/WorkCore/System/Modules/Support/Actions/SearchSupportTickets.php,9a86bd207ec24b87a7215f9fd6942af313d4c91fd2fb62a7376c2dc69bbc9788,canonical
app/Domains/WorkCore/System/Modules/Support/Contracts/SupportTicketRepositoryContract.php,a812ea1ba8741324035b2ed46fe760d181ae2df4096044d11e18f380545bf3b9,canonical
app/Domains/WorkCore/System/Modules/Support/Http/Controllers/SupportTicketController.php,cc8244d60169b15ccee0d45e9662c746f1ec0f430bb7f55baf56c73bb5f3e79f,canonical
app/Domains/WorkCore/System/Modules/Support/Http/Requests/AssignSupportTicketRequest.php,ac6cde9dce700abc3c4e199428b3f5cf46c574dce8f9235a52d1bcd9417b31d2,canonical
app/Domains/WorkCore/System/Modules/Support/Http/Requests/ChangeSupportTicketStatusRequest.php,c675e8f1333c502d0511583fd80309118250f49f44358f5c451ee01eea2a0e7a,canonical
app/Domains/WorkCore/System/Modules/Support/Http/Requests/ConvertSupportTicketToWorkOrderRequest.php,3e321f6976b866a2a3b5d496b66a2b50a0d48fe44df393d6735bf844a468b82b,canonical
app/Domains/WorkCore/System/Modules/Support/Http/Requests/StoreSupportQueueRequest.php,a19017f0774d20fc8f9904e94f534e33327ab8c6b470733644e9433e283fda36,canonical
app/Domains/WorkCore/System/Modules/Support/Http/Requests/StoreSupportTicketMessageRequest.php,a57003df57a30bf1b8821675006b62be857197b27f81830c831dd9653dc7b50f,canonical
app/Domains/WorkCore/System/Modules/Support/Http/Requests/StoreSupportTicketRequest.php,8fe48f5c6aead9ebf31f4a5861d16bb1e1e3eeda6907e1ec7940ec6f8562c31d,canonical
app/Domains/WorkCore/System/Modules/Support/Providers/WorkSupportServiceProvider.php,6fe050ec200b16801d3f1f10cb0c8501784415910e0d02c561d63d91e2364323,canonical
app/Domains/WorkCore/System/Modules/Support/Repositories/EloquentSupportTicketRepository.php,39d7c7acbade0bd08011f39868753f8f4ad2f16e8e1fe64466e0879eef2f0dd8,canonical
app/Domains/WorkCore/System/Modules/Support/Services/TicketPriorityPolicy.php,358668b5a58290d4c956ff2f8fe4fb2ce6aa664dadf0536802f0d65dc9e5ceea,canonical
app/Domains/WorkCore/System/Modules/Support/Services/TicketStatusPolicy.php,597989375347b31464d61299b3390b54d6ad0daee8900974fa34ca88ff29fcbd,canonical
app/Domains/WorkCore/System/Modules/Support/routes/api.php,fbdd58d8136b152d71e00b9787563e8cbbef8eb5f2851c4965e7c5e63d025f82,canonical
app/Domains/WorkCore/System/Modules/Territories/AI/TerritoriesToolRegistry.php,6005af50b5807bd08a4cc99909cb7c2b94d21cd9d9d07501882977d1731cff2a,canonical
app/Domains/WorkCore/System/Modules/Territories/Actions/AssignTerritory.php,6795f0d10d1f1e026722d5b6256bb2cac603d858ffae624069af4be98fc08e5d,canonical
app/Domains/WorkCore/System/Modules/Territories/Actions/CreateBranch.php,5a2843a9e9d3718d7f7e85b5fd2fb433e6185e50243703e73aac9dff983bada0,canonical
app/Domains/WorkCore/System/Modules/Territories/Actions/CreateDistrict.php,2b250532d009f7ea53d4e377c8bc6c84d1e5dbe5a18ea7f8774c12201a0121db,canonical
app/Domains/WorkCore/System/Modules/Territories/Actions/CreateRegion.php,d428cfedeeddd6780c4b116e5507d8847cba57c2fcb6b4532b3ac3e78610b91d,canonical
app/Domains/WorkCore/System/Modules/Territories/Actions/CreateTerritory.php,a34acee46146aa0f59ccc0b96a8d4c1ad3a38895bf108c12ea0890fe757a55b2,canonical
app/Domains/WorkCore/System/Modules/Territories/Actions/MatchTerritories.php,94b873dba620caf94c150614d7f70c4cf55e5b4493cc40c0618c132d976dcb7b,canonical
app/Domains/WorkCore/System/Modules/Territories/Actions/SearchTerritories.php,9ba30c369b539b04f3be3ffe32bb16526e843057c9bddcc3de78b58327c624ec,canonical
app/Domains/WorkCore/System/Modules/Territories/Contracts/TerritoriesRepositoryContract.php,355ba9c3926cdd08e9198fa00418d3cbad011b33e9c4601bd76bf4127adcc3e2,canonical
app/Domains/WorkCore/System/Modules/Territories/Contracts/TerritoryRepositoryContract.php,4b53e1e86c6371e71abf01ae8a3ca2f6f0e1058d6fffee8a16721b33c57668f3,canonical
app/Domains/WorkCore/System/Modules/Territories/Geometry/GeoJsonCentroid.php,b683c67c5cb2427344eb16dd4e9ebbb2f9ad6a08632b07f3f200838989335bc8,canonical
app/Domains/WorkCore/System/Modules/Territories/Geometry/PointInPolygon.php,12744064628b4b8331c4712c784fe2b634e0702dd5f9c6ac0767d7bd06b71127,canonical
app/Domains/WorkCore/System/Modules/Territories/Geometry/PolygonGeoJson.php,4a6bd106d95e698ee38ab0c4b488f2ce2f1961af39b38126c9b7033983aa8d93,canonical
app/Domains/WorkCore/System/Modules/Territories/Http/Controllers/TerritoryController.php,3a110842b73f8521612977883a635d76373173d52421d40b2ba5f1d8bdd94f0c,canonical
app/Domains/WorkCore/System/Modules/Territories/Http/Requests/AssignTerritoryRequest.php,82aa5a7ba171325524d52a931e4ac4e9565e07ae258356119dc174a7d3f1825b,canonical
app/Domains/WorkCore/System/Modules/Territories/Http/Requests/StoreBranchRequest.php,508b6d8bf0bdef165cac4f3a088de2989393dd395475fe72afb4247b460e18ce,canonical
app/Domains/WorkCore/System/Modules/Territories/Http/Requests/StoreDistrictRequest.php,d9fc80b55ba5d5723f9fc4c232c451b0273030e31b54c4e2ab3deb6ca58c1e8a,canonical
app/Domains/WorkCore/System/Modules/Territories/Http/Requests/StoreRegionRequest.php,dde87986bc79b91063c17a239c87d069f8fa39f0555cd58423fd6e2362d2fbac,canonical
app/Domains/WorkCore/System/Modules/Territories/Http/Requests/StoreTerritoryRequest.php,20d4ad202951831fb058e2ab7a043e402f7c665425bc22fc9bb8a879c81afc8c,canonical
app/Domains/WorkCore/System/Modules/Territories/Providers/WorkTerritoriesServiceProvider.php,1d5b39c12ff0d711ea3f666880c0bd75fc7c3673303dde2b9bfd650c50d163e1,canonical
app/Domains/WorkCore/System/Modules/Territories/Repositories/EloquentTerritoryRepository.php,17cf8ee322f70f4b356dbeb2713549b8e6d211ae75eb268764510ffc1a745dac,canonical
app/Domains/WorkCore/System/Modules/Territories/Services/TerritoryHierarchyPolicy.php,2ed7791ac3ed720377a09ed43b67fee3495546247a0742ee881ad70410d057c5,canonical
app/Domains/WorkCore/System/Modules/Territories/Services/TerritoryMatcher.php,b3d26712933b048c721e5d50142f926f6bb3162b8691638086156e6d3b93cb2c,canonical
app/Domains/WorkCore/System/Modules/Territories/routes/api.php,1c9edae7890a83afdc9f289f437eae22d5d26f6214b3a1b346a21661428a4bfe,canonical
app/Domains/WorkCore/System/Modules/TitanVault/AI/TitanVaultToolRegistry.php,b8a0d86e855132d5ce347f9cdeca3cc98069030f6824cd74164bbc8cd3bfd1ee,canonical
app/Domains/WorkCore/System/Modules/TitanVault/Providers/WorkTitanVaultServiceProvider.php,ddfbca2882472dfcd3d3fda5b20ba766eebf937a102b49e37c7d8541c188ea09,canonical
app/Domains/WorkCore/System/Modules/TitanVault/ReadModels/SearchVaultDocuments.php,23c4fb372990f517b23fb07caffef3328cb6235ee3d0f037540fd674f64dd3f1,canonical
app/Domains/WorkCore/System/Modules/Wizards/AI/WizardsToolRegistry.php,faf87590770caf8d88ad9f5a717f0283570f71266342f0c1c50c40df5b91625c,canonical
app/Domains/WorkCore/System/Modules/Wizards/Actions/ApproveWizardSection.php,2a6fb0d0c6383829adbda692a43df52d2b387b66225847aee833886128c5a485,canonical
app/Domains/WorkCore/System/Modules/Wizards/Actions/CompleteWizardRun.php,0c2e103d208cbe03cc2983ae3667437a38a87ea9938e852a1a1a2b119387b3f3,canonical
app/Domains/WorkCore/System/Modules/Wizards/Actions/CreateWizardDefinition.php,ae895bb6404509f18291b71c6f16bb8ae87aa47131d5d34eb46166720a0d5e5b,canonical
app/Domains/WorkCore/System/Modules/Wizards/Actions/PauseWizardRun.php,5425f833f5613fcd80f2d6e2c26dbf96920b4c69af26951ef366fa55805c070a,canonical
app/Domains/WorkCore/System/Modules/Wizards/Actions/PublishWizardDefinition.php,5a4a3431b4994ff9ab3e153d2e1b61fad183b5ea7f280540696d2205feddc5a5,canonical
app/Domains/WorkCore/System/Modules/Wizards/Actions/ResumeWizardRun.php,fbb7187e1e42909417f56ef0c0db9b58e8c76b7fcab94793db34f08bb0688b35,canonical
app/Domains/WorkCore/System/Modules/Wizards/Actions/SaveWizardAnswer.php,d7f05c8c37ed37e90bbaffee15529092caf38bb580e489d4e587037992a5b2ae,canonical
app/Domains/WorkCore/System/Modules/Wizards/Actions/StartWizardRun.php,7a5ca3348963296ac39a0d9017193dfbd5022a6fdc5a567ad8701461197ca53f,canonical
app/Domains/WorkCore/System/Modules/Wizards/Contracts/WizardRepositoryContract.php,69b7656d64bff61b860ea8ba796bd8041f559e808eae11723cc87d02a32e3187,canonical
app/Domains/WorkCore/System/Modules/Wizards/Http/Controllers/WizardController.php,08af9c1b01014bb329141cee35cb72fe9fdfcfca4ae3160feb6ec47292a57c95,canonical
app/Domains/WorkCore/System/Modules/Wizards/Http/Controllers/WizardPageController.php,1df68f41ce78bcf9e49eb065271e50e615b59fd44de7e0dbbc9bdc8a2fab095b,canonical
app/Domains/WorkCore/System/Modules/Wizards/Http/Requests/ApproveWizardSectionRequest.php,ae579e411f14bf2cf757b938df42df6691c27dd68435b94828ddae7675eb537d,canonical
app/Domains/WorkCore/System/Modules/Wizards/Http/Requests/CreateWizardDefinitionRequest.php,037e02f3116f6551c66e182e5c914e931d77d71bfc313025fa1662cfc9431205,canonical
app/Domains/WorkCore/System/Modules/Wizards/Http/Requests/SaveWizardAnswerRequest.php,ff5b7596957cb6b8c17313970ef6589fd6e357dc3e1b8e5a688555340210d1fa,canonical
app/Domains/WorkCore/System/Modules/Wizards/Http/Requests/StartWizardRequest.php,7d16f3f9a59eeed19f50b707f48d242d7788419ec4cd95591e89d4418bceef05,canonical
app/Domains/WorkCore/System/Modules/Wizards/Providers/WorkWizardsServiceProvider.php,4c264058c929e331571cac08dff7c88de61368f734ecc963ecb1354e86093cf5,canonical
app/Domains/WorkCore/System/Modules/Wizards/ReadModels/GetNextWizardQuestion.php,96ff89d7c105f2c333fa80fa0781c9d123eae548e7af885a3b9b8e34e52efa71,canonical
app/Domains/WorkCore/System/Modules/Wizards/ReadModels/GetWizardRun.php,867d5d92bc9d72df91de0810c066a73752b1b8d096636cc3321fcc64115ad06b,canonical
app/Domains/WorkCore/System/Modules/Wizards/ReadModels/ListWizardDefinitions.php,ab4df0806a5198a0ff6af4df8f14e6aae58d10949ea2f1d0486c5fbef9160595,canonical
app/Domains/WorkCore/System/Modules/Wizards/Repositories/EloquentWizardRepository.php,a8c845a6f5756575c4f2363119868d7ac04a436bd73c12e82dfa9446954ead9d,canonical
app/Domains/WorkCore/System/Modules/Wizards/Services/WizardAnswerValidator.php,f94623e04526eaf3d13f511dea71664867c2b2b31218a9c269dd76ab2a8a07e5,canonical
app/Domains/WorkCore/System/Modules/Wizards/Services/WizardBranchEvaluator.php,b0914edc2b6434d9c4c0ad326ce88d335de459ab4697fa8f0d161a3350077a97,canonical
app/Domains/WorkCore/System/Modules/Wizards/Services/WizardDefinitionRegistry.php,04ffd6a5c0da90686b78c3d267ea3664d982cd985830d1a4e3d494f3f7f39e3a,canonical
app/Domains/WorkCore/System/Modules/Wizards/Services/WizardRiskPolicy.php,2094976bc9327f900af55777e48155eb29ddcd373f21cb106ae524c24bfe3304,canonical
app/Domains/WorkCore/System/Modules/Wizards/Services/WizardRuntime.php,052c38bff5e7155f323bcbcf4e1851edf2fc83f4d8b196418b9f3bc3f9c69c9a,canonical
app/Domains/WorkCore/System/Modules/Wizards/config/definitions.json,70e721346b198927f6ccf4f67177755251d2b621d7884e456d95422c78487bdf,canonical
app/Domains/WorkCore/System/Modules/Wizards/config/definitions.php,f63884b9fb1da9b09af77d03210176a2f5e9746e934c68b5a6fdfcac81053e03,canonical
app/Domains/WorkCore/System/Modules/Wizards/config/excluded-settings.json,be522b884f77bd62d5f4c6a903e58a5d2a0814434a375e5a4612b740ac53182d,canonical
app/Domains/WorkCore/System/Modules/Wizards/resources/views/index.blade.php,2402cde3886e3bcbfb8532ab4fac9bc2ff55d1b5783155def9c36f241a39730a,canonical
app/Domains/WorkCore/System/Modules/Wizards/resources/views/run.blade.php,8eedc567a47b8e165d13f8cc299ced7f27ae6440cbcbca87a2f775d990461a94,canonical
app/Domains/WorkCore/System/Modules/Wizards/routes/api.php,36a5f992b8314d0b43fbbe55c8866e7161df78a5c911390f4fde8e499a16703e,canonical
app/Domains/WorkCore/System/Modules/Wizards/routes/web.php,273e60b3e760a37dc7bd6355e339af73e460b1633f27cde311750808d8d74a9c,canonical
app/Domains/WorkCore/System/Modules/Workforce/AI/WorkforceToolRegistry.php,4dbbe232b7ef4f1a87f5fda84dd2a823d014546f0e3d7652f24582c51f00d21c,canonical
app/Domains/WorkCore/System/Modules/Workforce/Actions/AddWorkerCertification.php,b3a8789ffe256237c28e371d6530cc7dae6c5e8fd741552e4c8ba276ada48bab,canonical
app/Domains/WorkCore/System/Modules/Workforce/Actions/AssignWorkerSkill.php,779937d10e109475e1fa57a12775b7a73e064ec1d37b3f2563e45b416bff3f23,canonical
app/Domains/WorkCore/System/Modules/Workforce/Actions/CreateSkill.php,51f2c8e5739c46b411c0981f5f305e2f8982bdcd8de78a93b31983b6bcb2741b,canonical
app/Domains/WorkCore/System/Modules/Workforce/Actions/CreateWorker.php,0b09d7d6542667ef70b1d8e76a380744d9a0838948e4eed4b5aacdae03a3c6d9,canonical
app/Domains/WorkCore/System/Modules/Workforce/Actions/SearchWorkers.php,449ab7330bc9dbe1bcc7968e6376716f37081f1deddeff71bfa81c5ed5d63e12,canonical
app/Domains/WorkCore/System/Modules/Workforce/Contracts/WorkerRepositoryContract.php,73d8379ef1a6f633cf23450e722b126967914a13e954c7657bdb1639d03808fc,canonical
app/Domains/WorkCore/System/Modules/Workforce/Http/Controllers/WorkerController.php,006e2dfe360f29ab98678254de500fc8c39babd96bad94fb7116a4403ab62be7,canonical
app/Domains/WorkCore/System/Modules/Workforce/Http/Requests/AssignWorkerSkillRequest.php,4ddf779afefa5799ae7a840ad46970d47bd93b4a1158becc1d55455198ccf824,canonical
app/Domains/WorkCore/System/Modules/Workforce/Http/Requests/StoreCertificationRequest.php,3ba0c31b11bb0767df718c6ac533f8946c00cf69c87983c4a1734fc5179cd358,canonical
app/Domains/WorkCore/System/Modules/Workforce/Http/Requests/StoreSkillRequest.php,e4748ebfe17661d3b319c7ed6b7fa0c21edab0e70b6cd85e5f2c258cff00beaa,canonical
app/Domains/WorkCore/System/Modules/Workforce/Http/Requests/StoreWorkerRequest.php,0ee48db7edf621be9fc84d8585cd23ba9d89fac09497e60e3f3f6404373452f8,canonical
app/Domains/WorkCore/System/Modules/Workforce/Providers/WorkWorkforceServiceProvider.php,308ea2cfda05ee88c3957ac48bb3e6c4d82e3f9d763dc434207cc8dc1b5e63a6,canonical
app/Domains/WorkCore/System/Modules/Workforce/Repositories/EloquentWorkerRepository.php,729da335fe06adb1c88ca69da9144ca228c39c036808f853fb3808441fb8701c,canonical
app/Domains/WorkCore/System/Modules/Workforce/Services/CertificationStatusPolicy.php,e519970df93b64838579f8bb558b052023d4c9800823f796fc98863bfc9081ed,canonical
app/Domains/WorkCore/System/Modules/Workforce/Services/WorkerQualificationMatcher.php,ccb09e8ba7e6ec2a9429c6b887be2c9d9800b87ceb7b48a9d1571968168fb677,canonical
app/Domains/WorkCore/System/Modules/Workforce/routes/api.php,76db3922277524feb5b181d7f1740f9b2ea507a3d9bea287807deecdd72f8343,canonical
app/Domains/WorkCore/System/Notifications/NotificationDispatcherContract.php,f1e2e8bb2b449b0135c38a0baf17f6fcbb8bcb1fd2b8f24d0b6eee05b70d847a,canonical
app/Domains/WorkCore/System/Notifications/NotificationIntent.php,58d724ff0b8bf2ece9220cb072824ae791547dc6124475cb6d0fc39411ecaf9d,canonical
app/Domains/WorkCore/System/Outbox/DatabaseOutboxPublisher.php,30ba38fa5a9e383a4fd5dfbd647cde49c4d308bf855efea9b4efba8bfd40a533,canonical
app/Domains/WorkCore/System/Outbox/NullOutboxTransport.php,e7190e10db6d18d08bd971a43d12c9b0e0a66d382bb89af2b8bbaacd0076b591,canonical
app/Domains/WorkCore/System/Outbox/OutboxMessage.php,184091899d830c9d9cc56257a3badd47081b33d01130103a59e56239a0cafffb,canonical
app/Domains/WorkCore/System/Outbox/OutboxPublisherContract.php,249f6c5b8c26c9199422a69d80ad256a7887cd63cb11a3247f276b01054722f1,canonical
app/Domains/WorkCore/System/Outbox/OutboxTransportContract.php,ac329e2f84723c5ab705fb82d29d9b5fbd7472f17e1fcc64c1973c0b7cfa7dc0,canonical
app/Domains/WorkCore/System/Permissions/DenyByDefaultPermissionResolver.php,2d71106df7dc1e4e7535bdb19ad15fd0cf3cea4e8bafed6d6a8d1d62dac7de27,canonical
app/Domains/WorkCore/System/Permissions/MagicAIPermissionResolver.php,8966896130cb8d79310a93030732b604e6f36eb4e2bade9a2b76403acec741b0,canonical
app/Domains/WorkCore/System/Persistence/TenantScopedRepository.php,8e47dce777a5ec8d8cb812ac73cffa7bfbc5186edcc77d77ba5b0e55d8c79387,canonical
app/Domains/WorkCore/System/Queue/CarriesWorkCoreContext.php,a31d6d342d787aaf2c0e4edfc2aeef83bd5047946550b22989e8fd1b46b8c0b0,canonical
app/Domains/WorkCore/System/Queue/HasWorkCoreContext.php,1e0903af9c44d9713370ea55c1e583efef4db056fba4696269a630815d63388e,canonical
app/Domains/WorkCore/System/Queue/RestoreWorkCoreContext.php,51923d428763916b61d9a7742daef3268aeb58b93fa98468f408dce371c13f4e,canonical
app/Domains/WorkCore/System/Queue/WorkCoreContextPayloadFactory.php,9a54523d7e00089cf951668d4ed6fca4759ed79ffc100d1edf399a442204c7be,canonical
app/Domains/WorkCore/System/Queue/WorkCoreJob.php,1b1eb042e6c07b0a173b8be9e81fd910c1decc26fefaeeb7fe52e75241c37c0b,canonical
app/Domains/WorkCore/System/ReadModels/ReadModelDefinition.php,912515db01891ff21fc346c01043d58d140d6c184b6ec77efb61167a16efab76,canonical
app/Domains/WorkCore/System/ReadModels/ReadModelRegistry.php,6e41811a058b2a85cf8a3bb5807396e227c0455cc17b1670f3f97821c572819f,canonical
app/Domains/WorkCore/System/References/RecordTypeRegistry.php,b11b35889975f2aee28ab80f53e3659d36346734abe4a30faaccab006bb71f75,canonical
app/Domains/WorkCore/System/References/TypedReference.php,0fa03068ce9281037ea04e12700c699fbca1dd465bca84743906cbcabe721af2,canonical
app/Domains/WorkCore/System/Registry/WorkModuleRegistry.php,ac41b72dd405fdc21f487c5ca8be17cd335ae6daa51214c501f015d37ed19cd7,canonical
app/Domains/WorkCore/System/Support/HasPublicId.php,bd38e96c7f40866b19ba1349e1b060a08254554ccf45a603106bf6640d346cde,canonical
app/Domains/WorkCore/System/Support/helpers.php,65076bf7f1c1b5d948af17097573484e2e53f5e30f9ab074745098a7a87b355c,canonical
app/Domains/WorkCore/System/Tenancy/BelongsToCompany.php,38c19c291e8c323f7ce5fa6b3c56b6befbea2cc3c5ed7a2147e7c00d1db27dfb,canonical
app/Domains/WorkCore/System/Tenancy/MagicAITenantResolver.php,0de1a8491ad2ff0c2759a1ae41f372cc1908b0d74d373ed9aa94352d02bd0c05,canonical
app/Domains/WorkCore/System/Tenancy/NullTenantResolver.php,aced2618b10470dbccc8ac7be68b80c084b75a9773b42ae83a6bf0e8a9189fdc,canonical
app/Domains/WorkCore/System/Tenancy/ResolveWorkCoreTenant.php,ade5afa15e192c3e3526c0af8ce3ee55f7e619907dafe63e85d7772734e91969,canonical
app/Domains/WorkCore/System/Tenancy/TenantContext.php,845411a6f59f9a36b5859a7f86efc49453fdf37430bba969038a9483946e02a3,canonical
app/Domains/WorkCore/System/Validation/CompanyScopedReferenceValidator.php,a49ef9d978f04d6cd08cce2307ddafab97d90431f6321d8620af3ebcfa94a04a,canonical
app/Domains/WorkCore/System/Verticals/Actions/ApplyVerticalSetup.php,694a1f2d8afc79c7d4bc0e42bdf2572b4aabb0d8390cc4e1c50535ac4e49ddc7,canonical
app/Domains/WorkCore/System/Verticals/Actions/PreviewVerticalSetup.php,d95af09ef472797d78c221bbb54266f748f1e0de950387d7693b0dc3b2d41208,canonical
app/Domains/WorkCore/System/Verticals/Actions/UpdateBusinessLine.php,63a98bd99710b6521b5b7daabe091a60074eed8d17ad2906130349cd0672fb0d,canonical
app/Domains/WorkCore/System/Verticals/Codebooks/CodebookRegistry.php,a9b8084c0e6256c8e2d1e7d45ad28a70ba60b68819c03550ef6161814494dcf9,canonical
app/Domains/WorkCore/System/Verticals/Codebooks/CodebookResolver.php,5346a7a53de8581f90053464824c9ae8a72cf9cc3b1d80502ff6b76cf23ae8c0,canonical
app/Domains/WorkCore/System/Verticals/Codebooks/VerticalValidationRules.php,341461c9e562ec69d51cb2f989eae2076221fc61e97975331b6fc5c99b37d3f8,canonical
app/Domains/WorkCore/System/Verticals/CompanyVerticalManager.php,a2c4cde7c3b69609cc743a43113265a5e7174c9aad5839bf13414f043cc2ba34,canonical
app/Domains/WorkCore/System/Verticals/CompanyVerticalProfileResolver.php,f08cbb088a0282546d4d38a0d825248e3f17e800d98c271de9e0e9dbce11538e,canonical
app/Domains/WorkCore/System/Verticals/CompiledVerticalProfile.php,08b69d07a1b860406bffe4dc4796702527c2ea53972b1c3ea10590656c125375,canonical
app/Domains/WorkCore/System/Verticals/Operations/Actions/AssignWorkerBusinessLine.php,ba4e26adadd308586635bafd71e9baee6f449e0f4493de96b27fd007b7c275bb,canonical
app/Domains/WorkCore/System/Verticals/Operations/Actions/IssueWorkOrderCertificate.php,4f7442a5d9f06fa37e5bc99f83d95448c2613dcad416c53194e2e7bffab2ef6a,canonical
app/Domains/WorkCore/System/Verticals/Operations/Actions/UpsertTradeLicence.php,c7c41a84623ee7342bb205175c67801a928f40abd3dde465133c3f4221f7ce00,canonical
app/Domains/WorkCore/System/Verticals/Operations/OperationalBlueprint.php,abfc0b0cd4619d782c918b91d2e4b306bafae68419dd2dcf0b96d511d56d1951,canonical
app/Domains/WorkCore/System/Verticals/Operations/OperationalBlueprintCompiler.php,0a3043737a5866d1809e86c7ea6efef556d4d1fe29589006b0f5a9f6c9608007,canonical
app/Domains/WorkCore/System/Verticals/Operations/OperationalSeedInstaller.php,0d98f02b3da75f0462fdac479093c527ec8f3a38c8769c0f21e407064a422e9f,canonical
app/Domains/WorkCore/System/Verticals/Operations/ReadModels/ListTradeCompliance.php,3dc4b7a1351ef48356405de8b90ac2f842cab021608309f28c8e3ef7c0a29657,canonical
app/Domains/WorkCore/System/Verticals/Providers/WorkCoreVerticalOperationsServiceProvider.php,ae0f22c6b3bc820cfc4b8197551764d7ed35486783d07b3cfe8dea3df5b22290,canonical
app/Domains/WorkCore/System/Verticals/ReadModels/GetCompanyVerticalProfile.php,0a0cc15b35c1cce98d1d32fe152adbe44ee0d53c690ca696415dc63b889a1eb6,canonical
app/Domains/WorkCore/System/Verticals/ReadModels/ListVerticalCatalogue.php,3ff8fb38aba3d9eb0604105de6078cccfda4b9dc17fcd3fcdb9b292a354a1b32,canonical
app/Domains/WorkCore/System/Verticals/Setup/SetupAnswerValidator.php,3136c4f774fb2df4855eb203f34aa5fdcb962a670fac19e7f91e2b6d73632d19,canonical
app/Domains/WorkCore/System/Verticals/Setup/SetupQuestion.php,a1888ac8a8f070239e11bff6442a9cf3519f6b5b4faf91d29080b617146e49ed,canonical
app/Domains/WorkCore/System/Verticals/Setup/VerticalSetupApplicationService.php,9d3c78503043f42e8b63180a944436327ff97a7ddb34bbd1260688f7d94c3332,canonical
app/Domains/WorkCore/System/Verticals/Setup/VerticalSetupPlan.php,7b61821586aba3ad05ea49fb0943fa5d5180b4e0f968f31bbca10b2abd35e4bd,canonical
app/Domains/WorkCore/System/Verticals/Setup/VerticalSetupPlanCompiler.php,8805d44cdc107612990a3ebe57b3c911d264e97e12d87ef3a232b73f1d78c794,canonical
app/Domains/WorkCore/System/Verticals/Setup/VerticalSetupQuestionBank.php,dfa211d30888430ffd2622489c1630ecfadd01727e378fe1b6531dcdae673270,canonical
app/Domains/WorkCore/System/Verticals/TerminologyResolver.php,bf7acde766694b697e240abc92aba3fc61518676e592400c5a80024d3e68dd1d,canonical
app/Domains/WorkCore/System/Verticals/TradeCompliance/Actions/AddWorkOrderEvidence.php,0947d633eb488e0baeb24bda76defe8bac7203230fdb4fd782329a2b0392a297,canonical
app/Domains/WorkCore/System/Verticals/TradeCompliance/Actions/CreateWorkOrderCallback.php,9cbf2d52bf20a9ccf89740ffe3f7516a407d07904dd057f7c425a16c6fb2ca00,canonical
app/Domains/WorkCore/System/Verticals/TradeCompliance/Actions/PrepareWorkOrderCompliance.php,d5a0350f75f16b1887f5f2c12b03f6835bc79cc23b1b3302c9796dd80ab339c2,canonical
app/Domains/WorkCore/System/Verticals/TradeCompliance/Actions/RecordWorkOrderPermit.php,6fc2f9e415d1546791281db8c02c56e319e5316a56ca3475497927e28c3355ed,canonical
app/Domains/WorkCore/System/Verticals/TradeCompliance/Actions/RecordWorkOrderSafetyControl.php,e146e10023275c45cfc9b3c68f5737ae3c6df4bd21fbbcfb279804eed3ab8532,canonical
app/Domains/WorkCore/System/Verticals/TradeCompliance/Actions/RecordWorkOrderTestResult.php,f6cbcbccb7530749d0ac5d9f2e2f374d4a8501b8a2a31c0e21e1a9724d4c2f2d,canonical
app/Domains/WorkCore/System/Verticals/TradeCompliance/Actions/RegisterWorkOrderWarranty.php,968237246f51baf0878807e42dee47a1b812ce826f9c3f095378495d9ebd8c34,canonical
app/Domains/WorkCore/System/Verticals/TradeCompliance/Actions/UpsertTradeComplianceProfile.php,4e754248104b30062bca0fa1eeae2c477f7915bf93b7f15274424d867d468935,canonical
app/Domains/WorkCore/System/Verticals/TradeCompliance/ReadModels/GetWorkOrderTradeCompliance.php,c883b4740da5697e88abff5386d3a71e4c9b13409f38f2ad12d89b0b292d56fc,canonical
app/Domains/WorkCore/System/Verticals/TradeCompliance/ReadModels/ListTradeComplianceProfiles.php,3556de77eb3eb0c115d3ac051d24a24fee80628be4c44fc782e661df24107d02,canonical
app/Domains/WorkCore/System/Verticals/TradeCompliance/TradeComplianceActionSupport.php,2f1a1d7f74825ae4b6642753c8e7e5ef58bc207231653e69082dbe30da35c09e,canonical
app/Domains/WorkCore/System/Verticals/TradeCompliance/TradeCompliancePolicy.php,3596c584478275cb9a312d3cd4ce3c5df8ffd906ffb5b200240d195213595767,canonical
app/Domains/WorkCore/System/Verticals/TradeCompliance/TradeComplianceProfileResolver.php,844dec96434584ad23c86b369b21dbf191ca6b100a32107248ee4927129dfff9,canonical
app/Domains/WorkCore/System/Verticals/TradeCompliance/WorkOrderComplianceGate.php,72a72b7786355fa48a4cdae98c407890cecc99b0db6336a93ca8bf902f2045f5,canonical
app/Domains/WorkCore/System/Verticals/VerticalDefinition.php,3511e35e691328b4c946faf57fdbe9d5f7b871312df862b68946c0bb20d1b672,canonical
app/Domains/WorkCore/System/Verticals/VerticalProfileCompiler.php,5c9f832683c3e1cdf07ac3535f244be0ddd3742b7fcccb6a1ad3d8d264d48b38,canonical
app/Domains/WorkCore/System/Verticals/VerticalRegistry.php,922a578595b9f03a197cd50a2eddb441074dddb5b4df5f5fd0ca65472806dcc9,canonical
app/Domains/WorkCore/System/Verticals/Workflows/WorkflowResolver.php,d12d9b82c1c1b408603df11ae4dd26918a5d9d07ef547e13db26d6d99caf0310,canonical
app/Domains/WorkCore/Verticals/Definitions/accommodation_core.json,c4d681a0c80b5ecaa5329cf81085dbc2d8ef66d6cd6ed02b0f20c393a41c6305,canonical
app/Domains/WorkCore/Verticals/Definitions/cleaning.json,3c52151c30fa005214a667d11c18e4964a06f4b41776798e6a776c872f0faf3b,canonical
app/Domains/WorkCore/Verticals/Definitions/electrical.json,1272b68ed15b03ecdf933ef35504b53ab64b6c24460f921693d8e87be32f8943,canonical
app/Domains/WorkCore/Verticals/Definitions/facilities_management.json,f10e8549d1241797e93156533497921cf8ff56f070d238527cdc8ddfef312185,canonical
app/Domains/WorkCore/Verticals/Definitions/field_services_core.json,5b9e7ce81cdb72282b2a5632c110529ec3283c53a5fa1e89e88af3bcaa007245,canonical
app/Domains/WorkCore/Verticals/Definitions/gardening.json,5baeea51adeba33419ce25fec93fad719c27f6612e1babe844e782cc944eca86,canonical
app/Domains/WorkCore/Verticals/Definitions/handyman.json,7d575c10c81e0f86e21a4159602160d1399213b3c01b02e143f336b9d7d429b0,canonical
app/Domains/WorkCore/Verticals/Definitions/hotel_management.json,7ce20c7d795223f99e89de8b2eaa2db32819be0978a8803d89e2bbf153e056b0,canonical
app/Domains/WorkCore/Verticals/Definitions/licensed_trades_core.json,9cc6b49bf65df7a23154e0278de295a13a6dff0b1c46c70dde528d47e4101450,canonical
app/Domains/WorkCore/Verticals/Definitions/ndis_accommodation.json,0443b13c9beb06c0a57adc697bafc91ead7f64d5ff00f8ac4356a5240f074755,canonical
app/Domains/WorkCore/Verticals/Definitions/ndis_service_provider.json,dd0afc9c4640bc3aaf4d247a8a3e40506f1b0abd1c108edb994c5787bf4deee9,canonical
app/Domains/WorkCore/Verticals/Definitions/plumbing.json,0d6ff4c7d496269740a1b9ae6460e2ae56ee4d219c9229743f487a1feea3f352,canonical
app/Domains/WorkCore/Verticals/Definitions/premises_services_core.json,29e3d7c2b31b767463861a73d9076f7d9171ac786ff2ebc5169222305f48efa7,canonical
app/Domains/WorkCore/Verticals/Definitions/pressure_washing.json,9c994b67b786d76d6890642463d4f309af7b7fc745f050aacd5aa45c53d457be,canonical
app/Domains/WorkCore/Verticals/Definitions/property_management.json,11b6d02e1b19426d90bf975b34cd9a1c15dfbc62f5ce21ef996536a9c5eb8eb1,canonical
app/Domains/WorkCore/Verticals/Definitions/real_estate_sales.json,7c6ec0d37b1ffa6af3ef1d5ead6fef9df806b1ebed668f32a0d951b9eba1338d,canonical
app/Domains/WorkCore/Verticals/Definitions/regulated_care_core.json,c388ab64019b38eb41eae378cbab3f9ee6119c8da4969bd220ed81ffa3e10b9f,canonical
app/Domains/WorkCore/Verticals/Definitions/rooming_house_management.json,729f40f2b4539bb574e2a642ed763b5c53ef3608e65090b674e4b4133a9f3c34,canonical
app/Domains/WorkCore/Verticals/Definitions/short_stay_management.json,464eec8ee4ec7dba43b07626ca4d8af084ea24f5ce5d25d479a715fb5910845a,canonical
app/Domains/WorkCore/Verticals/Definitions/student_accommodation.json,3b48da42e05aeaec8a51c318ab669f4d10469d204def581b04e0488cfc1203be,canonical
app/Domains/WorkCore/WorkCoreServiceProvider.php,a2eaca47dce31252aec86744351d3f18cdf3dfd8f57cddb4266eb93dcef6b819,canonical
config/README.md,310793526ae59f2a04756eb6a9ca37959ea9efb7d01efe1689a8cc0fe32b0612,canonical
integration/meetup-overlay/README.md,f95fb390d9ed2338657f01e5af05b98829003d18474141f9527acf8dfeb5fab6,canonical
integration/meetup-overlay/app/Application/TitanZero/WorkCore/WorkCoreCommandGateway.php,ceb0c5b3d5d2d0898f99a2965c184fe9415b80d993e972b0ef24dbbeb1bee948,canonical
integration/meetup-overlay/app/Application/TitanZero/WorkCore/WorkCoreConfirmationGrantGateway.php,5f3b6fe029987570078f2e60747280b7e122f21b1412b2bdfa94f3acd3ebedc7,canonical
integration/meetup-overlay/app/Application/TitanZero/WorkCore/WorkCoreConfirmationPolicy.php,3d7d04c6ed78e17da8aa503a4479b63b9e2296c72f30a56e56aecdb8aad857d7,canonical
integration/meetup-overlay/app/Application/TitanZero/WorkCore/WorkCoreQueryGateway.php,261e8c359aa96ebece415900912bdfe9ecb7c27163ddb9a26fb87e16cefa898d,canonical
integration/meetup-overlay/app/Application/TitanZero/WorkCore/WorkCoreReferenceResolver.php,d4d47e1d989c09ca97cd9825e0d10a2f3badbba7b3fb51493f65469d760aaaa8,canonical
integration/meetup-overlay/app/Application/TitanZero/WorkCore/WorkCoreResultCardFactory.php,0c285f985fdae7113add8a994eb71eeb87e1600aa805b2d7438661a98a6c0120,canonical
integration/meetup-overlay/app/Http/Middleware/ResolveActiveWorkCoreCompany.php,8ebeb54918a2d0d28102fd2e5bab3690e9c30bab750667723292c1d56f5c3acd,canonical
integration/meetup-overlay/app/Integration/WorkCore/Entitlements/MeetupEntitlementResolver.php,f495fd73c09e41a2f02a76e8480faf17431134773169b16e858f49641efcac76,canonical
integration/meetup-overlay/app/Integration/WorkCore/Identity/MeetupWorkCoreActorAdapter.php,e0f242a3bf9c64a54f496a16c637a9ea244e52b86e7bf4d8694d64a23620675b,canonical
integration/meetup-overlay/app/Integration/WorkCore/Permissions/MeetupPermissionResolver.php,de675018b0f781a8e138e658eab55d5a1f51f08aedff407aa36ad939da057851,canonical
integration/meetup-overlay/app/Integration/WorkCore/Providers/MeetupWorkCoreIntegrationServiceProvider.php,26ca52c76378eb82ce60e032d7a49befc755f48b960606e846a92b24a7487582,canonical
integration/meetup-overlay/app/Integration/WorkCore/Tenancy/MeetupTenantResolver.php,f843f29861693b574df3f0a63bfa701dd616702cef52be8d7abc18c93e6010b4,canonical
integration/meetup-overlay/bootstrap-provider-entry.txt,395d1d012b8c99d0956388cd671e1b47aa1ad910d94592e5e72c455529695b1f,canonical
integration/meetup-overlay/composer-fragment.json,4c3aeace591e6e6a6ecdd58738e3a356737b03ec44b9d769e4a37c6fac62ebc0,canonical
integration/meetup-overlay/config/workcore-host-fragment.php,ec8f1bd627b1f32d7fb5e0e791a439f08509a73d93ec0d8b9514242955d75eb0,canonical
integration/meetup-overlay/docs/DEEPSEEK_IMPLEMENTATION_REVIEW.md,8b2841665c649beee2218e12ba6bb41be3ffd533000d7968d1790b9dd7e182a2,canonical
integration/meetup-overlay/docs/PASS5_ACTIVATION_CHECKLIST.md,ea7eff787f5f7aef6ff8d8a1b01d88830a1f0dcc56c0ecd78f60a60486075dff,canonical
integration/meetup-overlay/installation-manifest.json,1a2ed1acbbf9eb3d74e18426da1ca5b93628355bcece2cbaf5c9c607ab974e3d,canonical
integration/meetup-overlay/scripts/validate-meetup-overlay.php,6cd0a15288ab3eeada7d9cf344b27420604b5ce0a4e01801e6da87e51351d53e,canonical
tests/ArchitectureTest.php,904bd529f77acd99ceefbe0b7675be79571004dbb254798856a1ae09d42589d4,canonical
tests/domain-kernel-smoke.php,1c1c4c28ad7ea8eaae6f4a291d825a37715e527b86cdd11088eab91110ec7478,canonical
tests/pass3-additive-convergence-gate.php,3cb2a58804a46f1e157031a0cde1cbf18ede771644402ae11424cd4588a1d753,canonical
tests/pass3-ai-expansion-smoke.php,2ab8dee20fdec0aff00217712b4b03af40f8a144b766213f574ad378cb7b7feb,canonical
tests/pass3-feature-behaviour-smoke.php,70ad8ced2a48ad2a0ec5c19f64166facf777a65a3baa407523bc13a119dde9ff,canonical
tests/pass3-feature-delta-gate.php,299d84d388d45c8c1f761f0d99a8b41bd56dc0c5a382674d398c0b8468d118b4,canonical
tests/pass3-static-gates.php,a9bcfd9ef0c07f4b8f158f0d2c9ee9a47ecaaaee1fa3892b75dc2a42a28365db,canonical
tests/pass5-confirmation-grant-smoke.php,143043f3fa354f2d04096cda9878183fece2879c16b7a015b26401ea0362b8f6,canonical
tests/pass5-overlay-static-gates.php,326c7c5a5a8a1807bb2f3a2f897bdd64df617e2b7dbf7ba2c9fe516cb86a4bbf,canonical
tests/pass6-authority-static-gates.php,bd8657a59ca87b404c18132e36d0834b1add31db2b610f6cad2e45e3fbf1a028,canonical
tests/provider-registration-smoke.php,eff7e182e9952d808104137bdb821f41bd7c4552dc3d477b1b175c52abb5ce94,canonical
tests/queue-context-smoke.php,81bec381939eef6c48fe5da6f30903fc54fa4a24c59eaf7163d25c3e2f7873a7,canonical
